PROCESO,CODIGO_CARRERA,UNI_CODIGO,NOMBRE_CARRERA,NOMBRE_UNIVERSIDAD,REGION_CASA_MATRIZ,%_NOTAS,%_Ranking,%_LENG,%_MATE1,%_MATE2,%_HYCS,%_CIEN,EXIGE_MATE2,PROM_MINIMO_LENMAT,PONDERADO_MINIMO,VACANTES_1SEM,SC_1S,VACANTES_2SEM,SC_2S,PRUEBA_ESPECIAL,TIPO_PE,PONDERACION_PE,PO_ALTERNATIVA,CDP_VACANTES_ESPECIALES,CAR_PEDAGOGIA,CAR_MIN_RKG,CAR_SEL_PEDA,PACE,CAR_VACANTES_PACE,REG_CODIGO,VACANTES_GENERO,CAR_CIENCIAS_TECNOLOGIA
2026,11001,11,ARQUITECTURA,UNIVERSIDAD DE CHILE,13,10,20,20,30,10,10.0,10.0,S,458,,120,30.0,90.0,,N,,,S,5.0,N,,0,S,2,13,,N
2026,11003,11,ACTUACIÓN TEATRAL,UNIVERSIDAD DE CHILE,13,10,10,10,10,0,10.0,,N,458,,23,,,,S,PONDERA,50.0,N,3.0,N,,0,S,3,13,,N
2026,11004,11,DISEÑO TEATRAL,UNIVERSIDAD DE CHILE,13,10,20,25,20,0,25.0,,N,458,,25,,,,N,,,N,2.0,N,,0,S,2,13,,N
2026,11005,11,DISEÑO,UNIVERSIDAD DE CHILE,13,10,30,25,25,0,10.0,10.0,N,458,,65,20.0,50.0,,N,,,S,5.0,N,,0,S,3,13,,N
2026,11011,11,"ARTES VISUALES, LIC. EN ARTES CON MENCIÓN EN",UNIVERSIDAD DE CHILE,13,10,20,35,10,0,25.0,,N,458,,90,7.0,,,N,,,N,5.0,N,,0,S,3,13,,N
2026,11016,11,"TEORÍA E HISTORIA DEL ARTE, LIC. EN ARTES CON MENCIÓN EN",UNIVERSIDAD DE CHILE,13,10,20,35,10,0,25.0,,N,458,,40,,,,N,,,N,2.0,N,,0,S,3,13,,N
2026,11017,11,TEORÍA DE LA MÚSICA,UNIVERSIDAD DE CHILE,13,10,20,30,15,0,25.0,,N,458,,20,,,,N,,,N,5.0,N,,0,S,2,13,,N
2026,11020,11,INGENIERÍA AGRONÓMICA,UNIVERSIDAD DE CHILE,13,20,40,10,20,0,10.0,10.0,N,458,,130,70.0,,,N,,,S,3.0,N,,0,S,3,13,,N
2026,11021,11,INGENIERÍA FORESTAL,UNIVERSIDAD DE CHILE,13,10,35,10,25,0,20.0,20.0,N,458,,80,51.0,,,N,,,S,5.0,N,,0,S,4,13,,N
2026,11022,11,MEDICINA VETERINARIA,UNIVERSIDAD DE CHILE,13,10,20,20,35,0,,15.0,N,458,,180,30.0,,,N,,,N,5.0,N,,0,S,2,13,,N
2026,11024,11,INGENIERÍA EN RECURSOS NATURALES RENOVABLES,UNIVERSIDAD DE CHILE,13,20,40,10,15,5,10.0,10.0,S,458,,65,40.0,,,N,,,S,8.0,N,,0,S,5,13,5.0,S
2026,11026,11,CONTADOR AUDITOR,UNIVERSIDAD DE CHILE,13,10,20,10,35,15,10.0,10.0,S,458,,72,27.0,,,N,,,S,3.0,N,,0,S,2,13,,N
2026,11027,11,INGENIERÍA EN INFORMACIÓN Y CONTROL DE GESTIÓN,UNIVERSIDAD DE CHILE,13,10,20,10,35,15,10.0,10.0,S,458,,143,63.0,,,N,,,S,3.0,N,,0,S,3,13,,N
2026,11028,11,PEDAGOGÍA EN EDUCACIÓN MEDIA EN MATEMÁTICA Y FÍSICA,UNIVERSIDAD DE CHILE,13,10,20,20,20,15,,15.0,S,458,,55,5.0,,,N,,,N,5.0,S,,0,S,4,13,,N
2026,11029,11,BIOLOGÍA CON MENCIÓN EN MEDIO AMBIENTE,UNIVERSIDAD DE CHILE,13,10,20,20,10,15,,25.0,S,458,,35,5.0,,,N,,,N,3.0,N,,0,S,2,13,,S
2026,11030,11,BIOQUÍMICA,UNIVERSIDAD DE CHILE,13,10,20,10,20,10,,30.0,S,458,,39,10.0,,,N,,,N,5.0,N,,0,S,2,13,,S
2026,11031,11,INGENIERÍA EN ALIMENTOS,UNIVERSIDAD DE CHILE,13,10,20,10,20,10,,30.0,S,458,,39,10.0,,,N,,,N,5.0,N,,0,S,2,13,,S
2026,11032,11,LIC. EN CIENCIAS CON MENCIÓN EN BIOLOGÍA,UNIVERSIDAD DE CHILE,13,10,20,20,15,15,,20.0,S,458,,25,5.0,,,N,,,N,3.0,N,,0,S,2,13,,S
2026,11033,11,LIC. EN CIENCIAS CON MENCIÓN EN FÍSICA,UNIVERSIDAD DE CHILE,13,10,20,20,20,20,,10.0,S,458,,45,5.0,,,N,,,N,3.0,N,,0,S,2,13,5.0,S
2026,11034,11,LIC. EN CIENCIAS CON MENCIÓN EN MATEMÁTICAS,UNIVERSIDAD DE CHILE,13,10,20,20,20,20,,10.0,S,458,,35,5.0,,,N,,,N,3.0,N,,0,S,2,13,5.0,S
2026,11035,11,QUÍMICA,UNIVERSIDAD DE CHILE,13,10,20,10,20,10,,30.0,S,458,,39,10.0,,,N,,,N,5.0,N,,0,S,2,13,3.0,S
2026,11036,11,LIC. EN CIENCIAS CON MENCIÓN EN QUÍMICA,UNIVERSIDAD DE CHILE,13,10,20,20,10,15,,25.0,S,458,,20,5.0,,,N,,,N,3.0,N,,0,S,2,13,,S
2026,11037,11,QUÍMICA Y FARMACIA,UNIVERSIDAD DE CHILE,13,10,20,10,20,10,,30.0,S,458,,145,8.0,,,N,,,N,5.0,N,,0,S,2,13,,N
2026,11038,11,QUÍMICA AMBIENTAL,UNIVERSIDAD DE CHILE,13,10,20,20,10,15,,25.0,S,458,,20,5.0,,,N,,,N,3.0,N,,0,S,2,13,,S
2026,11039,11,INGENIERÍA EN BIOTECNOLOGÍA MOLECULAR,UNIVERSIDAD DE CHILE,13,10,20,20,10,15,,25.0,S,458,,35,5.0,,,N,,,N,5.0,N,,0,S,2,13,,S
2026,11040,11,ADMINISTRACIÓN PÚBLICA,UNIVERSIDAD DE CHILE,13,10,30,20,20,0,20.0,,N,458,,160,10.0,,,N,,,N,10.0,N,,0,S,6,13,,N
2026,11042,11,INGENIERÍA COMERCIAL,UNIVERSIDAD DE CHILE,13,10,20,10,35,15,10.0,10.0,S,458,,400,100.0,,,N,,,S,30.0,N,,0,S,2,13,,N
2026,11045,11,INGENIERÍA Y CIENCIAS - PLAN COMÚN,UNIVERSIDAD DE CHILE,13,10,25,10,20,20,,15.0,S,458,,710,72.0,,,N,,,N,55.0,N,,0,S,2,13,85.0,S
2026,11055,11,DERECHO,UNIVERSIDAD DE CHILE,13,20,20,25,10,0,25.0,,N,458,,400,30.0,,,N,,,N,10.0,N,,0,S,3,13,,N
2026,11060,11,ANTROPOLOGÍA - ARQUEOLOGÍA,UNIVERSIDAD DE CHILE,13,20,20,20,15,0,25.0,25.0,N,458,,100,5.0,,,N,,,S,5.0,N,,0,S,3,13,,N
2026,11061,11,"FILOSOFÍA, LICENCIATURA EN",UNIVERSIDAD DE CHILE,13,10,20,35,15,0,20.0,,N,458,,80,30.0,,,N,,,N,5.0,N,,0,S,5,13,,N
2026,11062,11,GEOGRAFÍA,UNIVERSIDAD DE CHILE,13,10,25,20,25,0,20.0,20.0,N,458,,40,8.0,,,N,,,S,3.0,N,,0,S,3,13,,N
2026,11063,11,"HISTORIA, LICENCIATURA EN",UNIVERSIDAD DE CHILE,13,10,20,20,15,0,35.0,,N,458,,90,15.0,,,N,,,N,5.0,N,,0,S,1,13,,N
2026,11065,11,"LINGÜÍSTICA Y LITERATURA INGLESAS, LICENCIATURA EN",UNIVERSIDAD DE CHILE,13,10,20,30,15,0,25.0,,N,458,,78,17.0,,,N,,,N,5.0,N,,0,S,3,13,,N
2026,11068,11,PERIODISMO,UNIVERSIDAD DE CHILE,13,15,25,25,20,0,15.0,,N,458,,122,18.0,,,N,,,N,9.0,N,,0,S,3,13,,N
2026,11069,11,PSICOLOGÍA,UNIVERSIDAD DE CHILE,13,10,30,25,20,0,15.0,15.0,N,458,,55,5.0,,,N,,,S,15.0,N,,0,S,5,13,,N
2026,11070,11,SOCIOLOGÍA,UNIVERSIDAD DE CHILE,13,20,20,25,20,0,15.0,,N,458,,110,5.0,,,N,,,N,8.0,N,,0,S,5,13,,N
2026,11072,11,"LINGÜÍSTICA Y LITERATURA CON MENCIÓN, LICENCIATURA EN",UNIVERSIDAD DE CHILE,13,10,20,35,15,0,20.0,,N,458,,100,20.0,,,N,,,N,5.0,N,,0,S,2,13,,N
2026,11078,11,"BACHILLERATO, PROGRAMA ACADÉMICO DE",UNIVERSIDAD DE CHILE,13,20,20,25,25,0,10.0,10.0,N,458,,300,92.0,,,N,,,S,10.0,N,,0,S,4,13,,S
2026,11080,11,ENFERMERÍA,UNIVERSIDAD DE CHILE,13,10,20,15,20,0,,35.0,N,458,,97,20.0,,,N,,,N,11.0,N,,0,S,2,13,,N
2026,11081,11,FONOAUDIOLOGÍA,UNIVERSIDAD DE CHILE,13,10,20,15,20,0,,35.0,N,458,,50,15.0,,,N,,,N,4.0,N,,0,S,2,13,,N
2026,11082,11,KINESIOLOGÍA,UNIVERSIDAD DE CHILE,13,10,20,15,20,0,,35.0,N,458,,42,8.0,,,N,,,N,9.0,N,,0,S,2,13,,N
2026,11083,11,MEDICINA,UNIVERSIDAD DE CHILE,13,10,20,15,20,0,,35.0,N,458,,190,5.0,,,N,,,N,9.0,N,,0,S,3,13,,N
2026,11084,11,NUTRICIÓN Y DIETÉTICA,UNIVERSIDAD DE CHILE,13,10,20,15,20,0,,35.0,N,458,,46,8.0,,,N,,,N,9.0,N,,0,S,2,13,,N
2026,11085,11,OBSTETRICIA Y PUERICULTURA,UNIVERSIDAD DE CHILE,13,10,20,15,20,0,,35.0,N,458,,76,20.0,,,N,,,N,8.0,N,,0,S,3,13,,N
2026,11086,11,TECNOLOGÍA MÉDICA,UNIVERSIDAD DE CHILE,13,10,20,15,20,0,,35.0,N,458,,86,15.0,,,N,,,N,6.0,N,,0,S,2,13,,N
2026,11087,11,TERAPIA OCUPACIONAL,UNIVERSIDAD DE CHILE,13,10,20,20,20,0,,30.0,N,458,,55,14.0,,,N,,,N,9.0,N,,0,S,4,13,,N
2026,11090,11,CINE Y TELEVISIÓN,UNIVERSIDAD DE CHILE,13,15,25,25,20,0,15.0,15.0,N,458,,69,9.0,,,N,,,S,6.0,N,,0,S,4,13,,N
2026,11095,11,ODONTOLOGÍA,UNIVERSIDAD DE CHILE,13,10,20,15,20,0,,35.0,N,458,,98,30.0,,,N,,,N,9.0,N,,0,S,3,13,,N
2026,11097,11,LICENCIADO/A EN ARTES CON MENCIÓN EN COMPOSICIÓN,UNIVERSIDAD DE CHILE,13,10,10,10,10,0,10.0,,N,458,,20,,,,S,PONDERA,50.0,N,2.0,N,,0,S,2,13,,N
2026,11508,11,DANZA,UNIVERSIDAD DE CHILE,13,10,10,10,10,0,10.0,,N,458,,25,,,,S,PONDERA,50.0,N,2.0,N,,0,S,4,13,,N
2026,11520,11,TRABAJO SOCIAL,UNIVERSIDAD DE CHILE,13,20,20,25,20,0,15.0,15.0,N,458,,75,5.0,,,N,,,S,2.0,N,,0,S,5,13,,N
2026,11521,11,PEDAGOGÍA EN EDUCACIÓN MEDIA EN BIOLOGÍA Y QUÍMICA,UNIVERSIDAD DE CHILE,13,10,20,20,15,10,,25.0,S,458,,50,5.0,,,N,,,N,5.0,S,,0,S,2,13,,N
2026,11522,11,PEDAGOGÍA EN EDUCACIÓN PARVULARIA,UNIVERSIDAD DE CHILE,13,30,20,20,15,0,15.0,15.0,N,458,,55,10.0,,,N,,,S,5.0,S,,0,S,5,13,,N
2026,11523,11,PEDAGOGÍA EN EDUCACIÓN BÁSICA,UNIVERSIDAD DE CHILE,13,10,20,25,25,0,20.0,20.0,N,458,,30,10.0,,,N,,,S,3.0,S,,0,S,10,13,,N
2026,11524,11,INGENIERÍA EN SONIDO,UNIVERSIDAD DE CHILE,13,10,20,20,30,10,,10.0,S,458,,24,3.0,,,N,,,N,5.0,N,,0,S,3,13,3.0,S
2026,11525,11,ESTUDIOS INTERNACIONALES,UNIVERSIDAD DE CHILE,13,15,20,25,20,0,20.0,,N,458,,35,7.0,,,N,,,N,3.0,N,,0,S,4,13,,N
2026,11526,11,CIENCIA POLÍTICA,UNIVERSIDAD DE CHILE,13,10,30,20,20,0,20.0,,N,458,,65,5.0,,,N,,,N,3.0,N,,0,S,6,13,,N
2026,11527,11,INGENIERÍA EN RECURSOS HÍDRICOS,UNIVERSIDAD DE CHILE,13,10,30,10,25,5,20.0,20.0,S,458,,40,55.0,,,N,,,S,5.0,N,,0,S,4,13,8.0,S
2026,11528,11,PEDAGOGÍA EN EDUCACIÓN FÍSICA,UNIVERSIDAD DE CHILE,13,20,20,20,15,0,25.0,25.0,N,458,,45,5.0,,,N,,,S,3.0,S,,0,S,4,13,,N
2026,11529,11,PEDAGOGÍA EN EDUCACIÓN ESPECIAL,UNIVERSIDAD DE CHILE,13,20,20,20,20,0,20.0,20.0,N,458,,50,5.0,,,N,,,S,3.0,S,,0,S,4,13,,N
2026,12004,12,ARQUITECTURA,PONTIFICIA UNIVERSIDAD CATOLICA DE CHILE,13,20,20,15,35,0,10.0,10.0,N,485,,60,5.0,76.0,7.0,N,,,S,1.0,N,,0,S,3,13,,N
2026,12005,12,ARTE,PONTIFICIA UNIVERSIDAD CATOLICA DE CHILE,13,20,30,20,15,0,15.0,,N,485,,87,10.0,,,N,,,N,2.0,N,,0,S,2,13,,N
2026,12006,12,DISEÑO,PONTIFICIA UNIVERSIDAD CATOLICA DE CHILE,13,25,25,20,20,0,10.0,10.0,N,485,,80,6.0,98.0,10.0,N,,,S,1.0,N,,0,S,3,13,,N
2026,12007,12,ACTUACIÓN,PONTIFICIA UNIVERSIDAD CATOLICA DE CHILE,13,12,12,16,10,0,10.0,,N,485,,45,1.0,,,S,PONDERA,40.0,N,1.0,N,,0,S,5,13,,N
2026,12008,12,LETRAS HISPÁNICAS,PONTIFICIA UNIVERSIDAD CATOLICA DE CHILE,13,25,25,25,15,0,10.0,,N,485,,60,3.0,,,N,,,N,1.0,N,,0,S,2,13,,N
2026,12009,12,LETRAS INGLESAS,PONTIFICIA UNIVERSIDAD CATOLICA DE CHILE,13,25,25,25,15,0,10.0,,N,485,,38,10.0,,,N,,,N,1.0,N,,0,S,2,13,,N
2026,12010,12,BIOQUÍMICA,PONTIFICIA UNIVERSIDAD CATOLICA DE CHILE,13,20,20,10,30,0,,20.0,N,485,,40,5.0,,,N,,,N,3.0,N,,0,S,3,13,,S
2026,12011,12,BIOLOGÍA,PONTIFICIA UNIVERSIDAD CATOLICA DE CHILE,13,20,20,10,25,0,,25.0,N,485,,65,13.0,,,N,,,N,1.0,N,,0,S,3,13,,S
2026,12012,12,BIOLOGÍA MARINA,PONTIFICIA UNIVERSIDAD CATOLICA DE CHILE,13,20,20,10,25,0,,25.0,N,485,,30,6.0,,,N,,,N,2.0,N,,0,S,3,13,,S
2026,12013,12,AGRONOMÍA E INGENIERÍA FORESTAL,PONTIFICIA UNIVERSIDAD CATOLICA DE CHILE,13,20,30,10,30,0,,10.0,N,485,,210,28.0,,,N,,,N,2.0,N,,0,S,5,13,,N
2026,12014,12,INGENIERÍA COMERCIAL,PONTIFICIA UNIVERSIDAD CATOLICA DE CHILE,13,20,20,10,30,10,10.0,10.0,S,485,,418,35.0,,,N,,,S,2.0,N,,0,S,5,13,,N
2026,12015,12,TEOLOGÍA,PONTIFICIA UNIVERSIDAD CATOLICA DE CHILE,13,25,25,25,10,0,15.0,,N,485,,10,10.0,,,N,,,N,2.0,N,,0,S,2,13,,N
2026,12017,12,PSICOLOGÍA,PONTIFICIA UNIVERSIDAD CATOLICA DE CHILE,13,25,25,10,20,0,20.0,20.0,N,485,,125,10.0,,,N,,,S,4.0,N,,0,S,3,13,,N
2026,12018,12,TRABAJO SOCIAL,PONTIFICIA UNIVERSIDAD CATOLICA DE CHILE,13,25,25,15,15,0,20.0,,N,485,,70,13.0,,,N,,,N,2.0,N,,0,S,3,13,,N
2026,12019,12,SOCIOLOGÍA,PONTIFICIA UNIVERSIDAD CATOLICA DE CHILE,13,20,25,20,20,0,15.0,,N,485,,76,15.0,,,N,,,N,1.0,N,,0,S,4,13,,N
2026,12021,12,DERECHO,PONTIFICIA UNIVERSIDAD CATOLICA DE CHILE,13,20,20,25,10,0,25.0,,N,485,,325,14.0,,,N,,,N,4.0,N,,0,S,5,13,,N
2026,12022,12,ANTROPOLOGÍA- ARQUEOLOGÍA,PONTIFICIA UNIVERSIDAD CATOLICA DE CHILE,13,20,25,20,20,0,15.0,,N,485,,70,8.0,,,N,,,N,2.0,N,,0,S,3,13,,N
2026,12024,12,PEDAGOGIA EN EDUCACIÓN GENERAL BÁSICA,PONTIFICIA UNIVERSIDAD CATOLICA DE CHILE,13,25,25,20,20,0,10.0,10.0,N,485,,150,16.0,,,N,,,S,1.0,S,,0,S,5,13,,N
2026,12025,12,PEDAGOGÍA EN EDUCACIÓN PARVULARIA,PONTIFICIA UNIVERSIDAD CATOLICA DE CHILE,13,25,25,20,20,0,10.0,10.0,N,485,,80,7.0,,,N,,,S,1.0,S,,0,S,4,13,,N
2026,12026,12,COLLEGE ARTES Y HUMANIDADES,PONTIFICIA UNIVERSIDAD CATOLICA DE CHILE,13,20,20,25,25,0,10.0,,N,485,,60,12.0,,,N,,,N,2.0,N,,0,S,8,13,,N
2026,12027,12,COLLEGE CIENCIAS NATURALES Y MATEMÁTICAS,PONTIFICIA UNIVERSIDAD CATOLICA DE CHILE,13,20,20,10,35,0,,15.0,N,485,,350,60.0,,,N,,,N,5.0,N,,0,S,10,13,,S
2026,12028,12,COLLEGE CIENCIAS SOCIALES,PONTIFICIA UNIVERSIDAD CATOLICA DE CHILE,13,20,20,25,25,0,10.0,,N,485,,370,60.0,,,N,,,N,5.0,N,,0,S,10,13,,N
2026,12029,12,LICENCIATURA EN INTERPRETACIÓN MUSICAL,PONTIFICIA UNIVERSIDAD CATOLICA DE CHILE,13,12,12,12,14,0,10.0,10.0,N,485,,16,4.0,,,S,PONDERA,40.0,S,1.0,N,,0,S,2,13,,N
2026,12030,12,FILOSOFÍA,PONTIFICIA UNIVERSIDAD CATOLICA DE CHILE,13,25,25,25,15,0,10.0,,N,485,,25,11.0,,,N,,,N,1.0,N,,0,S,2,13,,N
2026,12031,12,FÍSICA,PONTIFICIA UNIVERSIDAD CATOLICA DE CHILE,13,20,10,10,45,0,,15.0,N,485,,31,4.0,,,N,,,N,3.0,N,,0,S,3,13,,S
2026,12032,12,ASTRONOMÍA,PONTIFICIA UNIVERSIDAD CATOLICA DE CHILE,13,20,20,10,35,0,,15.0,N,485,,28,1.0,,,N,,,N,5.0,N,,0,S,3,13,,S
2026,12033,12,MEDICINA VETERINARIA,PONTIFICIA UNIVERSIDAD CATOLICA DE CHILE,13,20,20,20,25,0,,15.0,N,485,,115,20.0,,,N,,,N,1.0,N,,0,S,2,13,,N
2026,12034,12,GEOGRAFÍA,PONTIFICIA UNIVERSIDAD CATOLICA DE CHILE,13,20,20,20,25,0,15.0,15.0,N,485,,50,9.0,,,N,,,S,2.0,N,,0,S,3,13,,N
2026,12035,12,HISTORIA,PONTIFICIA UNIVERSIDAD CATOLICA DE CHILE,13,20,20,15,10,0,35.0,,N,485,,60,10.0,,,N,,,N,2.0,N,,0,S,4,13,,N
2026,12037,12,CIENCIA POLÍTICA,PONTIFICIA UNIVERSIDAD CATOLICA DE CHILE,13,20,25,20,20,0,15.0,,N,485,,35,2.0,,,N,,,N,2.0,N,,0,S,3,13,,N
2026,12038,12,CONSTRUCCIÓN CIVIL,PONTIFICIA UNIVERSIDAD CATOLICA DE CHILE,13,20,20,10,40,0,,10.0,N,485,,205,37.0,,,N,,,N,4.0,N,,0,S,7,13,,S
2026,12039,12,INGENIERÍA,PONTIFICIA UNIVERSIDAD CATOLICA DE CHILE,13,20,20,10,25,10,,15.0,S,485,,650,30.0,,,N,,,N,15.0,N,,0,S,12,13,,S
2026,12041,12,PEDAGOGÍA EN EDUCACIÓN MEDIA EN CIENCIAS NATURALES Y BIOLOGÍA,PONTIFICIA UNIVERSIDAD CATOLICA DE CHILE,13,20,20,10,40,0,,10.0,N,485,,25,6.0,,,N,,,N,1.0,S,,0,S,3,13,,N
2026,12042,12,PEDAGOGÍA EN EDUCACIÓN MEDIA EN QUÍMICA,PONTIFICIA UNIVERSIDAD CATOLICA DE CHILE,13,20,20,10,40,0,,10.0,N,485,,20,12.0,,,N,,,N,1.0,S,,0,S,3,13,,N
2026,12043,12,PEDAGOGÍA EN EDUCACIÓN MEDIA EN MATEMÁTICA,PONTIFICIA UNIVERSIDAD CATOLICA DE CHILE,13,20,20,10,35,5,,10.0,S,485,,40,5.0,,,N,,,N,1.0,S,,0,S,3,13,,N
2026,12044,12,PEDAGOGÍA EN EDUCACIÓN MEDIA EN FÍSICA,PONTIFICIA UNIVERSIDAD CATOLICA DE CHILE,13,20,20,10,40,0,,10.0,N,485,,10,3.0,,,N,,,N,1.0,S,,0,S,3,13,,N
2026,12046,12,PERIODISMO - DIRECCIÓN AUDIOVISUAL - PUBLICIDAD,PONTIFICIA UNIVERSIDAD CATOLICA DE CHILE,13,15,25,25,20,0,15.0,,N,485,,125,10.0,,,N,,,N,2.0,N,,0,S,4,13,,N
2026,12049,12,ESTADÍSTICA,PONTIFICIA UNIVERSIDAD CATOLICA DE CHILE,13,20,10,10,45,5,,10.0,S,485,,40,5.0,,,N,,,N,1.0,N,,0,S,3,13,,S
2026,12050,12,PEDAGOGÍA EN EDUCACIÓN FÍSICA Y SALUD PARA EDUCACIÓN BÁSICA Y MEDIA,PONTIFICIA UNIVERSIDAD CATOLICA DE CHILE,13,20,30,10,30,0,,10.0,N,485,,60,6.0,,,N,,,N,1.0,S,,0,S,2,13,,N
2026,12051,12,MATEMÁTICA,PONTIFICIA UNIVERSIDAD CATOLICA DE CHILE,13,20,10,10,45,0,,15.0,N,485,,40,11.0,,,N,,,N,1.0,N,,0,S,3,13,,S
2026,12052,12,TERAPIA OCUPACIONAL,PONTIFICIA UNIVERSIDAD CATOLICA DE CHILE,13,20,20,20,20,0,,20.0,N,485,,77,13.0,,,N,,,N,3.0,N,,0,S,3,13,,N
2026,12054,12,QUÍMICA,PONTIFICIA UNIVERSIDAD CATOLICA DE CHILE,13,20,20,10,35,0,,15.0,N,485,,35,8.0,,,N,,,N,2.0,N,,0,S,4,13,,S
2026,12055,12,QUÍMICA Y FARMACIA,PONTIFICIA UNIVERSIDAD CATOLICA DE CHILE,13,20,20,10,35,0,,15.0,N,485,,70,8.0,,,N,,,N,5.0,N,,0,S,4,13,,N
2026,12056,12,ODONTOLOGÍA,PONTIFICIA UNIVERSIDAD CATOLICA DE CHILE,13,20,25,10,20,0,,25.0,N,485,,62,24.0,,,N,,,N,1.0,N,,0,S,3,13,,N
2026,12057,12,ENFERMERÍA,PONTIFICIA UNIVERSIDAD CATOLICA DE CHILE,13,20,25,10,20,0,,25.0,N,485,,120,45.0,,,N,,,N,1.0,N,,0,S,2,13,,N
2026,12058,12,MEDICINA,PONTIFICIA UNIVERSIDAD CATOLICA DE CHILE,13,20,20,15,20,0,,25.0,N,485,,82,,,,N,,,N,2.0,N,,0,S,2,13,,N
2026,12059,12,LICENCIATURA EN MÚSICA,PONTIFICIA UNIVERSIDAD CATOLICA DE CHILE,13,12,12,12,14,0,10.0,10.0,N,485,,25,25.0,,,S,PONDERA,40.0,S,1.0,N,,0,S,2,13,,N
2026,12060,12,NUTRICIÓN Y DIETÉTICA,PONTIFICIA UNIVERSIDAD CATOLICA DE CHILE,13,20,25,10,20,0,,25.0,N,485,,65,17.0,,,N,,,N,3.0,N,,0,S,7,13,,N
2026,12061,12,KINESIOLOGÍA,PONTIFICIA UNIVERSIDAD CATOLICA DE CHILE,13,20,25,10,20,0,,25.0,N,485,,80,25.0,,,N,,,N,2.0,N,,0,S,6,13,,N
2026,12062,12,FONOAUDIOLOGÍA,PONTIFICIA UNIVERSIDAD CATOLICA DE CHILE,13,20,25,10,20,0,,25.0,N,485,,64,26.0,,,N,,,N,2.0,N,,0,S,5,13,,N
2026,12070,12,PEDAGOGÍA EN INGLÉS PARA EDUCACIÓN BÁSICA Y MEDIA,PONTIFICIA UNIVERSIDAD CATOLICA DE CHILE,13,20,20,30,20,0,10.0,,N,485,,50,5.0,,,N,,,N,1.0,S,,0,S,2,13,,N
2026,12071,12,ADMINISTRACIÓN PÚBLICA,PONTIFICIA UNIVERSIDAD CATOLICA DE CHILE,13,20,20,20,30,0,10.0,10.0,N,485,,90,10.0,,,N,,,S,1.0,N,,0,S,3,13,,N
2026,12088,12,PEDAGOGÍA EN EDUCACIÓN ESPECIAL,PONTIFICIA UNIVERSIDAD CATOLICA DE CHILE,13,20,20,20,20,0,20.0,,N,485,,60,4.0,,,N,,,N,1.0,S,,0,S,2,13,,N
2026,12089,12,LICENCIATURA EN INGENIERÍA EN CIENCIA DE DATOS,PONTIFICIA UNIVERSIDAD CATOLICA DE CHILE,13,20,20,10,30,10,,10.0,S,485,,80,15.0,,,N,,,N,2.0,N,,0,S,3,13,,S
2026,12096,12,PEDAGOGIA EN EDUCACIÓN GENERAL BÁSICA,PONTIFICIA UNIVERSIDAD CATOLICA DE CHILE,13,10,40,20,20,0,10.0,10.0,N,485,,35,25.0,,,N,,,S,3.0,S,,0,S,5,9,,N
2026,12097,12,PEDAGOGÍA EN EDUCACIÓN PARVULARIA,PONTIFICIA UNIVERSIDAD CATOLICA DE CHILE,13,10,40,20,20,0,10.0,10.0,N,485,,35,35.0,,,N,,,S,3.0,S,,0,S,5,9,,N
2026,12100,12,LICENCIATURA EN INGENIERÍA EN CIENCIA DE LA COMPUTACIÓN,PONTIFICIA UNIVERSIDAD CATOLICA DE CHILE,13,20,20,10,25,10,,15.0,S,485,,100,12.0,,,N,,,N,2.0,N,,0,S,3,13,,S
2026,12101,12,INGENIERÍA EN RECURSOS NATURALES,PONTIFICIA UNIVERSIDAD CATOLICA DE CHILE,13,15,25,10,25,10,,15.0,S,485,,85,13.0,,,N,,,N,1.0,N,,0,S,2,13,,S
2026,13001,13,LICENCIATURA EN QUIMICA - QUIMICO,UNIVERSIDAD DE CONCEPCION,8,15,25,10,30,0,,20.0,N,485,500.0,25,6.0,,,N,,,N,2.0,N,,0,S,4,8,5.0,S
2026,13002,13,LICENCIATURA EN MATEMATICA,UNIVERSIDAD DE CONCEPCION,8,10,15,15,30,20,,10.0,S,485,500.0,20,8.0,,,N,,,N,3.0,N,,0,S,8,8,1.0,S
2026,13003,13,INGENIERIA CIVIL MATEMATICA,UNIVERSIDAD DE CONCEPCION,8,15,20,15,25,15,,10.0,S,485,500.0,35,5.0,,,N,,,N,2.0,N,,0,S,9,8,1.0,S
2026,13004,13,QUIMICO ANALISTA,UNIVERSIDAD DE CONCEPCION,8,15,25,15,35,0,,10.0,N,485,500.0,35,15.0,,,N,,,N,2.0,N,,0,S,5,8,3.0,S
2026,13006,13,AGRONOMIA (CHILLAN),UNIVERSIDAD DE CONCEPCION,8,15,25,15,30,5,,10.0,S,485,500.0,70,18.0,,,N,,,N,5.0,N,,0,S,6,16,,N
2026,13007,13,MEDICINA VETERINARIA (CHILLAN),UNIVERSIDAD DE CONCEPCION,8,15,25,15,35,0,,10.0,N,485,500.0,85,19.0,,,N,,,N,5.0,N,,0,S,7,16,,N
2026,13008,13,INGENIERIA FORESTAL,UNIVERSIDAD DE CONCEPCION,8,20,25,15,30,0,,10.0,N,485,500.0,30,15.0,,,N,,,N,2.0,N,,0,S,3,8,,N
2026,13009,13,INGENIERIA CIVIL AGRICOLA (CHILLAN),UNIVERSIDAD DE CONCEPCION,8,15,25,15,25,10,,10.0,S,485,500.0,35,7.0,,,N,,,N,5.0,N,,0,S,7,16,2.0,S
2026,13011,13,MEDICINA VETERINARIA (CONCEPCION),UNIVERSIDAD DE CONCEPCION,8,15,25,15,35,0,,10.0,N,485,500.0,80,10.0,,,N,,,N,5.0,N,,0,S,8,8,,N
2026,13012,13,BIOINGENIERIA,UNIVERSIDAD DE CONCEPCION,8,15,25,15,25,10,,10.0,S,485,500.0,46,18.0,,,N,,,N,4.0,N,,0,S,7,8,,S
2026,13013,13,BIOLOGIA MARINA,UNIVERSIDAD DE CONCEPCION,8,15,25,15,35,0,,10.0,N,485,500.0,30,10.0,,,N,,,N,2.0,N,,0,S,7,8,1.0,S
2026,13014,13,BIOLOGIA,UNIVERSIDAD DE CONCEPCION,8,15,25,15,35,0,,10.0,N,485,500.0,60,18.0,,,N,,,N,4.0,N,,0,S,9,8,1.0,S
2026,13015,13,GEOLOGIA,UNIVERSIDAD DE CONCEPCION,8,15,25,20,30,0,,10.0,N,485,500.0,35,5.0,,,N,,,N,2.0,N,,0,S,5,8,,S
2026,13016,13,INGENIERIA EN BIOTECNOLOGIA MARINA Y ACUICULTURA,UNIVERSIDAD DE CONCEPCION,8,15,25,10,35,5,,10.0,S,485,500.0,20,8.0,,,N,,,N,4.0,N,,0,S,5,8,1.0,S
2026,13018,13,GEOGRAFIA,UNIVERSIDAD DE CONCEPCION,8,15,25,25,25,0,10.0,10.0,N,485,500.0,55,11.0,,,N,,,S,6.0,N,,0,S,12,8,,N
2026,13019,13,INGENIERIA COMERCIAL (CONCEPCION),UNIVERSIDAD DE CONCEPCION,8,15,25,15,30,5,10.0,10.0,S,485,500.0,130,22.0,,,N,,,S,3.0,N,,0,S,11,8,,N
2026,13020,13,INGENIERIA EN BIOTECNOLOGIA VEGETAL,UNIVERSIDAD DE CONCEPCION,8,15,25,15,30,5,,10.0,S,485,500.0,40,25.0,,,N,,,N,2.0,N,,0,S,4,8,2.0,S
2026,13022,13,AUDITORIA,UNIVERSIDAD DE CONCEPCION,8,15,25,20,30,0,10.0,,N,485,500.0,60,5.0,,,N,,,N,3.0,N,,0,S,10,8,,N
2026,13023,13,ADMINISTRACION PUBLICA Y CIENCIA POLITICA,UNIVERSIDAD DE CONCEPCION,8,15,25,20,10,0,30.0,,N,485,500.0,70,10.0,,,N,,,N,3.0,N,,0,S,13,8,,N
2026,13024,13,DERECHO,UNIVERSIDAD DE CONCEPCION,8,15,25,25,25,0,10.0,,N,485,500.0,145,25.0,,,N,,,N,3.0,N,,0,S,8,8,,N
2026,13025,13,TRABAJO SOCIAL,UNIVERSIDAD DE CONCEPCION,8,15,25,25,25,0,10.0,,N,485,500.0,70,13.0,,,N,,,N,2.0,N,,0,S,2,8,,N
2026,13026,13,ANTROPOLOGIA,UNIVERSIDAD DE CONCEPCION,8,15,25,20,25,0,15.0,15.0,N,485,500.0,66,24.0,,,N,,,S,2.0,N,,0,S,5,8,,N
2026,13027,13,EDUCACION PARVULARIA,UNIVERSIDAD DE CONCEPCION,8,15,25,25,25,0,10.0,,N,502,500.0,40,5.0,,,N,,,N,2.0,S,,0,S,12,8,,N
2026,13028,13,EDUCACION DIFERENCIAL,UNIVERSIDAD DE CONCEPCION,8,15,25,25,25,0,10.0,,N,502,500.0,40,4.0,,,N,,,N,2.0,S,,0,S,12,8,,N
2026,13029,13,DERECHO (CHILLAN),UNIVERSIDAD DE CONCEPCION,8,15,25,25,25,0,10.0,,N,485,500.0,65,7.0,,,N,,,N,3.0,N,,0,S,5,16,,N
2026,13030,13,INGENIERIA COMERCIAL (CHILLAN),UNIVERSIDAD DE CONCEPCION,8,15,25,15,30,5,10.0,10.0,S,485,500.0,60,8.0,,,N,,,S,3.0,N,,0,S,6,16,,N
2026,13031,13,PERIODISMO,UNIVERSIDAD DE CONCEPCION,8,15,25,30,15,0,15.0,,N,485,500.0,50,12.0,,,N,,,N,3.0,N,,0,S,6,8,,N
2026,13032,13,EDUCACIÓN BÁSICA,UNIVERSIDAD DE CONCEPCION,8,15,25,25,25,0,10.0,,N,502,500.0,80,15.0,,,N,,,N,2.0,S,,0,S,12,8,,N
2026,13035,13,PEDAGOGIA EN CS. NATURALES Y BIOLOGIA,UNIVERSIDAD DE CONCEPCION,8,15,25,20,25,0,,15.0,N,502,500.0,25,10.0,,,N,,,N,2.0,S,,0,S,10,8,,N
2026,13036,13,PEDAGOGIA EN CS. NATURALES Y FISICA,UNIVERSIDAD DE CONCEPCION,8,15,25,20,25,0,,15.0,N,502,500.0,20,10.0,,,N,,,N,2.0,S,,0,S,12,8,,N
2026,13037,13,PEDAGOGIA EN CS. NATURALES Y QUIMICA,UNIVERSIDAD DE CONCEPCION,8,15,25,20,25,0,,15.0,N,502,500.0,20,10.0,,,N,,,N,2.0,S,,0,S,12,8,,N
2026,13039,13,PEDAGOGIA EN EDUCACION MUSICAL,UNIVERSIDAD DE CONCEPCION,8,15,25,20,20,0,20.0,,N,502,500.0,25,5.0,,,N,,,N,2.0,S,,0,S,7,8,,N
2026,13040,13,PEDAGOGIA EN HISTORIA Y GEOGRAFIA,UNIVERSIDAD DE CONCEPCION,8,15,25,20,10,0,30.0,,N,502,500.0,45,10.0,,,N,,,N,2.0,S,,0,S,10,8,,N
2026,13041,13,PEDAGOGIA EN ESPAÑOL,UNIVERSIDAD DE CONCEPCION,8,15,25,25,25,0,10.0,,N,502,500.0,40,,,,N,,,N,2.0,S,,0,S,10,8,,N
2026,13042,13,PEDAGOGIA EN FILOSOFIA,UNIVERSIDAD DE CONCEPCION,8,15,25,25,10,0,25.0,,N,502,500.0,20,10.0,,,N,,,N,2.0,S,,0,S,13,8,,N
2026,13043,13,INGENIERIA EN CONSERVACION DE RECURSOS NATURALES,UNIVERSIDAD DE CONCEPCION,8,15,25,15,30,5,,10.0,S,485,500.0,40,5.0,,,N,,,N,2.0,N,,0,S,4,8,1.0,S
2026,13044,13,INGENIERIA AMBIENTAL (CHILLAN),UNIVERSIDAD DE CONCEPCION,8,15,25,15,25,10,,10.0,S,485,500.0,40,15.0,,,N,,,N,5.0,N,,0,S,7,16,2.0,S
2026,13046,13,CIENCIAS FISICAS,UNIVERSIDAD DE CONCEPCION,8,10,20,20,30,10,,10.0,S,485,500.0,45,7.0,,,N,,,N,2.0,N,,0,S,7,8,1.0,S
2026,13048,13,BIOQUIMICA,UNIVERSIDAD DE CONCEPCION,8,15,25,15,35,0,,10.0,N,485,500.0,55,13.0,,,N,,,N,2.0,N,,0,S,5,8,,S
2026,13049,13,QUIMICA Y FARMACIA,UNIVERSIDAD DE CONCEPCION,8,15,25,15,30,0,,15.0,N,485,500.0,82,28.0,,,N,,,N,2.0,N,,0,S,5,8,,N
2026,13050,13,NUTRICION Y DIETETICA,UNIVERSIDAD DE CONCEPCION,8,15,25,15,35,0,,10.0,N,485,500.0,65,23.0,,,N,,,N,2.0,N,,0,S,2,8,,N
2026,13052,13,BACHILLERATO EN HUMANIDADES,UNIVERSIDAD DE CONCEPCION,8,15,25,25,10,0,25.0,,N,485,500.0,40,25.0,,,N,,,N,3.0,N,,0,S,7,8,,N
2026,13054,13,ARTES VISUALES,UNIVERSIDAD DE CONCEPCION,8,15,25,30,10,0,20.0,,N,485,500.0,50,10.0,,,N,,,N,2.0,N,,0,S,1,8,,N
2026,13055,13,ASTRONOMIA,UNIVERSIDAD DE CONCEPCION,8,15,25,20,20,10,,10.0,S,485,500.0,35,10.0,,,N,,,N,1.0,N,,0,S,4,8,1.0,S
2026,13056,13,GEOFISICA,UNIVERSIDAD DE CONCEPCION,8,15,25,20,20,10,,10.0,S,485,500.0,35,12.0,,,N,,,N,2.0,N,,0,S,8,8,,S
2026,13057,13,PEDAGOGIA EN INGLES,UNIVERSIDAD DE CONCEPCION,8,15,25,25,25,0,10.0,,N,502,500.0,55,7.0,,,N,,,N,2.0,S,,0,S,5,8,,N
2026,13058,13,TRADUCCION/INTERPRETACION EN IDIOMAS EXTRANJEROS,UNIVERSIDAD DE CONCEPCION,8,15,25,25,25,0,10.0,,N,485,500.0,73,12.0,,,N,,,N,2.0,N,,0,S,4,8,,N
2026,13059,13,LICENCIATURA EN HISTORIA,UNIVERSIDAD DE CONCEPCION,8,15,25,20,10,0,30.0,,N,485,500.0,30,10.0,,,N,,,N,5.0,N,,0,S,7,8,,N
2026,13060,13,TEATRO,UNIVERSIDAD DE CONCEPCION,8,15,25,25,15,0,20.0,,N,485,500.0,40,10.0,,,N,,,N,4.0,N,,0,S,6,8,,N
2026,13061,13,INGENIERIA AMBIENTAL,UNIVERSIDAD DE CONCEPCION,8,15,25,15,25,10,,10.0,S,485,500.0,55,15.0,,,N,,,N,2.0,N,,0,S,5,8,1.0,S
2026,13062,13,INGENIERIA CIVIL BIOMEDICA,UNIVERSIDAD DE CONCEPCION,8,20,15,15,25,15,,10.0,S,485,500.0,58,22.0,,,N,,,N,4.0,N,,0,S,8,8,1.0,S
2026,13064,13,INGENIERIA CIVIL EN TELECOMUNICACIONES,UNIVERSIDAD DE CONCEPCION,8,20,15,15,25,15,,10.0,S,485,500.0,20,6.0,,,N,,,N,6.0,N,,0,S,5,8,1.0,S
2026,13065,13,INGENIERIA ESTADISTICA,UNIVERSIDAD DE CONCEPCION,8,15,25,15,25,10,,10.0,S,485,500.0,25,3.0,,,N,,,N,2.0,N,,0,S,7,8,1.0,S
2026,13066,13,INGENIERIA CIVIL AEROESPACIAL,UNIVERSIDAD DE CONCEPCION,8,20,15,15,25,15,,10.0,S,485,500.0,18,2.0,,,N,,,N,2.0,N,,0,S,5,8,1.0,S
2026,13067,13,PSICOLOGIA,UNIVERSIDAD DE CONCEPCION,8,15,25,20,30,0,,10.0,N,485,500.0,59,13.0,,,N,,,N,1.0,N,,0,S,5,8,,N
2026,13068,13,"INGENIERIA CIVIL, PRIMER AÑO COMUN",UNIVERSIDAD DE CONCEPCION,8,20,15,15,25,15,,10.0,S,485,500.0,190,30.0,,,N,,,N,2.0,N,,0,S,11,8,1.0,S
2026,13069,13,INGENIERIA CIVIL,UNIVERSIDAD DE CONCEPCION,8,20,15,15,25,15,,10.0,S,485,500.0,98,12.0,,,N,,,N,2.0,N,,0,S,8,8,1.0,S
2026,13070,13,INGENIERIA CIVIL ELECTRICA,UNIVERSIDAD DE CONCEPCION,8,20,15,15,25,15,,10.0,S,485,500.0,53,5.0,,,N,,,N,4.0,N,,0,S,5,8,1.0,S
2026,13071,13,INGENIERIA CIVIL ELECTRONICA,UNIVERSIDAD DE CONCEPCION,8,20,15,15,25,15,,10.0,S,485,500.0,58,6.0,,,N,,,N,4.0,N,,0,S,8,8,1.0,S
2026,13072,13,INGENIERIA CIVIL INDUSTRIAL,UNIVERSIDAD DE CONCEPCION,8,20,15,15,25,15,,10.0,S,485,500.0,113,7.0,,,N,,,N,2.0,N,,0,S,12,8,1.0,S
2026,13073,13,INGENIERIA CIVIL INFORMATICA,UNIVERSIDAD DE CONCEPCION,8,20,15,15,25,15,,10.0,S,485,500.0,53,5.0,,,N,,,N,2.0,N,,0,S,8,8,1.0,S
2026,13074,13,INGENIERIA CIVIL MECANICA,UNIVERSIDAD DE CONCEPCION,8,20,15,15,25,15,,10.0,S,485,500.0,70,8.0,,,N,,,N,4.0,N,,0,S,5,8,1.0,S
2026,13075,13,INGENIERIA CIVIL METALURGICA,UNIVERSIDAD DE CONCEPCION,8,20,15,15,25,15,,10.0,S,485,500.0,75,13.0,,,N,,,N,2.0,N,,0,S,7,8,1.0,S
2026,13076,13,INGENIERIA CIVIL QUIMICA,UNIVERSIDAD DE CONCEPCION,8,20,15,15,25,15,,10.0,S,485,500.0,73,7.0,,,N,,,N,4.0,N,,0,S,8,8,1.0,S
2026,13077,13,SOCIOLOGIA,UNIVERSIDAD DE CONCEPCION,8,15,25,20,20,0,20.0,,N,485,500.0,65,21.0,,,N,,,N,3.0,N,,0,S,5,8,,N
2026,13078,13,INGENIERIA COMERCIAL (LOS ANGELES),UNIVERSIDAD DE CONCEPCION,8,15,25,15,30,5,10.0,10.0,S,485,500.0,70,8.0,,,N,,,S,3.0,N,,0,S,7,8,,N
2026,13079,13,PEDAGOGIA EN CS. NATURALES Y BIOLOGIA (LOS ANGELES),UNIVERSIDAD DE CONCEPCION,8,15,25,20,25,0,,15.0,N,502,500.0,20,7.0,,,N,,,N,5.0,S,,0,S,12,8,,N
2026,13080,13,ARQUITECTURA,UNIVERSIDAD DE CONCEPCION,8,15,25,25,25,0,10.0,,N,485,500.0,71,6.0,,,N,,,N,2.0,N,,0,S,5,8,,N
2026,13081,13,TECNOLOGIA MEDICA,UNIVERSIDAD DE CONCEPCION,8,15,25,15,35,0,,10.0,N,485,500.0,73,,,,N,,,N,1.0,N,,0,S,4,8,,N
2026,13082,13,FONOAUDIOLOGIA,UNIVERSIDAD DE CONCEPCION,8,15,25,15,35,0,,10.0,N,485,500.0,58,17.0,,,N,,,N,2.0,N,,0,S,3,8,,N
2026,13083,13,KINESIOLOGIA,UNIVERSIDAD DE CONCEPCION,8,15,25,20,25,0,,15.0,N,485,500.0,68,,,,N,,,N,2.0,N,,0,S,4,8,,N
2026,13085,13,INGENIERIA EN BIOTECNOLOGIA VEGETAL (LOS ANGELES),UNIVERSIDAD DE CONCEPCION,8,15,25,15,30,5,,10.0,S,485,500.0,20,10.0,,,N,,,N,3.0,N,,0,S,7,8,4.0,S
2026,13086,13,MEDICINA,UNIVERSIDAD DE CONCEPCION,8,15,25,15,35,0,,10.0,N,485,500.0,100,,,,N,,,N,2.0,N,,0,S,3,8,,N
2026,13087,13,ENFERMERIA (CONCEPCION),UNIVERSIDAD DE CONCEPCION,8,15,25,25,25,0,,10.0,N,485,500.0,103,57.0,,,N,,,N,2.0,N,,0,S,3,8,,N
2026,13088,13,OBSTETRICIA Y PUERICULTURA,UNIVERSIDAD DE CONCEPCION,8,15,25,20,25,0,,15.0,N,485,500.0,80,,,,N,,,N,1.0,N,,0,S,3,8,,N
2026,13089,13,EDUCACION DIFERENCIAL (LOS ANGELES),UNIVERSIDAD DE CONCEPCION,8,15,25,25,25,0,10.0,,N,502,500.0,35,7.0,,,N,,,N,5.0,S,,0,S,12,8,,N
2026,13091,13,ODONTOLOGIA,UNIVERSIDAD DE CONCEPCION,8,15,25,25,25,0,,10.0,N,485,500.0,75,31.0,,,N,,,N,1.0,N,,0,S,4,8,,N
2026,13092,13,EDUCACIÓN BÁSICA (LOS ANGELES),UNIVERSIDAD DE CONCEPCION,8,15,25,25,25,0,10.0,,N,502,500.0,35,5.0,,,N,,,N,5.0,S,,0,S,12,8,,N
2026,13093,13,INGENIERIA GEOMATICA (LOS ANGELES),UNIVERSIDAD DE CONCEPCION,8,15,25,15,30,5,,10.0,S,485,500.0,30,10.0,,,N,,,N,3.0,N,,0,S,7,8,6.0,S
2026,13094,13,AUDITORIA - DIURNA (LOS ANGELES),UNIVERSIDAD DE CONCEPCION,8,15,25,20,30,0,10.0,,N,485,500.0,40,5.0,,,N,,,N,3.0,N,,0,S,7,8,,N
2026,13101,13,PEDAGOGIA EN EDUCACION FISICA,UNIVERSIDAD DE CONCEPCION,8,15,25,25,20,0,,15.0,N,502,500.0,70,20.0,,,N,,,N,2.0,S,,0,S,8,8,,N
2026,13102,13,INGENIERIA CIVIL DE MINAS,UNIVERSIDAD DE CONCEPCION,8,20,15,15,25,15,,10.0,S,485,500.0,70,10.0,,,N,,,N,4.0,N,,0,S,7,8,1.0,S
2026,13103,13,ENFERMERIA (CHILLAN),UNIVERSIDAD DE CONCEPCION,8,15,25,25,25,0,,10.0,N,485,500.0,58,16.0,,,N,,,N,2.0,N,,0,S,4,16,,N
2026,13104,13,ENFERMERIA (LOS ANGELES),UNIVERSIDAD DE CONCEPCION,8,15,25,25,25,0,,10.0,N,485,500.0,58,10.0,,,N,,,N,2.0,N,,0,S,3,8,,N
2026,13105,13,AGRONOMIA (CONCEPCION),UNIVERSIDAD DE CONCEPCION,8,15,25,15,30,5,,10.0,S,485,500.0,55,11.0,,,N,,,N,5.0,N,,0,S,6,8,,N
2026,13106,13,PEDAGOGIA EN INGLES (LOS ANGELES),UNIVERSIDAD DE CONCEPCION,8,15,25,25,25,0,10.0,,N,502,500.0,30,5.0,,,N,,,N,5.0,S,,0,S,12,8,,N
2026,13107,13,PEDAGOGIA EN ARTES VISUALES,UNIVERSIDAD DE CONCEPCION,8,15,25,25,20,0,15.0,,N,502,500.0,20,2.0,,,N,,,N,2.0,S,,0,S,13,8,,N
2026,13108,13,PEDAGOGIA EN MATEMATICA,UNIVERSIDAD DE CONCEPCION,8,15,25,15,25,10,,10.0,S,502,500.0,40,3.0,,,N,,,N,2.0,S,,0,S,13,8,,N
2026,13111,13,PEDAGOGIA EN MATEMATICA (LOS ANGELES),UNIVERSIDAD DE CONCEPCION,8,15,25,15,25,10,,10.0,S,502,500.0,20,2.0,,,N,,,N,5.0,S,,0,S,12,8,,N
2026,13112,13,PEDAGOGIA EN ESPAÑOL (LOS ANGELES),UNIVERSIDAD DE CONCEPCION,8,15,25,25,25,0,10.0,,N,502,500.0,25,,,,N,,,N,2.0,S,,0,S,8,8,,N
2026,13114,13,BACHILLERATO EN CIENCIAS E INNOVACIÓN,UNIVERSIDAD DE CONCEPCION,8,20,20,20,20,0,,20.0,N,485,500.0,60,,,,N,,,N,,N,,0,S,1,8,,S
2026,14001,14,AGRONOMIA,PONTIFICIA UNIVERSIDAD CATOLICA DE VALPARAISO,5,20,20,20,30,0,10.0,10.0,N,485,,70,20.0,,,N,,,S,3.0,N,,0,S,4,5,,N
2026,14002,14,ARQUITECTURA,PONTIFICIA UNIVERSIDAD CATOLICA DE VALPARAISO,5,20,20,25,25,0,10.0,10.0,N,485,,90,15.0,,,N,,,S,2.0,N,,0,S,5,5,,N
2026,14003,14,DISEÑO,PONTIFICIA UNIVERSIDAD CATOLICA DE VALPARAISO,5,20,20,25,25,0,10.0,10.0,N,485,,65,20.0,,,N,,,S,2.0,N,,0,S,5,5,,N
2026,14004,14,LICENCIATURA EN ARTE,PONTIFICIA UNIVERSIDAD CATOLICA DE VALPARAISO,5,20,20,30,20,0,10.0,10.0,N,485,,50,20.0,,,N,,,S,3.0,N,,0,S,4,5,,N
2026,14005,14,INGENIERIA COMERCIAL,PONTIFICIA UNIVERSIDAD CATOLICA DE VALPARAISO,5,20,20,15,30,5,10.0,10.0,S,485,,130,20.0,,,N,,,S,2.0,N,,0,S,5,5,,N
2026,14006,14,CONTADOR AUDITOR,PONTIFICIA UNIVERSIDAD CATOLICA DE VALPARAISO,5,20,20,20,30,0,10.0,10.0,N,485,,90,20.0,,,N,,,S,2.0,N,,0,S,6,5,,N
2026,14007,14,PERIODISMO,PONTIFICIA UNIVERSIDAD CATOLICA DE VALPARAISO,5,20,20,30,20,0,10.0,10.0,N,485,,85,15.0,,,N,,,S,2.0,N,,0,S,4,5,,N
2026,14008,14,TRABAJO SOCIAL,PONTIFICIA UNIVERSIDAD CATOLICA DE VALPARAISO,5,20,20,30,20,0,10.0,10.0,N,485,,55,20.0,,,N,,,S,2.0,N,,0,S,4,5,,N
2026,14009,14,BACHILLERATO EN CIENCIAS,PONTIFICIA UNIVERSIDAD CATOLICA DE VALPARAISO,5,20,20,20,30,0,10.0,10.0,N,485,,30,20.0,,,N,,,S,3.0,N,,0,S,4,5,5.0,S
2026,14012,14,BIOQUIMICA,PONTIFICIA UNIVERSIDAD CATOLICA DE VALPARAISO,5,20,20,20,30,0,10.0,10.0,N,485,,70,15.0,,,N,,,S,3.0,N,,0,S,6,5,8.0,S
2026,14013,14,QUIMICA INDUSTRIAL,PONTIFICIA UNIVERSIDAD CATOLICA DE VALPARAISO,5,20,20,20,30,0,10.0,10.0,N,485,,15,10.0,,,N,,,S,3.0,N,,0,S,4,5,3.0,S
2026,14014,14,PEDAGOGIA EN QUIMICA Y CIENCIAS NATURALES,PONTIFICIA UNIVERSIDAD CATOLICA DE VALPARAISO,5,20,20,20,30,0,10.0,10.0,N,485,,20,10.0,,,N,,,S,3.0,S,,1,S,10,5,,N
2026,14015,14,KINESIOLOGIA,PONTIFICIA UNIVERSIDAD CATOLICA DE VALPARAISO,5,20,20,25,25,0,10.0,10.0,N,485,,80,20.0,,,N,,,S,2.0,N,,0,S,5,5,,N
2026,14016,14,PEDAGOGIA EN EDUCACION FISICA,PONTIFICIA UNIVERSIDAD CATOLICA DE VALPARAISO,5,20,20,25,25,0,10.0,10.0,N,485,,65,15.0,,,N,,,S,3.0,S,,1,S,10,5,,N
2026,14018,14,GEOGRAFIA,PONTIFICIA UNIVERSIDAD CATOLICA DE VALPARAISO,5,20,20,25,25,0,10.0,10.0,N,485,,30,10.0,,,N,,,S,3.0,N,,0,S,4,5,,N
2026,14030,14,DERECHO,PONTIFICIA UNIVERSIDAD CATOLICA DE VALPARAISO,5,20,20,30,20,0,10.0,10.0,N,485,,195,30.0,,,N,,,S,2.0,N,,0,S,5,5,,N
2026,14032,14,PEDAGOGIA EN EDUCACION ESPECIAL M/DISCAPACIDAD INTELECTUAL O M/DIFICULTA,PONTIFICIA UNIVERSIDAD CATOLICA DE VALPARAISO,5,20,20,30,20,0,10.0,10.0,N,485,,60,15.0,,,N,,,S,3.0,S,,1,S,10,5,,N
2026,14033,14,PEDAGOGIA EN EDUCACION BASICA,PONTIFICIA UNIVERSIDAD CATOLICA DE VALPARAISO,5,20,20,30,20,0,10.0,10.0,N,485,,50,15.0,,,N,,,S,3.0,S,,1,S,10,5,,N
2026,14034,14,EDUCACION PARVULARIA,PONTIFICIA UNIVERSIDAD CATOLICA DE VALPARAISO,5,20,20,30,20,0,10.0,10.0,N,485,,30,15.0,,,N,,,S,3.0,S,,1,S,10,5,,N
2026,14037,14,PEDAGOGIA EN INGLES,PONTIFICIA UNIVERSIDAD CATOLICA DE VALPARAISO,5,20,20,30,20,0,10.0,10.0,N,485,,75,15.0,,,N,,,S,3.0,S,,1,S,10,5,,N
2026,14038,14,INTERPRETACION O TRADUCCION (INGLES-ESPAÑOL),PONTIFICIA UNIVERSIDAD CATOLICA DE VALPARAISO,5,20,20,30,20,0,10.0,10.0,N,485,,65,20.0,,,N,,,S,2.0,N,,0,S,5,5,,N
2026,14040,14,PSICOLOGIA,PONTIFICIA UNIVERSIDAD CATOLICA DE VALPARAISO,5,20,20,25,25,0,10.0,10.0,N,485,,80,15.0,,,N,,,S,2.0,N,,0,S,5,5,,N
2026,14060,14,INGENIERIA CIVIL BIOQUIMICA,PONTIFICIA UNIVERSIDAD CATOLICA DE VALPARAISO,5,20,20,15,30,5,10.0,10.0,S,485,,60,20.0,,,N,,,S,3.0,N,,0,S,6,5,8.0,S
2026,14061,14,INGENIERIA CIVIL ELECTRICA,PONTIFICIA UNIVERSIDAD CATOLICA DE VALPARAISO,5,20,20,15,30,5,10.0,10.0,S,485,,60,15.0,,,N,,,S,2.0,N,,0,S,5,5,5.0,S
2026,14062,14,INGENIERIA CIVIL ELECTRONICA,PONTIFICIA UNIVERSIDAD CATOLICA DE VALPARAISO,5,20,20,15,30,5,10.0,10.0,S,485,,60,15.0,,,N,,,S,3.0,N,,0,S,5,5,5.0,S
2026,14063,14,INGENIERIA CIVIL INDUSTRIAL,PONTIFICIA UNIVERSIDAD CATOLICA DE VALPARAISO,5,20,20,15,30,5,10.0,10.0,S,485,,155,25.0,,,N,,,S,2.0,N,,0,S,5,5,6.0,S
2026,14064,14,INGENIERIA CIVIL INFORMATICA,PONTIFICIA UNIVERSIDAD CATOLICA DE VALPARAISO,5,20,20,15,30,5,10.0,10.0,S,485,,135,15.0,,,N,,,S,2.0,N,,0,S,5,5,6.0,S
2026,14065,14,INGENIERIA CIVIL MECANICA,PONTIFICIA UNIVERSIDAD CATOLICA DE VALPARAISO,5,20,20,15,30,5,10.0,10.0,S,485,,55,15.0,,,N,,,S,3.0,N,,0,S,6,5,5.0,S
2026,14066,14,INGENIERIA CIVIL METALÚRGICA,PONTIFICIA UNIVERSIDAD CATOLICA DE VALPARAISO,5,20,20,15,30,5,10.0,10.0,S,485,,40,15.0,,,N,,,S,3.0,N,,0,S,5,5,5.0,S
2026,14067,14,INGENIERIA CIVIL QUIMICA,PONTIFICIA UNIVERSIDAD CATOLICA DE VALPARAISO,5,20,20,15,30,5,10.0,10.0,S,485,,60,15.0,,,N,,,S,3.0,N,,0,S,5,5,5.0,S
2026,14069,14,INGENIERIA ELECTRICA,PONTIFICIA UNIVERSIDAD CATOLICA DE VALPARAISO,5,20,20,15,30,5,10.0,10.0,S,485,,30,15.0,,,N,,,S,3.0,N,,0,S,5,5,5.0,S
2026,14070,14,INGENIERIA ELECTRONICA,PONTIFICIA UNIVERSIDAD CATOLICA DE VALPARAISO,5,20,20,15,30,5,10.0,10.0,S,485,,25,15.0,,,N,,,S,3.0,N,,0,S,4,5,5.0,S
2026,14071,14,INGENIERIA EN CONSTRUCCION,PONTIFICIA UNIVERSIDAD CATOLICA DE VALPARAISO,5,20,20,15,30,5,10.0,10.0,S,485,,40,15.0,,,N,,,S,3.0,N,,0,S,4,5,5.0,S
2026,14072,14,INGENIERIA MECANICA,PONTIFICIA UNIVERSIDAD CATOLICA DE VALPARAISO,5,20,20,15,30,5,10.0,10.0,S,485,,25,10.0,,,N,,,S,3.0,N,,0,S,5,5,5.0,S
2026,14080,14,OCEANOGRAFIA Ó BIOLOGIA MARINA,PONTIFICIA UNIVERSIDAD CATOLICA DE VALPARAISO,5,20,20,20,30,0,10.0,10.0,N,485,,45,15.0,,,N,,,S,3.0,N,,0,S,4,5,8.0,S
2026,14081,14,INGENIERIA CIVIL,PONTIFICIA UNIVERSIDAD CATOLICA DE VALPARAISO,5,20,20,15,30,5,10.0,10.0,S,485,,85,25.0,,,N,,,S,3.0,N,,0,S,6,5,5.0,S
2026,14082,14,TECNOLOGIA MEDICA,PONTIFICIA UNIVERSIDAD CATOLICA DE VALPARAISO,5,20,20,20,30,0,10.0,10.0,N,485,,90,30.0,,,N,,,S,2.0,N,,0,S,5,5,,N
2026,14083,14,INGENIERIA CIVIL DE MINAS,PONTIFICIA UNIVERSIDAD CATOLICA DE VALPARAISO,5,20,20,15,30,5,10.0,10.0,S,485,,90,25.0,,,N,,,S,2.0,N,,0,S,5,5,6.0,S
2026,14085,14,PEDAGOGIA EN BIOLOGIA Y CIENCIAS NATURALES,PONTIFICIA UNIVERSIDAD CATOLICA DE VALPARAISO,5,20,20,20,30,0,10.0,10.0,N,485,,20,10.0,,,N,,,S,3.0,S,,1,S,10,5,,N
2026,14086,14,LICENCIATURA EN BIOLOGIA,PONTIFICIA UNIVERSIDAD CATOLICA DE VALPARAISO,5,20,20,20,20,0,20.0,20.0,N,485,,20,10.0,,,N,,,S,3.0,N,,0,S,6,5,4.0,S
2026,14087,14,PEDAGOGIA EN MATEMATICAS,PONTIFICIA UNIVERSIDAD CATOLICA DE VALPARAISO,5,20,20,15,30,5,10.0,10.0,S,485,,50,10.0,,,N,,,S,3.0,S,,1,S,10,5,,N
2026,14088,14,LICENCIATURA EN MATEMATICAS,PONTIFICIA UNIVERSIDAD CATOLICA DE VALPARAISO,5,20,20,15,30,5,10.0,10.0,S,485,,10,10.0,,,N,,,S,3.0,N,,0,S,4,5,2.0,S
2026,14089,14,PEDAGOGÍA EN FÍSICA Y CIENCIAS NATURALES,PONTIFICIA UNIVERSIDAD CATOLICA DE VALPARAISO,5,20,20,20,30,0,10.0,10.0,N,485,,20,10.0,,,N,,,S,3.0,S,,1,S,10,5,,N
2026,14090,14,LICENCIATURA EN FISICA O LICENCIATURA EN FISICA MENCION ASTRONOMIA,PONTIFICIA UNIVERSIDAD CATOLICA DE VALPARAISO,5,20,20,20,30,0,10.0,10.0,N,485,,35,15.0,,,N,,,S,3.0,N,,0,S,6,5,5.0,S
2026,14091,14,PEDAGOGIA EN CASTELLANO Y COMUNICACION,PONTIFICIA UNIVERSIDAD CATOLICA DE VALPARAISO,5,20,20,30,20,0,10.0,10.0,N,485,,60,15.0,,,N,,,S,3.0,S,,1,S,10,5,,N
2026,14092,14,LICENCIATURA EN LINGUISTICA Y LITERATURA,PONTIFICIA UNIVERSIDAD CATOLICA DE VALPARAISO,5,20,20,30,20,0,10.0,10.0,N,485,,20,10.0,,,N,,,S,3.0,N,,0,S,6,5,,N
2026,14093,14,PEDAGOGIA EN FILOSOFIA,PONTIFICIA UNIVERSIDAD CATOLICA DE VALPARAISO,5,20,20,30,20,0,10.0,10.0,N,485,,15,10.0,,,N,,,S,3.0,S,,1,S,10,5,,N
2026,14094,14,LICENCIATURA EN FILOSOFIA,PONTIFICIA UNIVERSIDAD CATOLICA DE VALPARAISO,5,20,20,30,20,0,10.0,10.0,N,485,,10,10.0,,,N,,,S,3.0,N,,0,S,4,5,,N
2026,14095,14,"PEDAGOGIA EN HISTORIA, GEOGRAFIA Y CIENCIAS SOCIALES",PONTIFICIA UNIVERSIDAD CATOLICA DE VALPARAISO,5,20,20,20,15,0,25.0,25.0,N,485,,50,15.0,,,N,,,S,3.0,S,,1,S,10,5,,N
2026,14097,14,PEDAGOGIA EN MUSICA,PONTIFICIA UNIVERSIDAD CATOLICA DE VALPARAISO,5,20,20,25,25,0,10.0,10.0,N,485,,20,10.0,,,N,,,S,3.0,S,,1,S,10,5,,N
2026,14098,14,LICENCIATURA EN CIENCIAS Y ARTES MUSICALES O LIC. M/COMPOSICION,PONTIFICIA UNIVERSIDAD CATOLICA DE VALPARAISO,5,20,20,25,25,0,10.0,10.0,N,485,,20,10.0,,,N,,,S,3.0,N,,0,S,5,5,,N
2026,14099,14,INGENIERIA CIVIL EN CONSTRUCCION,PONTIFICIA UNIVERSIDAD CATOLICA DE VALPARAISO,5,20,20,15,30,5,10.0,10.0,S,485,,60,20.0,,,N,,,S,3.0,N,,0,S,6,5,5.0,S
2026,14100,14,INGENIERIA CIVIL EN CIENCIA DE DATOS,PONTIFICIA UNIVERSIDAD CATOLICA DE VALPARAISO,5,20,20,15,30,5,10.0,10.0,S,485,,25,10.0,,,N,,,S,3.0,N,,0,S,6,5,5.0,S
2026,14101,14,INGENIERIA CIVIL EN TELECOMUNICACIONES,PONTIFICIA UNIVERSIDAD CATOLICA DE VALPARAISO,5,20,20,15,30,5,10.0,10.0,S,485,,20,10.0,,,N,,,S,3.0,N,,0,S,4,5,4.0,S
2026,14103,14,LICENCIATURA EN HISTORIA,PONTIFICIA UNIVERSIDAD CATOLICA DE VALPARAISO,5,20,20,20,15,0,25.0,25.0,N,485,,35,15.0,,,N,,,S,3.0,N,,0,S,4,5,,N
2026,14104,14,INGENIERIA EN INFORMATICA,PONTIFICIA UNIVERSIDAD CATOLICA DE VALPARAISO,5,20,20,15,30,5,10.0,10.0,S,485,,80,20.0,,,N,,,S,2.0,N,,0,S,5,5,5.0,S
2026,14105,14,INGENIERÍA CIVIL EN TRANSPORTE,PONTIFICIA UNIVERSIDAD CATOLICA DE VALPARAISO,5,20,20,15,30,5,10.0,10.0,S,485,,20,10.0,,,N,,,S,3.0,N,,0,S,4,5,4.0,S
2026,14106,14,BACHILLERATO EN INGENIERÍA,PONTIFICIA UNIVERSIDAD CATOLICA DE VALPARAISO,5,20,20,15,30,5,10.0,10.0,S,485,,60,10.0,,,N,,,S,3.0,N,,0,S,5,5,8.0,S
2026,14107,14,QUIMICA Y FARMACIA,PONTIFICIA UNIVERSIDAD CATOLICA DE VALPARAISO,5,20,20,20,30,0,10.0,10.0,N,485,,50,15.0,,,N,,,S,3.0,N,,0,S,5,5,,N
2026,14200,14,DESARROLLO DE VIDEOJUEGOS Y SIMULACION VIRTUAL,PONTIFICIA UNIVERSIDAD CATOLICA DE VALPARAISO,5,20,20,20,30,0,10.0,10.0,N,485,,50,10.0,,,N,,,S,3.0,N,,0,S,5,5,,N
2026,14201,14,ADMINISTRACION PUBLICA,PONTIFICIA UNIVERSIDAD CATOLICA DE VALPARAISO,5,20,20,30,20,0,10.0,10.0,N,485,,60,10.0,,,N,,,S,3.0,N,,0,S,5,5,,N
2026,14202,14,PUBLICIDAD,PONTIFICIA UNIVERSIDAD CATOLICA DE VALPARAISO,5,20,20,30,20,0,10.0,10.0,N,485,,50,15.0,,,N,,,S,3.0,N,,0,S,5,5,,N
2026,14203,14,ANIMACIÓN DIGITAL,PONTIFICIA UNIVERSIDAD CATOLICA DE VALPARAISO,5,20,20,20,30,0,10.0,10.0,N,485,,60,15.0,,,N,,,S,3.0,N,,0,S,5,5,,N
2026,14204,14,FOTOGRAFIA PROFESIONAL,PONTIFICIA UNIVERSIDAD CATOLICA DE VALPARAISO,5,20,20,25,25,0,10.0,10.0,N,485,,30,10.0,,,N,,,S,3.0,N,,0,S,5,5,,N
2026,14205,14,PRODUCCION MUSICAL,PONTIFICIA UNIVERSIDAD CATOLICA DE VALPARAISO,5,20,20,25,25,0,10.0,10.0,N,485,,35,10.0,,,N,,,S,3.0,N,,0,S,5,5,,N
2026,14206,14,ILUSTRACION,PONTIFICIA UNIVERSIDAD CATOLICA DE VALPARAISO,5,20,20,25,25,0,10.0,10.0,N,485,,60,10.0,,,N,,,S,3.0,N,,0,S,5,5,,N
2026,15100,15,INGENIERIA CIVIL PLAN COMUN,UNIVERSIDAD TECNICA FEDERICO SANTA MARIA,5,15,20,10,35,10,10.0,10.0,S,485,600.0,110,23.0,,,N,,,S,2.0,N,,0,S,95,5,20.0,S
2026,15101,15,INGENIERIA CIVIL MATEMÁTICA,UNIVERSIDAD TECNICA FEDERICO SANTA MARIA,5,15,20,10,35,10,10.0,10.0,S,485,600.0,25,3.0,,,N,,,S,2.0,N,,0,S,6,5,3.0,S
2026,15102,15,LICENCIATURA EN FISICA,UNIVERSIDAD TECNICA FEDERICO SANTA MARIA,5,15,20,10,35,10,10.0,10.0,S,485,600.0,15,2.0,,,N,,,S,2.0,N,,0,S,4,5,3.0,S
2026,15103,15,LICENCIATURA EN ASTROFISICA,UNIVERSIDAD TECNICA FEDERICO SANTA MARIA,5,15,20,10,35,10,10.0,10.0,S,485,600.0,25,5.0,,,N,,,S,2.0,N,,0,S,4,5,3.0,S
2026,15110,15,CONSTRUCCION CIVIL,UNIVERSIDAD TECNICA FEDERICO SANTA MARIA,5,15,25,10,40,0,10.0,10.0,N,485,550.0,35,11.0,,,N,,,S,2.0,N,,0,S,8,5,4.0,S
2026,15111,15,INGENIERIA CIVIL,UNIVERSIDAD TECNICA FEDERICO SANTA MARIA,5,15,20,10,35,10,10.0,10.0,S,485,600.0,60,12.0,,,N,,,S,2.0,N,,0,S,6,5,6.0,S
2026,15130,15,INGENIERIA CIVIL ELECTRICA,UNIVERSIDAD TECNICA FEDERICO SANTA MARIA,5,15,20,10,35,10,10.0,10.0,S,485,600.0,60,8.0,,,N,,,S,2.0,N,,0,S,6,5,6.0,S
2026,15131,15,INGENIERIA CIVIL ELECTRONICA,UNIVERSIDAD TECNICA FEDERICO SANTA MARIA,5,15,20,10,35,10,10.0,10.0,S,485,600.0,70,10.0,,,N,,,S,2.0,N,,0,S,8,5,6.0,S
2026,15140,15,INGENIERIA CIVIL MECANICA,UNIVERSIDAD TECNICA FEDERICO SANTA MARIA,5,15,20,10,35,10,10.0,10.0,S,485,600.0,70,11.0,,,N,,,S,2.0,N,,0,S,6,5,6.0,S
2026,15141,15,INGENIERIA CIVIL METALURGICA,UNIVERSIDAD TECNICA FEDERICO SANTA MARIA,5,15,20,10,35,10,10.0,10.0,S,485,600.0,40,12.0,,,N,,,S,2.0,N,,0,S,6,5,6.0,S
2026,15150,15,INGENIERIA CIVIL QUIMICA,UNIVERSIDAD TECNICA FEDERICO SANTA MARIA,5,15,20,10,35,10,10.0,10.0,S,485,600.0,40,5.0,,,N,,,S,2.0,N,,0,S,8,5,6.0,S
2026,15151,15,INGENIERIA CIVIL AMBIENTAL,UNIVERSIDAD TECNICA FEDERICO SANTA MARIA,5,15,20,10,35,10,10.0,10.0,S,485,600.0,30,4.0,,,N,,,S,2.0,N,,0,S,8,5,3.0,S
2026,15160,15,INGENIERIA CIVIL INFORMATICA,UNIVERSIDAD TECNICA FEDERICO SANTA MARIA,5,15,20,10,35,10,10.0,10.0,S,485,600.0,120,9.0,,,N,,,S,2.0,N,,0,S,8,5,24.0,S
2026,15161,15,INGENIERIA CIVIL TELEMATICA,UNIVERSIDAD TECNICA FEDERICO SANTA MARIA,5,15,20,10,35,10,10.0,10.0,S,485,600.0,35,6.0,,,N,,,S,2.0,N,,0,S,10,5,6.0,S
2026,15170,15,INGENIERIA CIVIL INDUSTRIAL,UNIVERSIDAD TECNICA FEDERICO SANTA MARIA,5,15,20,10,35,10,10.0,10.0,S,485,600.0,140,19.0,,,N,,,S,2.0,N,,0,S,8,5,8.0,S
2026,15171,15,INGENIERIA COMERCIAL,UNIVERSIDAD TECNICA FEDERICO SANTA MARIA,5,15,25,10,40,0,10.0,10.0,N,485,550.0,120,26.0,,,N,,,S,2.0,N,,0,S,8,5,,N
2026,15180,15,ARQUITECTURA,UNIVERSIDAD TECNICA FEDERICO SANTA MARIA,5,15,25,10,40,0,10.0,10.0,N,485,550.0,80,14.0,,,N,,,S,2.0,N,,0,S,6,5,,N
2026,15181,15,INGENIERIA EN DISEÑO DE PRODUCTOS,UNIVERSIDAD TECNICA FEDERICO SANTA MARIA,5,15,20,10,35,10,10.0,10.0,S,485,550.0,20,4.0,,,N,,,S,2.0,N,,0,S,10,5,4.0,S
2026,15184,15,INGENIERÍA CIVIL FÍSICA,UNIVERSIDAD TECNICA FEDERICO SANTA MARIA,5,15,20,10,35,10,10.0,10.0,S,485,600.0,30,4.0,,,N,,,S,2.0,N,,0,S,6,5,3.0,S
2026,15186,15,INGENIERÍA CIVIL EN BIOTECNOLOGÍA,UNIVERSIDAD TECNICA FEDERICO SANTA MARIA,5,15,20,10,35,10,10.0,10.0,S,485,600.0,50,6.0,,,N,,,S,2.0,N,,0,S,6,5,6.0,S
2026,15220,15,INGENIERIA EN AVIACION COMERCIAL,UNIVERSIDAD TECNICA FEDERICO SANTA MARIA,5,15,20,10,35,10,10.0,10.0,S,485,550.0,40,20.0,,,N,,,S,2.0,N,,0,S,8,13,3.0,S
2026,15270,15,INGENIERIA CIVIL INDUSTRIAL,UNIVERSIDAD TECNICA FEDERICO SANTA MARIA,5,15,20,10,35,10,10.0,10.0,S,485,600.0,140,39.0,,,N,,,S,2.0,N,,0,S,8,13,8.0,S
2026,15271,15,INGENIERIA COMERCIAL,UNIVERSIDAD TECNICA FEDERICO SANTA MARIA,5,15,25,10,40,0,10.0,10.0,N,485,550.0,200,63.0,,,N,,,S,2.0,N,,0,S,10,13,,N
2026,15300,15,INGENIERIA CIVIL PLAN COMUN,UNIVERSIDAD TECNICA FEDERICO SANTA MARIA,5,15,20,10,35,10,10.0,10.0,S,485,600.0,130,47.0,,,N,,,S,2.0,N,,0,S,95,13,20.0,S
2026,15301,15,INGENIERIA CIVIL MATEMATICA,UNIVERSIDAD TECNICA FEDERICO SANTA MARIA,5,15,20,10,35,10,10.0,10.0,S,485,600.0,35,7.0,,,N,,,S,2.0,N,,0,S,6,13,3.0,S
2026,15302,15,LICENCIATURA EN FISICA,UNIVERSIDAD TECNICA FEDERICO SANTA MARIA,5,15,20,10,35,10,10.0,10.0,S,485,600.0,15,4.0,,,N,,,S,2.0,N,,0,S,4,13,3.0,S
2026,15303,15,LICENCIATURA EN ASTROFISICA,UNIVERSIDAD TECNICA FEDERICO SANTA MARIA,5,15,20,10,35,10,10.0,10.0,S,485,600.0,30,13.0,,,N,,,S,2.0,N,,0,S,4,13,3.0,S
2026,15311,15,INGENIERIA CIVIL,UNIVERSIDAD TECNICA FEDERICO SANTA MARIA,5,15,20,10,35,10,10.0,10.0,S,485,600.0,75,29.0,,,N,,,S,2.0,N,,0,S,6,13,6.0,S
2026,15312,15,INGENIERIA CIVIL DE MINAS,UNIVERSIDAD TECNICA FEDERICO SANTA MARIA,5,15,20,10,35,10,10.0,10.0,S,485,600.0,100,27.0,,,N,,,S,2.0,N,,0,S,8,13,8.0,S
2026,15330,15,INGENIERIA CIVIL ELECTRICA,UNIVERSIDAD TECNICA FEDERICO SANTA MARIA,5,15,20,10,35,10,10.0,10.0,S,485,600.0,60,16.0,,,N,,,S,2.0,N,,0,S,6,13,6.0,S
2026,15340,15,INGENIERIA CIVIL MECANICA,UNIVERSIDAD TECNICA FEDERICO SANTA MARIA,5,15,20,10,35,10,10.0,10.0,S,485,600.0,75,16.0,,,N,,,S,2.0,N,,0,S,6,13,6.0,S
2026,15350,15,INGENIERIA CIVIL QUIMICA,UNIVERSIDAD TECNICA FEDERICO SANTA MARIA,5,15,20,10,35,10,10.0,10.0,S,485,600.0,50,7.0,,,N,,,S,2.0,N,,0,S,8,13,6.0,S
2026,15360,15,INGENIERIA CIVIL INFORMATICA,UNIVERSIDAD TECNICA FEDERICO SANTA MARIA,5,15,20,10,35,10,10.0,10.0,S,485,600.0,135,25.0,,,N,,,S,2.0,N,,0,S,8,13,24.0,S
2026,15361,15,INGENIERIA CIVIL TELEMATICA,UNIVERSIDAD TECNICA FEDERICO SANTA MARIA,5,15,20,10,35,10,10.0,10.0,S,485,600.0,60,17.0,,,N,,,S,2.0,N,,0,S,8,13,6.0,S
2026,15380,15,ARQUITECTURA,UNIVERSIDAD TECNICA FEDERICO SANTA MARIA,5,15,25,10,40,0,10.0,10.0,N,485,550.0,70,18.0,,,N,,,S,2.0,N,,0,S,6,13,,N
2026,15381,15,INGENIERIA EN DISEÑO DE PRODUCTOS,UNIVERSIDAD TECNICA FEDERICO SANTA MARIA,5,15,20,10,35,10,10.0,10.0,S,485,550.0,25,3.0,,,N,,,S,2.0,N,,0,S,10,13,4.0,S
2026,15384,15,INGENIERÍA CIVIL FÍSICA,UNIVERSIDAD TECNICA FEDERICO SANTA MARIA,5,15,20,10,35,10,10.0,10.0,S,485,600.0,35,5.0,,,N,,,S,2.0,N,,0,S,6,13,3.0,S
2026,15440,15,INGENIERIA EN MANTENIMIENTO INDUSTRIAL,UNIVERSIDAD TECNICA FEDERICO SANTA MARIA,5,15,20,10,35,10,10.0,10.0,S,485,500.0,35,13.0,,,N,,,S,2.0,N,,0,S,35,5,7.0,S
2026,15441,15,INGENIERIA EN FABRICACION Y DISEÑO INDUSTRIAL,UNIVERSIDAD TECNICA FEDERICO SANTA MARIA,5,15,20,10,35,10,10.0,10.0,S,485,500.0,20,11.0,,,N,,,S,2.0,N,,0,S,20,5,4.0,S
2026,15462,15,INGENIERIA EN INFORMATICA,UNIVERSIDAD TECNICA FEDERICO SANTA MARIA,5,15,20,10,35,10,10.0,10.0,S,485,500.0,70,15.0,,,N,,,S,2.0,N,,0,S,12,5,14.0,S
2026,15474,15,INGENIERIA EN PREVENCION DE RIESGOS LABORALES Y AMBIENTALES,UNIVERSIDAD TECNICA FEDERICO SANTA MARIA,5,15,20,10,35,10,10.0,10.0,S,485,500.0,15,8.0,,,N,,,S,2.0,N,,0,S,15,5,3.0,S
2026,15485,15,INGENIERÍA EN BIOTECNOLOGÍA,UNIVERSIDAD TECNICA FEDERICO SANTA MARIA,5,15,20,10,35,10,10.0,10.0,S,485,500.0,30,14.0,,,N,,,S,2.0,N,,0,S,30,5,6.0,S
2026,15540,15,INGENIERIA EN MANTENIMIENTO INDUSTRIAL,UNIVERSIDAD TECNICA FEDERICO SANTA MARIA,5,15,20,10,35,10,10.0,10.0,S,485,500.0,15,8.0,,,N,,,S,2.0,N,,0,S,25,8,3.0,S
2026,15562,15,INGENIERIA EN INFORMATICA,UNIVERSIDAD TECNICA FEDERICO SANTA MARIA,5,15,20,10,35,10,10.0,10.0,S,485,500.0,50,23.0,,,N,,,S,2.0,N,,0,S,25,8,10.0,S
2026,15574,15,INGENIERIA EN PREVENCION DE RIESGOS LABORALES Y AMBIENTALES,UNIVERSIDAD TECNICA FEDERICO SANTA MARIA,5,15,20,10,35,10,10.0,10.0,S,485,500.0,15,28.0,,,N,,,S,2.0,N,,0,S,12,8,3.0,S
2026,15585,15,INGENIERÍA EN BIOTECNOLOGÍA,UNIVERSIDAD TECNICA FEDERICO SANTA MARIA,5,15,20,10,35,10,10.0,10.0,S,485,500.0,15,6.0,,,N,,,S,2.0,N,,0,S,25,8,3.0,S
2026,16001,16,INGENIERÍA CIVIL EN ELECTRICIDAD,UNIVERSIDAD DE SANTIAGO DE CHILE,13,25,25,10,15,15,,10.0,S,485,550.0,90,15.0,,,N,,,N,3.0,N,,0,S,8,13,6.0,S
2026,16003,16,INGENIERÍA CIVIL INDUSTRIAL,UNIVERSIDAD DE SANTIAGO DE CHILE,13,25,25,10,15,15,,10.0,S,485,550.0,100,35.0,,,N,,,N,7.0,N,,0,S,10,13,14.0,S
2026,16004,16,INGENIERÍA CIVIL EN INFORMÁTICA,UNIVERSIDAD DE SANTIAGO DE CHILE,13,25,25,15,10,15,,10.0,S,485,550.0,60,15.0,,,N,,,N,7.0,N,,0,S,10,13,12.0,S
2026,16005,16,INGENIERÍA CIVIL EN MECÁNICA,UNIVERSIDAD DE SANTIAGO DE CHILE,13,25,25,10,15,15,,10.0,S,485,550.0,95,25.0,,,N,,,N,4.0,N,,0,S,10,13,6.0,S
2026,16006,16,INGENIERÍA CIVIL EN METALURGIA,UNIVERSIDAD DE SANTIAGO DE CHILE,13,25,25,10,15,15,,10.0,S,485,550.0,50,15.0,,,N,,,N,2.0,N,,0,S,7,13,5.0,S
2026,16007,16,INGENIERÍA CIVIL EN MINAS,UNIVERSIDAD DE SANTIAGO DE CHILE,13,25,25,10,15,15,,10.0,S,485,550.0,70,20.0,,,N,,,N,7.0,N,,0,S,10,13,10.0,S
2026,16008,16,INGENIERÍA CIVIL EN OBRAS CIVILES,UNIVERSIDAD DE SANTIAGO DE CHILE,13,25,25,10,15,15,,10.0,S,485,550.0,90,25.0,,,N,,,N,3.0,N,,0,S,9,13,5.0,S
2026,16009,16,INGENIERÍA CIVIL EN QUÍMICA,UNIVERSIDAD DE SANTIAGO DE CHILE,13,25,25,10,15,15,,10.0,S,485,550.0,75,20.0,,,N,,,N,3.0,N,,0,S,6,13,8.0,S
2026,16011,16,INGENIERÍA DE EJECUCIÓN EN ELECTRICIDAD,UNIVERSIDAD DE SANTIAGO DE CHILE,13,25,25,10,20,10,,10.0,S,485,500.0,50,18.0,,,N,,,N,6.0,N,,0,S,7,13,6.0,S
2026,16013,16,INGENIERÍA DE EJECUCIÓN INDUSTRIAL,UNIVERSIDAD DE SANTIAGO DE CHILE,13,25,25,10,20,10,,10.0,S,485,500.0,60,10.0,,,N,,,N,5.0,N,,0,S,7,13,4.0,S
2026,16014,16,INGENIERÍA DE EJECUCIÓN EN COMPUTACIÓN E INFORMÁTICA,UNIVERSIDAD DE SANTIAGO DE CHILE,13,25,25,15,10,15,,10.0,S,485,550.0,45,10.0,,,N,,,N,3.0,N,,0,S,7,13,6.0,S
2026,16015,16,INGENIERÍA DE EJECUCIÓN EN MECÁNICA,UNIVERSIDAD DE SANTIAGO DE CHILE,13,25,25,10,20,10,,10.0,S,485,500.0,50,12.0,,,N,,,N,3.0,N,,0,S,7,13,5.0,S
2026,16016,16,INGENIERÍA DE EJECUCIÓN EN METALURGIA,UNIVERSIDAD DE SANTIAGO DE CHILE,13,25,25,10,20,10,,10.0,S,485,500.0,25,8.0,,,N,,,N,2.0,N,,0,S,7,13,5.0,S
2026,16017,16,INGENIERÍA DE EJECUCIÓN EN MINAS,UNIVERSIDAD DE SANTIAGO DE CHILE,13,25,25,10,20,10,,10.0,S,485,500.0,52,12.0,,,N,,,N,3.0,N,,0,S,7,13,7.0,S
2026,16019,16,INGENIERÍA DE EJECUCIÓN EN QUÍMICA,UNIVERSIDAD DE SANTIAGO DE CHILE,13,25,25,10,20,10,,10.0,S,485,500.0,35,20.0,,,N,,,N,3.0,N,,0,S,7,13,5.0,S
2026,16021,16,INGENIERÍA DE EJECUCIÓN EN CLIMATIZACIÓN,UNIVERSIDAD DE SANTIAGO DE CHILE,13,25,25,10,20,10,,10.0,S,485,550.0,25,12.0,,,N,,,N,3.0,N,,0,S,7,13,3.0,S
2026,16030,16,BACHILLERATO EN CIENCIAS Y HUMANIDADES,UNIVERSIDAD DE SANTIAGO DE CHILE,13,10,40,20,20,0,10.0,10.0,N,485,550.0,150,60.0,,,N,,,S,5.0,N,,0,S,10,13,14.0,S
2026,16034,16,ADMINISTRACIÓN PÚBLICA,UNIVERSIDAD DE SANTIAGO DE CHILE,13,10,40,15,25,0,10.0,,N,485,550.0,90,60.0,,,N,,,N,4.0,N,,0,S,15,13,,N
2026,16035,16,INGENIERÍA COMERCIAL,UNIVERSIDAD DE SANTIAGO DE CHILE,13,10,40,10,25,5,10.0,10.0,S,485,550.0,350,100.0,,,N,,,S,8.0,N,,0,S,16,13,,N
2026,16036,16,CONTADOR PÚBLICO Y AUDITOR (DIURNO),UNIVERSIDAD DE SANTIAGO DE CHILE,13,10,40,10,25,5,10.0,10.0,S,485,600.0,230,40.0,,,N,,,S,3.0,N,,0,S,15,13,,N
2026,16038,16,CONTADOR PÚBLICO Y AUDITOR (VESPERTINO),UNIVERSIDAD DE SANTIAGO DE CHILE,13,10,40,10,25,5,10.0,10.0,S,485,550.0,30,15.0,,,N,,,S,3.0,N,,0,S,11,13,,N
2026,16039,16,QUÍMICA Y FARMACIA,UNIVERSIDAD DE SANTIAGO DE CHILE,13,10,40,15,20,0,,15.0,N,485,600.0,65,25.0,,,N,,,N,6.0,N,,0,S,8,13,,N
2026,16040,16,TÉCNICO UNIVERSITARIO EN ANÁLISIS QUÍMICO Y FÍSICO,UNIVERSIDAD DE SANTIAGO DE CHILE,13,10,40,15,20,0,,15.0,N,485,550.0,20,10.0,,,N,,,N,3.0,N,,0,S,6,13,4.0,S
2026,16041,16,BIOQUÍMICA,UNIVERSIDAD DE SANTIAGO DE CHILE,13,10,40,15,20,0,,15.0,N,485,600.0,35,20.0,,,N,,,N,4.0,N,,0,S,6,13,6.0,S
2026,16042,16,INGENIERÍA FÍSICA,UNIVERSIDAD DE SANTIAGO DE CHILE,13,10,40,10,15,15,,10.0,S,485,580.0,45,15.0,,,N,,,N,3.0,N,,0,S,6,13,6.0,S
2026,16043,16,PEDAGOGÍA EN QUÍMICA Y BIOLOGÍA,UNIVERSIDAD DE SANTIAGO DE CHILE,13,10,40,15,20,0,,15.0,N,485,600.0,25,10.0,,,N,,,N,3.0,S,,0,S,6,13,,N
2026,16044,16,QUÍMICA,UNIVERSIDAD DE SANTIAGO DE CHILE,13,10,40,15,20,0,,15.0,N,485,600.0,25,10.0,,,N,,,N,3.0,N,,0,S,5,13,5.0,S
2026,16045,16,PEDAGOGÍA EN MATEMÁTICA Y COMPUTACIÓN,UNIVERSIDAD DE SANTIAGO DE CHILE,13,10,40,10,20,10,,10.0,S,485,510.0,30,20.0,,,N,,,N,3.0,S,,0,S,6,13,,N
2026,16046,16,ANALISTA EN COMPUTACIÓN CIENTÍFICA / LIC.EN CIENCIA DE LA COMPUTACIÓN,UNIVERSIDAD DE SANTIAGO DE CHILE,13,10,40,10,20,10,,10.0,S,485,510.0,42,20.0,,,N,,,N,3.0,N,,0,S,6,13,5.0,S
2026,16047,16,INGENIERÍA MATEMÁTICA,UNIVERSIDAD DE SANTIAGO DE CHILE,13,10,40,10,20,10,,10.0,S,485,550.0,40,20.0,,,N,,,N,3.0,N,,0,S,6,13,6.0,S
2026,16048,16,INGENIERÍA ESTADÍSTICA,UNIVERSIDAD DE SANTIAGO DE CHILE,13,10,40,10,20,10,,10.0,S,485,500.0,35,6.0,,,N,,,N,3.0,N,,0,S,6,13,3.0,S
2026,16049,16,PEDAGOGÍA EN FÍSICA Y MATEMÁTICA,UNIVERSIDAD DE SANTIAGO DE CHILE,13,10,40,10,20,10,,10.0,S,485,550.0,25,3.0,,,N,,,N,1.0,S,,0,S,6,13,,N
2026,16050,16,PEDAGOGÍA EN CASTELLANO,UNIVERSIDAD DE SANTIAGO DE CHILE,13,10,40,30,10,0,10.0,,N,485,550.0,45,20.0,,,N,,,N,3.0,S,,0,S,6,13,,N
2026,16051,16,PEDAGOGÍA EN HISTORIA Y CIENCIAS SOCIALES,UNIVERSIDAD DE SANTIAGO DE CHILE,13,10,40,20,10,0,20.0,,N,485,550.0,45,20.0,,,N,,,N,3.0,S,,0,S,6,13,,N
2026,16052,16,PEDAGOGÍA EN INGLÉS,UNIVERSIDAD DE SANTIAGO DE CHILE,13,10,40,30,10,0,10.0,,N,485,550.0,40,20.0,,,N,,,N,3.0,S,,0,S,6,13,,N
2026,16053,16,PEDAGOGÍA EN FILOSOFÍA,UNIVERSIDAD DE SANTIAGO DE CHILE,13,10,40,30,10,0,10.0,,N,485,510.0,20,15.0,,,N,,,N,2.0,S,,0,S,6,13,,N
2026,16054,16,LICENCIATURA EN LING.  APLIC. A LA TRAD. INGLÉS - JAPONÉS E INGLÉS PORTUG.,UNIVERSIDAD DE SANTIAGO DE CHILE,13,10,40,30,10,0,10.0,,N,485,550.0,45,15.0,,,N,,,N,4.0,N,,0,S,10,13,,N
2026,16055,16,PERIODISMO,UNIVERSIDAD DE SANTIAGO DE CHILE,13,10,40,30,10,0,10.0,,N,485,550.0,60,30.0,,,N,,,N,2.0,N,,0,S,6,13,,N
2026,16056,16,PEDAGOGÍA EN EDUCACIÓN GENERAL BÁSICA,UNIVERSIDAD DE SANTIAGO DE CHILE,13,10,40,20,20,0,10.0,10.0,N,485,550.0,40,10.0,,,N,,,S,2.0,S,,0,S,6,13,,N
2026,16057,16,LICENCIATURA EN ESTUDIOS INTERNACIONALES,UNIVERSIDAD DE SANTIAGO DE CHILE,13,10,40,20,10,0,20.0,,N,485,550.0,45,10.0,,,N,,,N,2.0,N,,0,S,8,13,,N
2026,16058,16,LICENCIATURA EN HISTORIA,UNIVERSIDAD DE SANTIAGO DE CHILE,13,10,40,20,10,0,20.0,,N,485,550.0,30,15.0,,,N,,,N,3.0,N,,0,S,5,13,,N
2026,16060,16,PSICOLOGÍA,UNIVERSIDAD DE SANTIAGO DE CHILE,13,10,40,25,15,0,10.0,,N,485,550.0,70,25.0,,,N,,,N,6.0,N,,0,S,10,13,,N
2026,16066,16,PUBLICIDAD,UNIVERSIDAD DE SANTIAGO DE CHILE,13,10,40,30,10,0,10.0,10.0,N,485,500.0,45,30.0,,,N,,,S,4.0,N,,0,S,8,13,,N
2026,16067,16,INGENIERÍA DE ALIMENTOS,UNIVERSIDAD DE SANTIAGO DE CHILE,13,10,40,15,20,5,,10.0,S,485,450.0,35,15.0,,,N,,,N,3.0,N,,0,S,6,13,6.0,S
2026,16068,16,INGENIERÍA EN AGRONEGOCIOS,UNIVERSIDAD DE SANTIAGO DE CHILE,13,10,40,15,25,0,10.0,10.0,N,485,500.0,25,15.0,,,N,,,S,3.0,N,,0,S,5,13,,N
2026,16070,16,ARQUITECTURA,UNIVERSIDAD DE SANTIAGO DE CHILE,13,10,40,20,15,0,15.0,15.0,N,485,600.0,90,20.0,,,N,,,S,2.0,N,,0,S,10,13,,N
2026,16081,16,TECNOLOGÍA EN ALIMENTOS,UNIVERSIDAD DE SANTIAGO DE CHILE,13,10,40,15,25,0,10.0,10.0,N,485,400.0,20,10.0,,,N,,,S,3.0,N,,0,S,8,13,4.0,S
2026,16082,16,TECNOLOGÍA EN CONSTRUCCIONES,UNIVERSIDAD DE SANTIAGO DE CHILE,13,10,40,15,25,0,10.0,10.0,N,485,400.0,25,10.0,,,N,,,S,3.0,N,,0,S,8,13,4.0,S
2026,16085,16,TECNOLOGÍA EN AUTOMATIZACIÓN INDUSTRIAL,UNIVERSIDAD DE SANTIAGO DE CHILE,13,10,40,15,25,0,10.0,10.0,N,485,400.0,40,15.0,,,N,,,S,3.0,N,,0,S,8,13,4.0,S
2026,16086,16,TECNOLOGÍA EN MANTENIMIENTO INDUSTRIAL,UNIVERSIDAD DE SANTIAGO DE CHILE,13,10,40,15,25,0,10.0,10.0,N,485,400.0,25,10.0,,,N,,,S,3.0,N,,0,S,8,13,4.0,S
2026,16089,16,TECNOLOGÍA EN TELECOMUNICACIONES,UNIVERSIDAD DE SANTIAGO DE CHILE,13,10,40,15,25,0,10.0,10.0,N,485,400.0,30,15.0,,,N,,,S,3.0,N,,0,S,8,13,4.0,S
2026,16091,16,MEDICINA,UNIVERSIDAD DE SANTIAGO DE CHILE,13,10,40,15,15,0,,20.0,N,485,600.0,40,5.0,,,N,,,N,4.0,N,,0,S,6,13,,N
2026,16092,16,ENFERMERÍA,UNIVERSIDAD DE SANTIAGO DE CHILE,13,10,40,15,15,0,,20.0,N,485,600.0,40,5.0,,,N,,,N,5.0,N,,0,S,6,13,,N
2026,16093,16,OBSTETRICIA Y PUERICULTURA,UNIVERSIDAD DE SANTIAGO DE CHILE,13,10,40,15,15,0,,20.0,N,485,600.0,30,5.0,,,N,,,N,2.0,N,,0,S,6,13,,N
2026,16095,16,PEDAGOGÍA EN EDUCACIÓN FÍSICA,UNIVERSIDAD DE SANTIAGO DE CHILE,13,10,40,15,15,0,,20.0,N,485,550.0,45,21.0,,,N,,,N,2.0,S,,0,S,6,13,,N
2026,16096,16,LICENCIATURA EN CS DE LA ACTIVIDAD FÍSICA / TERAPEUTA EN ACT FÍSICA Y SALUD,UNIVERSIDAD DE SANTIAGO DE CHILE,13,10,40,15,15,0,,20.0,N,485,470.0,35,5.0,,,N,,,N,4.0,N,,0,S,6,13,,N
2026,16097,16,LICENCIATURA EN CIENCIAS DE LA ACTIVIDAD FÍSICA / ENTRENADOR DEPORTIVO,UNIVERSIDAD DE SANTIAGO DE CHILE,13,10,40,15,15,0,,20.0,N,485,470.0,40,10.0,,,N,,,N,4.0,N,,0,S,6,13,,N
2026,16098,16,KINESIOLOGÍA,UNIVERSIDAD DE SANTIAGO DE CHILE,13,10,40,15,15,0,,20.0,N,485,600.0,45,15.0,,,N,,,N,4.0,N,,0,S,7,13,,N
2026,16099,16,TERAPIA OCUPACIONAL,UNIVERSIDAD DE SANTIAGO DE CHILE,13,10,40,20,10,0,,20.0,N,485,600.0,40,10.0,,,N,,,N,4.0,N,,0,S,8,13,,N
2026,16100,16,DERECHO,UNIVERSIDAD DE SANTIAGO DE CHILE,13,10,40,20,10,0,20.0,,N,485,600.0,200,30.0,,,N,,,N,5.0,N,,0,S,12,13,,N
2026,16101,16,INGENIERÍA CIVIL BIOMÉDICA,UNIVERSIDAD DE SANTIAGO DE CHILE,13,25,25,10,15,15,,10.0,S,485,550.0,55,30.0,,,N,,,N,4.0,N,,0,S,8,13,8.0,S
2026,16102,16,INGENIERÍA CIVIL EN TELEMÁTICA,UNIVERSIDAD DE SANTIAGO DE CHILE,13,25,25,10,15,15,,10.0,S,485,550.0,45,12.0,,,N,,,N,3.0,N,,0,S,6,13,6.0,S
2026,16103,16,INGENIERÍA CIVIL MECATRÓNICA,UNIVERSIDAD DE SANTIAGO DE CHILE,13,25,25,10,15,15,,10.0,S,485,550.0,95,25.0,,,N,,,N,3.0,N,,0,S,7,13,6.0,S
2026,16104,16,INGENIERÍA CIVIL EN BIOTECNOLOGÍA,UNIVERSIDAD DE SANTIAGO DE CHILE,13,25,25,10,15,15,,10.0,S,485,550.0,55,30.0,,,N,,,N,4.0,N,,0,S,7,13,8.0,S
2026,16105,16,INGENIERÍA CIVIL EN AMBIENTE,UNIVERSIDAD DE SANTIAGO DE CHILE,13,25,25,10,15,15,,10.0,S,485,550.0,40,10.0,,,N,,,N,3.0,N,,0,S,5,13,4.0,S
2026,16106,16,DISEÑO EN COMUNICACIÓN VISUAL,UNIVERSIDAD DE SANTIAGO DE CHILE,13,10,40,30,10,0,10.0,10.0,N,485,500.0,40,15.0,,,N,,,S,3.0,N,,0,S,6,13,,N
2026,16107,16,INGENIERÍA CIVIL EN GEOMENSURA Y GEOMÁTICA,UNIVERSIDAD DE SANTIAGO DE CHILE,13,25,25,10,15,15,,10.0,S,485,550.0,30,15.0,,,N,,,N,5.0,N,,0,S,6,13,6.0,S
2026,16108,16,ASTROFÍSICA CON MENCIÓN EN CIENCIA DE DATOS,UNIVERSIDAD DE SANTIAGO DE CHILE,13,10,40,10,10,20,,10.0,S,485,650.0,25,5.0,,,N,,,N,2.0,N,,0,S,6,13,5.0,S
2026,16109,16,DISEÑO INDUSTRIAL,UNIVERSIDAD DE SANTIAGO DE CHILE,13,10,40,20,20,0,10.0,10.0,N,485,450.0,50,15.0,,,N,,,S,2.0,N,,0,S,6,13,6.0,S
2026,16110,16,ANÁLISIS Y GESTIÓN DE PROCESOS PRODUCTIVOS,UNIVERSIDAD DE SANTIAGO DE CHILE,13,10,40,15,25,0,10.0,10.0,N,485,450.0,35,15.0,,,N,,,S,3.0,N,,0,S,6,13,4.0,S
2026,16111,16,INGENIERÍA CIVIL EN TERRITORIO Y MEDIOAMBIENTE,UNIVERSIDAD DE SANTIAGO DE CHILE,13,25,25,10,15,15,,10.0,S,485,550.0,25,10.0,,,N,,,N,3.0,N,,0,S,6,13,5.0,S
2026,16112,16,GESTIÓN DE PERSONAS,UNIVERSIDAD DE SANTIAGO DE CHILE,13,10,40,20,20,0,10.0,10.0,N,485,450.0,40,15.0,,,N,,,S,2.0,N,,0,S,6,13,,N
2026,17000,17,AGRONOMÍA (VALDIVIA),UNIVERSIDAD AUSTRAL DE CHILE,14,20,30,15,25,0,,10.0,N,485,,100,30.0,,,N,,,N,2.0,N,,0,S,11,14,,N
2026,17001,17,BIOLOGÍA MARINA (VALDIVIA),UNIVERSIDAD AUSTRAL DE CHILE,14,10,40,10,20,0,,20.0,N,485,,50,15.0,,,N,,,N,2.0,N,,0,S,18,14,4.0,S
2026,17002,17,BIOQUÍMICA (VALDIVIA),UNIVERSIDAD AUSTRAL DE CHILE,14,10,35,15,25,0,,15.0,N,500,,50,20.0,,,N,,,N,2.0,N,,0,S,18,14,4.0,S
2026,17003,17,AUDITORÍA (VALDIVIA),UNIVERSIDAD AUSTRAL DE CHILE,14,20,30,15,25,0,10.0,10.0,N,485,,50,15.0,,,N,,,S,2.0,N,,0,S,17,14,,N
2026,17004,17,INGENIERÍA CIVIL EN OBRAS CIVILES (VALDIVIA),UNIVERSIDAD AUSTRAL DE CHILE,14,10,30,10,35,5,,10.0,S,500,,70,10.0,,,N,,,N,2.0,N,,0,S,10,14,4.0,S
2026,17005,17,ENFERMERÍA (VALDIVIA),UNIVERSIDAD AUSTRAL DE CHILE,14,20,30,15,20,0,,15.0,N,500,,60,20.0,,,N,,,N,2.0,N,,0,S,5,14,,N
2026,17008,17,INGENIERIA CIVIL EN INFORMÁTICA (VALDIVIA),UNIVERSIDAD AUSTRAL DE CHILE,14,10,30,10,35,5,,10.0,S,485,,80,20.0,,,N,,,N,2.0,N,,0,S,15,14,4.0,S
2026,17009,17,INGENIERÍA COMERCIAL (VALDIVIA),UNIVERSIDAD AUSTRAL DE CHILE,14,20,30,15,25,0,10.0,10.0,N,485,,100,30.0,,,N,,,S,2.0,N,,0,S,15,14,,N
2026,17013,17,MEDICINA: CAMPO CLÍNICO VALDIVIA,UNIVERSIDAD AUSTRAL DE CHILE,14,10,30,15,30,0,,15.0,N,500,,46,7.0,,,N,,,N,1.0,N,,0,S,1,14,,N
2026,17014,17,MEDICINA VETERINARIA (VALDIVIA),UNIVERSIDAD AUSTRAL DE CHILE,14,15,30,10,25,0,,20.0,N,500,,100,25.0,,,N,,,N,2.0,N,,0,S,12,14,,N
2026,17015,17,OBSTETRICIA Y PUERICULTURA (VALDIVIA),UNIVERSIDAD AUSTRAL DE CHILE,14,15,35,20,15,0,,15.0,N,500,,45,10.0,,,N,,,N,2.0,N,,0,S,6,14,,N
2026,17028,17,TECNOLOGÍA MÉDICA (VALDIVIA),UNIVERSIDAD AUSTRAL DE CHILE,14,20,30,15,20,0,,15.0,N,500,,57,18.0,,,N,,,N,2.0,N,,0,S,6,14,,N
2026,17029,17,ANTROPOLOGÍA (VALDIVIA),UNIVERSIDAD AUSTRAL DE CHILE,14,10,40,25,10,0,15.0,,N,485,,40,17.0,,,N,,,N,2.0,N,,0,S,13,14,,N
2026,17030,17,INGENIERÍA CIVIL ACÚSTICA (VALDIVIA),UNIVERSIDAD AUSTRAL DE CHILE,14,10,30,10,35,5,,10.0,S,485,,20,15.0,,,N,,,N,2.0,N,,0,S,13,14,4.0,S
2026,17031,17,MEDICINA: CAMPO CLÍNICO OSORNO,UNIVERSIDAD AUSTRAL DE CHILE,14,10,30,15,30,0,,15.0,N,500,,19,4.0,,,N,,,N,1.0,N,,0,S,2,14,,N
2026,17032,17,TERAPIA OCUPACIONAL (VALDIVIA),UNIVERSIDAD AUSTRAL DE CHILE,14,15,30,20,20,0,,15.0,N,500,,52,15.0,,,N,,,N,2.0,N,,0,S,12,14,,N
2026,17033,17,ARQUITECTURA (VALDIVIA),UNIVERSIDAD AUSTRAL DE CHILE,14,20,20,15,35,0,10.0,10.0,N,500,,80,20.0,,,N,,,S,2.0,N,,0,S,15,14,,N
2026,17034,17,QUÍMICA Y FARMACIA (VALDIVIA),UNIVERSIDAD AUSTRAL DE CHILE,14,15,35,15,15,0,,20.0,N,500,,90,20.0,,,N,,,N,2.0,N,,0,S,11,14,,N
2026,17036,17,INGENIERÍA CIVIL ELECTRÓNICA (VALDIVIA),UNIVERSIDAD AUSTRAL DE CHILE,14,10,30,10,35,5,,10.0,S,485,,52,15.0,,,N,,,N,2.0,N,,0,S,13,14,4.0,S
2026,17037,17,INGENIERÍA EN CONSTRUCCIÓN (VALDIVIA),UNIVERSIDAD AUSTRAL DE CHILE,14,10,30,10,35,5,,10.0,S,485,,67,10.0,,,N,,,N,2.0,N,,0,S,10,14,4.0,S
2026,17040,17,INGENIERÍA NAVAL (VALDIVIA),UNIVERSIDAD AUSTRAL DE CHILE,14,10,30,10,35,5,,10.0,S,485,,55,18.0,,,N,,,N,2.0,N,,0,S,12,14,4.0,S
2026,17052,17,INGENIERÍA CIVIL INDUSTRIAL (PUERTO MONTT),UNIVERSIDAD AUSTRAL DE CHILE,14,10,30,10,35,5,,10.0,S,485,,80,20.0,,,N,,,N,2.0,N,,0,S,15,10,2.0,S
2026,17053,17,INGENIERÍA EN ALIMENTOS (VALDIVIA),UNIVERSIDAD AUSTRAL DE CHILE,14,15,30,15,25,5,,10.0,S,485,,20,15.0,,,N,,,N,2.0,N,,0,S,10,14,4.0,S
2026,17054,17,ADMINISTRACIÓN DE EMPRESAS DE TURISMO (VALDIVIA),UNIVERSIDAD AUSTRAL DE CHILE,14,20,30,20,15,0,15.0,,N,485,,45,27.0,,,N,,,N,2.0,N,,0,S,10,14,,N
2026,17056,17,PERIODISMO (VALDIVIA),UNIVERSIDAD AUSTRAL DE CHILE,14,10,40,25,10,0,15.0,,N,485,,42,18.0,,,N,,,N,2.0,N,,0,S,10,14,,N
2026,17065,17,LICENCIATURA EN ARTES VISUALES (VALDIVIA),UNIVERSIDAD AUSTRAL DE CHILE,14,30,30,15,10,0,15.0,,N,500,,40,10.0,,,N,,,N,2.0,N,,0,S,11,14,,N
2026,17074,17,"PEDAGOGÍA EN EDUCACIÓN FÍSICA, DEPORTES Y RECREACIÓN, (VALDIVIA)",UNIVERSIDAD AUSTRAL DE CHILE,14,20,40,15,10,0,15.0,15.0,N,485,,55,13.0,,,N,,,S,2.0,S,,0,S,12,14,,N
2026,17076,17,KINESIOLOGÍA (VALDIVIA),UNIVERSIDAD AUSTRAL DE CHILE,14,20,30,10,25,0,,15.0,N,500,,57,20.0,,,N,,,N,2.0,N,,0,S,5,14,,N
2026,17077,17,PEDAGOGÍA EN HISTORIA Y CIENCIAS SOCIALES (VALDIVIA),UNIVERSIDAD AUSTRAL DE CHILE,14,15,40,15,10,0,20.0,,N,485,,38,12.0,,,N,,,N,2.0,S,,0,S,12,14,,N
2026,17078,17,INGENIERÍA COMERCIAL (PUERTO MONTT),UNIVERSIDAD AUSTRAL DE CHILE,14,20,30,15,25,0,10.0,10.0,N,485,,75,20.0,,,N,,,S,2.0,N,,0,S,12,10,,N
2026,17079,17,INGENIERÍA CIVIL MECÁNICA (VALDIVIA),UNIVERSIDAD AUSTRAL DE CHILE,14,10,30,10,35,5,,10.0,S,485,,50,11.0,,,N,,,N,2.0,N,,0,S,10,14,4.0,S
2026,17082,17,DERECHO (VALDIVIA),UNIVERSIDAD AUSTRAL DE CHILE,14,10,30,30,10,0,20.0,,N,500,,120,25.0,,,N,,,N,2.0,N,,0,S,10,14,,N
2026,17084,17,PEDAGOGÍA EN LENGUAJE Y COMUNICACIÓN (VALDIVIA),UNIVERSIDAD AUSTRAL DE CHILE,14,10,40,30,10,0,10.0,,N,485,,45,10.0,,,N,,,N,2.0,S,,0,S,15,14,,N
2026,17085,17,PEDAGOGÍA EN COMUNICACIÓN EN LENGUA INGLESA (VALDIVIA),UNIVERSIDAD AUSTRAL DE CHILE,14,10,50,20,10,0,10.0,,N,485,,50,20.0,,,N,,,N,2.0,S,,0,S,12,14,,N
2026,17086,17,TECNOLOGÍA MÉDICA (PUERTO MONTT),UNIVERSIDAD AUSTRAL DE CHILE,14,20,30,15,20,0,,15.0,N,500,,65,20.0,,,N,,,N,2.0,N,,0,S,12,10,,N
2026,17087,17,FONOAUDIOLOGIA (PUERTO MONTT),UNIVERSIDAD AUSTRAL DE CHILE,14,20,30,25,10,0,,15.0,N,485,,50,30.0,,,N,,,N,2.0,N,,0,S,10,10,,N
2026,17088,17,PSICOLOGÍA (PUERTO MONTT),UNIVERSIDAD AUSTRAL DE CHILE,14,20,30,20,20,0,10.0,10.0,N,485,,70,20.0,,,N,,,S,2.0,N,,0,S,12,10,,N
2026,17089,17,ODONTOLOGÍA (VALDIVIA),UNIVERSIDAD AUSTRAL DE CHILE,14,15,35,20,15,0,,15.0,N,500,,66,20.0,,,N,,,N,2.0,N,,0,S,4,14,,N
2026,17807,17,INGENIERÍA PLAN COMÚN (VALDIVIA),UNIVERSIDAD AUSTRAL DE CHILE,14,10,30,10,35,5,,10.0,S,485,,42,16.0,,,N,,,N,2.0,N,,0,S,10,14,4.0,S
2026,17808,17,PEDAGOGÍA EN EDUCACIÓN DIFERENCIAL CON MENCIÓN (PUERTO MONTT),UNIVERSIDAD AUSTRAL DE CHILE,14,20,30,25,15,0,10.0,,N,485,,40,13.0,,,N,,,N,2.0,S,,0,S,15,10,,N
2026,17811,17,PEDAGOGÍA EN MATEMÁTICAS (PUERTO MONTT),UNIVERSIDAD AUSTRAL DE CHILE,14,20,30,10,25,5,10.0,10.0,S,485,,25,13.0,,,N,,,S,2.0,S,,0,S,15,10,,N
2026,17814,17,GEOGRAFÍA (VALDIVIA),UNIVERSIDAD AUSTRAL DE CHILE,14,20,40,15,15,0,10.0,10.0,N,485,,25,10.0,,,N,,,S,2.0,N,,0,S,10,14,,N
2026,17815,17,ING EN INFORMACIÓN Y CONTROL DE GESTIÓN (PUERTO MONTT),UNIVERSIDAD AUSTRAL DE CHILE,14,20,30,10,30,0,10.0,10.0,N,485,,45,15.0,,,N,,,S,2.0,N,,0,S,12,10,,N
2026,17816,17,LICENCIATURA EN CIENCIAS CON MENCIÓN (VALDIVIA),UNIVERSIDAD AUSTRAL DE CHILE,14,10,40,15,25,0,,10.0,N,500,,15,10.0,,,N,,,N,2.0,N,,0,S,20,14,2.0,S
2026,17821,17,GEOLOGÍA (VALDIVIA),UNIVERSIDAD AUSTRAL DE CHILE,14,10,40,10,25,0,,15.0,N,485,,50,20.0,,,N,,,N,2.0,N,,0,S,10,14,4.0,S
2026,17822,17,INGENIERÍA CIVIL INDUSTRIAL (VALDIVIA),UNIVERSIDAD AUSTRAL DE CHILE,14,10,30,10,35,5,,10.0,S,485,,70,15.0,,,N,,,N,2.0,N,,0,S,15,14,4.0,S
2026,17823,17,PEDAGOGÍA EN EDUCACIÓN BÁSICA CON MENCIONES (PUERTO MONTT),UNIVERSIDAD AUSTRAL DE CHILE,14,20,30,20,20,0,10.0,10.0,N,485,,35,15.0,,,N,,,S,2.0,S,,0,S,12,10,,N
2026,17825,17,ENFERMERÍA (PUERTO MONTT),UNIVERSIDAD AUSTRAL DE CHILE,14,20,30,15,20,0,,15.0,N,500,,50,22.0,,,N,,,N,2.0,N,,0,S,12,10,,N
2026,17826,17,PSICOLOGÍA (VALDIVIA),UNIVERSIDAD AUSTRAL DE CHILE,14,20,30,20,20,0,10.0,10.0,N,485,,57,9.0,,,N,,,S,2.0,N,,0,S,7,14,,N
2026,17827,17,INGENIERIA EN CONSERVACIÓN DE RECURSOS NATURALES - INGENIERÍA FORESTAL (VALDIVIA),UNIVERSIDAD AUSTRAL DE CHILE,14,10,30,15,25,5,,15.0,S,485,,60,15.0,,,N,,,N,2.0,N,,0,S,11,14,4.0,S
2026,17831,17,ADMINISTRACIÓN PUBLICA (PUERTO MONTT),UNIVERSIDAD AUSTRAL DE CHILE,14,20,30,25,15,0,10.0,,N,485,,45,26.0,,,N,,,N,2.0,N,,0,S,10,10,,N
2026,17832,17,TERAPIA OCUPACIONAL (PUERTO MONTT),UNIVERSIDAD AUSTRAL DE CHILE,14,15,30,20,20,0,,15.0,N,500,,45,11.0,,,N,,,N,2.0,N,,0,S,12,10,,N
2026,17833,17,ARTES MUSICALES Y SONORAS (VALDIVIA),UNIVERSIDAD AUSTRAL DE CHILE,14,10,10,20,20,0,10.0,10.0,N,485,,30,5.0,,,S,PONDERA,30.0,S,2.0,N,,0,S,20,14,,N
2026,17834,17,DISEÑO (VALDIVIA),UNIVERSIDAD AUSTRAL DE CHILE,14,10,40,20,20,0,10.0,10.0,N,485,,45,15.0,,,N,,,S,2.0,N,,0,S,10,14,,N
2026,17835,17,DERECHO (PUERTO MONTT),UNIVERSIDAD AUSTRAL DE CHILE,14,10,30,30,10,0,20.0,,N,500,,45,20.0,,,N,,,N,2.0,N,,0,S,10,10,,N
2026,17836,17,CREACIÓN AUDIOVISUAL (VALDIVIA),UNIVERSIDAD AUSTRAL DE CHILE,14,20,30,20,20,0,10.0,,N,485,,30,15.0,,,N,,,N,2.0,N,,0,S,8,14,,N
2026,17837,17,ARQUEOLOGÍA (PUERTO MONTT),UNIVERSIDAD AUSTRAL DE CHILE,14,15,35,20,10,0,20.0,,N,485,,40,18.0,,,N,,,N,2.0,N,,0,S,12,10,,N
2026,17838,17,ADMINISTRACIÓN PÚBLICA (VALDIVIA),UNIVERSIDAD AUSTRAL DE CHILE,14,20,30,25,15,0,10.0,,N,485,,55,19.0,,,N,,,N,2.0,N,,0,S,12,14,,N
2026,17839,17,INGENIERÍA AMBIENTAL (PUERTO MONTT),UNIVERSIDAD AUSTRAL DE CHILE,14,10,30,20,25,5,,10.0,S,485,,35,15.0,,,N,,,N,2.0,N,,0,S,12,10,4.0,S
2026,17840,17,PEDAGOGÍA EN EDUCACIÓN PARVULARIA (PUERTO MONTT),UNIVERSIDAD AUSTRAL DE CHILE,14,10,50,15,10,0,15.0,,N,485,,30,15.0,,,N,,,N,2.0,S,,0,S,15,10,,N
2026,17841,17,TRABAJO SOCIAL (PUERTO MONTT),UNIVERSIDAD AUSTRAL DE CHILE,14,20,30,20,15,0,15.0,,N,485,,40,15.0,,,N,,,N,2.0,N,,0,S,9,10,,N
2026,17842,17,PEDAGOGÍA EN EDUCACIÓN PARVULARIA (VALDIVIA),UNIVERSIDAD AUSTRAL DE CHILE,14,10,50,15,10,0,15.0,,N,485,,42,15.0,,,N,,,N,2.0,S,,0,S,10,14,,N
2026,17843,17,QUÍMICA (VALDIVIA),UNIVERSIDAD AUSTRAL DE CHILE,14,15,30,15,20,0,,20.0,N,500,,20,10.0,,,N,,,N,2.0,N,,0,S,5,14,3.0,S
2026,17844,17,BIOLOGÍA (VALDIVIA),UNIVERSIDAD AUSTRAL DE CHILE,14,10,30,20,20,0,,20.0,N,500,,50,11.0,,,N,,,N,2.0,N,,0,S,9,14,4.0,S
2026,18039,18,PERIODISMO,UNIVERSIDAD CATOLICA DEL NORTE,2,20,30,30,10,0,10.0,,N,458,500.0,40,15.0,,,N,,,N,1.0,N,,0,S,20,2,,N
2026,18040,18,ARQUITECTURA,UNIVERSIDAD CATOLICA DEL NORTE,2,20,25,20,25,0,10.0,10.0,N,458,500.0,65,20.0,,,N,,,S,1.0,N,,0,S,18,2,,N
2026,18041,18,INGENIERIA EN CONSTRUCCION,UNIVERSIDAD CATOLICA DEL NORTE,2,15,40,10,20,5,10.0,10.0,S,458,500.0,15,15.0,,,N,,,S,1.0,N,,0,S,20,2,3.0,S
2026,18046,18,INGENIERIA COMERCIAL,UNIVERSIDAD CATOLICA DEL NORTE,2,15,30,15,30,0,10.0,10.0,N,458,500.0,90,25.0,,,N,,,S,1.0,N,,0,S,15,2,,N
2026,18054,18,GEOLOGIA,UNIVERSIDAD CATOLICA DEL NORTE,2,10,25,15,30,10,,10.0,S,458,500.0,55,5.0,,,N,,,N,1.0,N,,0,S,10,2,1.0,S
2026,18055,18,INGENIERÍA CIVIL PLAN COMÚN,UNIVERSIDAD CATOLICA DEL NORTE,2,10,30,15,30,5,10.0,10.0,S,458,500.0,40,20.0,,,N,,,S,1.0,N,,0,S,25,2,5.0,S
2026,18056,18,CONTADOR AUDITOR - CONTADOR PUBLICO (DIURNO),UNIVERSIDAD CATOLICA DEL NORTE,2,25,35,10,20,0,10.0,10.0,N,458,500.0,35,18.0,,,N,,,S,1.0,N,,0,S,18,2,,N
2026,18057,18,INGENIERIA EN COMPUTACION E INFORMATICA,UNIVERSIDAD CATOLICA DEL NORTE,2,15,25,15,30,5,10.0,10.0,S,458,500.0,40,20.0,,,N,,,S,1.0,N,,0,S,20,2,3.0,S
2026,18058,18,INGENIERIA EN METALURGIA,UNIVERSIDAD CATOLICA DEL NORTE,2,15,30,10,30,5,10.0,10.0,S,458,500.0,20,15.0,,,N,,,S,1.0,N,,0,S,20,2,4.0,S
2026,18060,18,DERECHO,UNIVERSIDAD CATOLICA DEL NORTE,2,15,25,40,10,0,10.0,,N,458,500.0,90,15.0,,,N,,,N,1.0,N,,0,S,20,2,,N
2026,18061,18,PSICOLOGIA,UNIVERSIDAD CATOLICA DEL NORTE,2,20,30,25,15,0,10.0,10.0,N,458,500.0,70,15.0,,,N,,,S,1.0,N,,0,S,10,2,,N
2026,18062,18,INGENIERIA CIVIL INDUSTRIAL,UNIVERSIDAD CATOLICA DEL NORTE,2,10,25,15,35,5,10.0,10.0,S,458,500.0,80,10.0,,,N,,,S,1.0,N,,0,S,15,2,1.0,S
2026,18063,18,QUIMICA Y FARMACIA,UNIVERSIDAD CATOLICA DEL NORTE,2,20,20,20,25,0,,15.0,N,458,500.0,65,10.0,,,N,,,N,1.0,N,,0,S,15,2,,N
2026,18064,18,LICENCIATURA EN FISICA CON MENCION EN ASTRONOMIA,UNIVERSIDAD CATOLICA DEL NORTE,2,15,25,20,25,5,,10.0,S,458,500.0,35,20.0,,,N,,,N,1.0,N,,0,S,15,2,5.0,S
2026,18065,18,INGENIERIA CIVIL AMBIENTAL,UNIVERSIDAD CATOLICA DEL NORTE,2,10,30,15,30,5,10.0,10.0,S,458,500.0,25,15.0,,,N,,,S,1.0,N,,0,S,20,2,5.0,S
2026,18066,18,PEDAGOGIA EN INGLES,UNIVERSIDAD CATOLICA DEL NORTE,2,15,25,35,15,0,10.0,,N,458,,45,20.0,,,N,,,N,1.0,S,,1,S,10,2,,N
2026,18067,18,INGENIERIA CIVIL,UNIVERSIDAD CATOLICA DEL NORTE,2,10,30,15,30,5,10.0,10.0,S,458,500.0,40,15.0,,,N,,,S,1.0,N,,0,S,20,2,5.0,S
2026,18068,18,INGENIERIA CIVIL EN COMPUTACION E INFORMATICA,UNIVERSIDAD CATOLICA DEL NORTE,2,15,25,15,30,5,10.0,10.0,S,458,500.0,90,20.0,,,N,,,S,1.0,N,,0,S,18,2,3.0,S
2026,18069,18,INGENIERIA CIVIL METALURGICA,UNIVERSIDAD CATOLICA DEL NORTE,2,10,25,10,40,5,10.0,10.0,S,458,500.0,50,20.0,,,N,,,S,1.0,N,,0,S,18,2,5.0,S
2026,18070,18,INGENIERIA CIVIL QUIMICA,UNIVERSIDAD CATOLICA DEL NORTE,2,25,25,10,25,5,10.0,10.0,S,458,500.0,30,15.0,,,N,,,S,1.0,N,,0,S,20,2,3.0,S
2026,18071,18,INGENIERIA EN INFORMACION Y CONTROL DE GESTION,UNIVERSIDAD CATOLICA DEL NORTE,2,15,35,10,30,0,10.0,10.0,N,458,500.0,35,15.0,,,N,,,S,1.0,N,,0,S,15,2,,N
2026,18072,18,INGENIERIA CIVIL DE MINAS,UNIVERSIDAD CATOLICA DEL NORTE,2,15,20,15,35,5,10.0,10.0,S,458,500.0,60,18.0,,,N,,,S,1.0,N,,0,S,18,2,1.0,S
2026,18073,18,PEDAGOGIA EN EDUCACION BASICA CON ESPECIALIZACION,UNIVERSIDAD CATOLICA DEL NORTE,2,20,30,20,20,0,10.0,10.0,N,458,,30,15.0,,,N,,,S,1.0,S,,1,S,10,2,,N
2026,18074,18,LICENCIATURA EN MATEMÁTICA,UNIVERSIDAD CATOLICA DEL NORTE,2,10,40,10,30,0,,10.0,N,458,500.0,5,5.0,,,N,,,N,1.0,N,,0,S,16,2,1.0,S
2026,18075,18,PEDAGOGIA EN MATEMATICA EN EDUCACION MEDIA,UNIVERSIDAD CATOLICA DEL NORTE,2,15,25,15,30,5,,10.0,S,458,,17,10.0,,,N,,,N,1.0,S,,1,S,10,2,,N
2026,18077,18,ANALISTA QUIMICO,UNIVERSIDAD CATOLICA DEL NORTE,2,25,25,20,20,0,,10.0,N,458,500.0,10,5.0,,,N,,,N,1.0,N,,0,S,18,2,2.0,S
2026,18079,18,QUIMICA INDUSTRIAL,UNIVERSIDAD CATOLICA DEL NORTE,2,25,25,15,25,0,,10.0,N,458,500.0,12,8.0,,,N,,,N,1.0,N,,0,S,25,2,2.0,S
2026,18080,18,BIOLOGIA MARINA,UNIVERSIDAD CATOLICA DEL NORTE,2,15,35,20,20,0,10.0,10.0,N,458,500.0,46,27.0,,,N,,,S,3.0,N,,0,S,22,4,8.0,S
2026,18081,18,INGENIERIA EN ACUICULTURA,UNIVERSIDAD CATOLICA DEL NORTE,2,20,30,10,30,0,10.0,10.0,N,458,500.0,15,12.0,,,N,,,S,1.0,N,,0,S,20,4,,N
2026,18083,18,DERECHO,UNIVERSIDAD CATOLICA DEL NORTE,2,15,25,40,10,0,10.0,,N,458,500.0,95,15.0,,,N,,,N,3.0,N,,0,S,18,4,,N
2026,18084,18,INGENIERIA COMERCIAL,UNIVERSIDAD CATOLICA DEL NORTE,2,15,30,15,30,0,10.0,10.0,N,458,500.0,110,15.0,,,N,,,S,2.0,N,,0,S,12,4,,N
2026,18085,18,PEDAGOGIA EN FILOSOFIA Y RELIGION,UNIVERSIDAD CATOLICA DEL NORTE,2,20,30,25,15,0,10.0,10.0,N,458,,7,1.0,,,N,,,S,1.0,S,,1,S,12,4,,N
2026,18086,18,INGENIERIA EN PREVENCION DE RIESGOS Y MEDIOAMBIENTE,UNIVERSIDAD CATOLICA DEL NORTE,2,20,30,10,25,5,10.0,10.0,S,458,500.0,35,23.0,,,N,,,S,2.0,N,,0,S,20,4,5.0,S
2026,18087,18,MEDICINA,UNIVERSIDAD CATOLICA DEL NORTE,2,10,20,25,25,0,,20.0,N,458,500.0,54,4.0,,,N,,,N,3.0,N,,0,S,4,4,,N
2026,18089,18,ENFERMERIA,UNIVERSIDAD CATOLICA DEL NORTE,2,15,20,25,25,0,,15.0,N,458,500.0,40,7.0,,,N,,,N,2.0,N,,0,S,7,4,,N
2026,18090,18,KINESIOLOGIA,UNIVERSIDAD CATOLICA DEL NORTE,2,15,20,25,25,0,,15.0,N,458,500.0,36,10.0,,,N,,,N,2.0,N,,0,S,7,4,,N
2026,18091,18,NUTRICION Y DIETETICA,UNIVERSIDAD CATOLICA DEL NORTE,2,15,20,25,25,0,,15.0,N,458,500.0,35,12.0,,,N,,,N,2.0,N,,0,S,7,4,,N
2026,18092,18,INGENIERIA CIVIL EN COMPUTACION E INFORMATICA,UNIVERSIDAD CATOLICA DEL NORTE,2,15,25,15,30,5,10.0,10.0,S,458,500.0,90,14.0,,,N,,,S,1.0,N,,0,S,18,4,1.0,S
2026,18093,18,INGENIERIA CIVIL INDUSTRIAL,UNIVERSIDAD CATOLICA DEL NORTE,2,10,25,15,35,5,10.0,10.0,S,458,500.0,110,13.0,,,N,,,S,2.0,N,,0,S,12,4,1.0,S
2026,18094,18,INGENIERIA EN INFORMACION Y CONTROL DE GESTION,UNIVERSIDAD CATOLICA DEL NORTE,2,15,35,10,30,0,10.0,10.0,N,458,500.0,70,10.0,,,N,,,S,1.0,N,,0,S,15,4,,N
2026,18095,18,INGENIERIA EN TECNOLOGIAS DE INFORMACION,UNIVERSIDAD CATOLICA DEL NORTE,2,15,20,15,35,5,10.0,10.0,S,458,500.0,50,20.0,,,N,,,S,1.0,N,,0,S,15,4,5.0,S
2026,18096,18,PEDAGOGIA EN EDUCACION DIFERENCIAL CON MENCION  EN DESARROLLO EMOCIONAL Y COGNITIVO,UNIVERSIDAD CATOLICA DEL NORTE,2,20,20,25,25,0,10.0,10.0,N,458,,50,20.0,,,N,,,S,2.0,S,,1,S,20,4,,N
2026,18200,18,INGENIERÍA CIVIL EN CONSTRUCCIÓN,UNIVERSIDAD CATOLICA DEL NORTE,2,15,25,20,25,5,10.0,10.0,S,458,500.0,12,12.0,,,N,,,S,1.0,N,,0,S,20,2,2.0,S
2026,18201,18,PEDAGOGIA EN EDUCACION PARVULARIA CON MENCION  EN DESARROLLO EMOCIONAL Y COGNITIVO,UNIVERSIDAD CATOLICA DEL NORTE,2,10,40,30,10,0,10.0,10.0,N,458,,38,17.0,,,N,,,S,1.0,S,,1,S,10,2,,N
2026,18202,18,PEDAGOGÍA EN EDUCACIÓN DIFERENCIAL CON MENCIÓN EN DESARROLLO EMOCIONAL Y COGNITIVO,UNIVERSIDAD CATOLICA DEL NORTE,2,20,20,25,25,0,10.0,10.0,N,458,,35,16.0,,,N,,,S,1.0,S,,1,S,10,2,,N
2026,18203,18,INGENIERÍA CIVIL ELECTRÓNICA,UNIVERSIDAD CATOLICA DEL NORTE,2,10,30,15,30,5,10.0,10.0,S,458,500.0,55,12.0,,,N,,,S,1.0,N,,0,S,14,2,5.0,S
2026,18204,18,INGENIERÍA CIVIL EN ENERGÍA,UNIVERSIDAD CATOLICA DEL NORTE,2,15,25,15,30,5,10.0,10.0,S,458,500.0,40,10.0,,,N,,,S,1.0,N,,0,S,20,2,5.0,S
2026,19003,19,PEDAGOGÍA EN HISTORIA Y CIENCIAS SOCIALES,UNIVERSIDAD DE VALPARAISO,5,10,40,20,10,0,20.0,,N,626,,40,10.0,,,N,,,N,3.0,S,,1,S,5,5,,N
2026,19004,19,INGENIERÍA EN INFORMÁTICA,UNIVERSIDAD DE VALPARAISO,5,10,30,10,35,5,10.0,10.0,S,458,,40,15.0,,,N,,,S,5.0,N,,0,S,9,5,7.0,S
2026,19005,19,ADMINISTRACIÓN PÚBLICA,UNIVERSIDAD DE VALPARAISO,5,15,25,25,20,0,15.0,,N,458,,50,15.0,,,N,,,N,2.0,N,,0,S,2,13,,N
2026,19009,19,PEDAGOGÍA EN LENGUA Y LITERATURA,UNIVERSIDAD DE VALPARAISO,5,20,30,25,10,0,15.0,15.0,N,626,,45,15.0,,,N,,,S,2.0,S,,1,S,5,5,,N
2026,19010,19,PEDAGOGÍA EN FILOSOFÍA,UNIVERSIDAD DE VALPARAISO,5,10,40,20,10,0,20.0,,N,626,,20,5.0,,,N,,,N,2.0,S,,1,S,5,5,,N
2026,19012,19,SOCIOLOGÍA,UNIVERSIDAD DE VALPARAISO,5,20,20,25,20,0,15.0,,N,458,,75,25.0,,,N,,,N,3.0,N,,0,S,5,5,,N
2026,19015,19,PEDAGOGÍA EN MÚSICA,UNIVERSIDAD DE VALPARAISO,5,10,40,25,15,0,10.0,10.0,N,626,,40,15.0,,,N,,,S,2.0,S,,1,S,5,5,,N
2026,19017,19,INGENIERÍA CIVIL - PLAN COMÚN,UNIVERSIDAD DE VALPARAISO,5,10,30,10,35,5,10.0,10.0,S,458,,50,5.0,,,N,,,S,2.0,N,,0,S,7,5,5.0,S
2026,19018,19,INGENIERÍA CIVIL AMBIENTAL,UNIVERSIDAD DE VALPARAISO,5,10,30,10,35,5,10.0,10.0,S,458,,35,15.0,,,N,,,S,2.0,N,,0,S,4,5,5.0,S
2026,19019,19,INGENIERÍA CIVIL MATEMÁTICA,UNIVERSIDAD DE VALPARAISO,5,10,30,10,35,5,10.0,10.0,S,458,,15,10.0,,,N,,,S,2.0,N,,0,S,2,5,2.0,S
2026,19020,19,ARQUITECTURA,UNIVERSIDAD DE VALPARAISO,5,10,30,30,20,0,10.0,10.0,N,458,,130,20.0,,,N,,,S,3.0,N,,0,S,9,5,,N
2026,19021,19,INGENIERÍA CIVIL,UNIVERSIDAD DE VALPARAISO,5,10,30,10,35,5,10.0,10.0,S,458,,50,10.0,,,N,,,S,3.0,N,,0,S,10,5,5.0,S
2026,19022,19,DISEÑO,UNIVERSIDAD DE VALPARAISO,5,20,40,20,10,0,10.0,10.0,N,458,,75,27.0,,,N,,,S,2.0,N,,0,S,20,5,,N
2026,19024,19,CINE,UNIVERSIDAD DE VALPARAISO,5,10,40,30,10,0,10.0,10.0,N,458,,40,32.0,,,N,,,S,2.0,N,,0,S,10,5,,N
2026,19026,19,INGENIERÍA EN CONSTRUCCIÓN,UNIVERSIDAD DE VALPARAISO,5,10,30,10,35,5,10.0,10.0,S,458,,50,10.0,,,N,,,S,5.0,N,,0,S,5,5,5.0,S
2026,19027,19,GESTIÓN EN TURISMO Y CULTURA,UNIVERSIDAD DE VALPARAISO,5,20,40,20,10,0,10.0,10.0,N,458,,40,22.0,,,N,,,S,5.0,N,,0,S,12,5,,N
2026,19028,19,TEATRO,UNIVERSIDAD DE VALPARAISO,5,10,10,10,10,0,10.0,10.0,N,458,,25,15.0,,,S,PONDERA,50.0,S,2.0,N,,0,S,7,5,,N
2026,19030,19,DERECHO,UNIVERSIDAD DE VALPARAISO,5,10,25,25,25,0,15.0,15.0,N,458,,150,50.0,,,N,,,S,5.0,N,,0,S,8,5,,N
2026,19031,19,TRABAJO SOCIAL,UNIVERSIDAD DE VALPARAISO,5,20,30,20,20,0,10.0,,N,458,,78,15.0,,,N,,,N,3.0,N,,0,S,3,5,,N
2026,19034,19,INGENIERÍA EN FINANZAS,UNIVERSIDAD DE VALPARAISO,5,15,35,20,20,0,10.0,10.0,N,458,,40,10.0,,,N,,,S,2.0,N,,0,S,2,5,,N
2026,19035,19,INGENIERÍA EN INFORMACIÓN Y CONTROL DE GESTIÓN,UNIVERSIDAD DE VALPARAISO,5,20,30,10,30,0,10.0,10.0,N,458,,40,10.0,,,N,,,S,2.0,N,,0,S,2,13,,N
2026,19036,19,OBSTETRICIA Y PUERICULTURA,UNIVERSIDAD DE VALPARAISO,5,10,20,30,20,0,,20.0,N,458,,35,5.0,,,N,,,N,2.0,N,,0,S,1,5,,N
2026,19037,19,EDUCACIÓN PARVULARIA,UNIVERSIDAD DE VALPARAISO,5,10,40,30,10,0,10.0,10.0,N,626,,35,30.0,,,N,,,S,2.0,S,,1,S,8,5,,N
2026,19039,19,MEDICINA,UNIVERSIDAD DE VALPARAISO,5,10,30,20,20,0,,20.0,N,458,,50,6.0,,,N,,,N,2.0,N,,0,S,1,5,,N
2026,19040,19,MEDICINA,UNIVERSIDAD DE VALPARAISO,5,10,30,20,20,0,,20.0,N,458,,74,6.0,,,N,,,N,2.0,N,,0,S,1,5,,N
2026,19041,19,ENFERMERÍA,UNIVERSIDAD DE VALPARAISO,5,15,25,20,20,0,,20.0,N,458,,85,25.0,,,N,,,N,2.0,N,,0,S,1,5,,N
2026,19042,19,ENFERMERÍA,UNIVERSIDAD DE VALPARAISO,5,15,25,20,20,0,,20.0,N,458,,50,20.0,,,N,,,N,2.0,N,,0,S,1,5,,N
2026,19043,19,KINESIOLOGÍA,UNIVERSIDAD DE VALPARAISO,5,10,20,25,20,0,,25.0,N,458,,80,10.0,,,N,,,N,2.0,N,,0,S,2,5,,N
2026,19044,19,FONOAUDIOLOGÍA,UNIVERSIDAD DE VALPARAISO,5,20,20,30,20,0,10.0,10.0,N,458,,45,5.0,,,N,,,S,2.0,N,,0,S,5,5,,N
2026,19045,19,PSICOLOGÍA,UNIVERSIDAD DE VALPARAISO,5,10,30,30,20,0,10.0,,N,458,,100,30.0,,,N,,,N,2.0,N,,0,S,6,5,,N
2026,19046,19,FONOAUDIOLOGÍA,UNIVERSIDAD DE VALPARAISO,5,20,20,30,20,0,10.0,10.0,N,458,,50,5.0,,,N,,,S,2.0,N,,0,S,5,5,,N
2026,19047,19,OBSTETRICIA Y PUERICULTURA,UNIVERSIDAD DE VALPARAISO,5,10,20,30,20,0,,20.0,N,458,,75,10.0,,,N,,,N,1.0,N,,0,S,1,5,,N
2026,19048,19,TECNOLOGÍA MÉDICA,UNIVERSIDAD DE VALPARAISO,5,10,30,20,20,0,,20.0,N,458,,50,10.0,,,N,,,N,2.0,N,,0,S,1,5,,N
2026,19049,19,TECNOLOGÍA MÉDICA,UNIVERSIDAD DE VALPARAISO,5,10,30,20,20,0,,20.0,N,458,,70,8.0,,,N,,,N,2.0,N,,0,S,1,5,,N
2026,19050,19,ODONTOLOGÍA,UNIVERSIDAD DE VALPARAISO,5,25,25,20,20,0,,10.0,N,458,,72,20.0,,,N,,,N,2.0,N,,0,S,4,5,,N
2026,19052,19,INGENIERÍA CIVIL INDUSTRIAL,UNIVERSIDAD DE VALPARAISO,5,10,30,10,35,5,10.0,10.0,S,458,,110,40.0,,,N,,,S,6.0,N,,0,S,5,5,5.0,S
2026,19060,19,INGENIERÍA COMERCIAL,UNIVERSIDAD DE VALPARAISO,5,10,40,20,20,0,10.0,10.0,N,458,,150,70.0,,,N,,,S,12.0,N,,0,S,10,5,,N
2026,19062,19,AUDITORÍA,UNIVERSIDAD DE VALPARAISO,5,15,35,15,25,0,10.0,10.0,N,458,,70,20.0,,,N,,,S,5.0,N,,0,S,10,5,,N
2026,19068,19,ADMINISTRACIÓN PÚBLICA,UNIVERSIDAD DE VALPARAISO,5,15,25,25,20,0,15.0,,N,458,,85,20.0,,,N,,,N,2.0,N,,0,S,6,5,,N
2026,19074,19,INGENIERÍA AMBIENTAL,UNIVERSIDAD DE VALPARAISO,5,10,40,10,25,5,10.0,10.0,S,458,,45,12.0,,,N,,,S,4.0,N,,0,S,4,5,5.0,S
2026,19075,19,LICENCIATURA EN CIENCIAS MENCION EN BIOLOGÍA O EN QUIMICA,UNIVERSIDAD DE VALPARAISO,5,10,30,20,20,0,,20.0,N,458,,30,10.0,,,N,,,N,3.0,N,,0,S,2,5,2.0,S
2026,19076,19,INGENIERÍA CIVIL BIOMÉDICA,UNIVERSIDAD DE VALPARAISO,5,10,30,10,25,15,10.0,10.0,S,458,,70,20.0,,,N,,,S,4.0,N,,0,S,4,5,5.0,S
2026,19078,19,LICENCIATURA EN FÍSICA MENCION ASTRONOMÍA O CIENCIAS ATMOSFÉRICAS O COMPUTACIÓN CIENTÍFICA,UNIVERSIDAD DE VALPARAISO,5,10,15,15,45,0,,15.0,N,458,,45,15.0,,,N,,,N,5.0,N,,0,S,2,5,2.0,S
2026,19079,19,PEDAGOGÍA EN MATEMÁTICAS O LICENCIATURA EN MATEMÁTICAS,UNIVERSIDAD DE VALPARAISO,5,10,35,10,30,5,10.0,10.0,S,626,,30,10.0,,,N,,,S,3.0,S,,1,S,3,5,,N
2026,19080,19,BIOLOGÍA MARINA,UNIVERSIDAD DE VALPARAISO,5,15,30,15,25,0,,15.0,N,458,,55,12.0,,,N,,,N,1.0,N,,0,S,12,5,1.0,S
2026,19081,19,INGENIERÍA CIVIL OCEÁNICA,UNIVERSIDAD DE VALPARAISO,5,10,30,10,35,5,10.0,10.0,S,458,,23,3.0,,,N,,,S,4.0,N,,0,S,10,5,2.0,S
2026,19083,19,INGENIERÍA EN INFORMACIÓN Y CONTROL DE GESTIÓN,UNIVERSIDAD DE VALPARAISO,5,20,30,10,30,0,10.0,10.0,N,458,,40,20.0,,,N,,,S,5.0,N,,0,S,5,5,,N
2026,19084,19,INGENIERÍA EN ESTADÍSTICA Y CIENCIA DE DATOS,UNIVERSIDAD DE VALPARAISO,5,10,25,15,35,5,10.0,10.0,S,458,,30,10.0,,,N,,,S,5.0,N,,0,S,7,5,2.0,S
2026,19085,19,INGENIERÍA CIVIL INFORMÁTICA,UNIVERSIDAD DE VALPARAISO,5,10,30,10,35,5,10.0,10.0,S,458,,75,35.0,,,N,,,S,8.0,N,,0,S,8,5,5.0,S
2026,19086,19,ADMINISTRACIÓN HOTELERA Y GASTRONÓMICA,UNIVERSIDAD DE VALPARAISO,5,10,40,20,20,0,10.0,10.0,N,458,,60,55.0,,,N,,,S,5.0,N,,0,S,12,5,,N
2026,19088,19,INGENIERÍA EN NEGOCIOS INTERNACIONALES,UNIVERSIDAD DE VALPARAISO,5,10,30,20,30,0,10.0,10.0,N,458,,80,50.0,,,N,,,S,5.0,N,,0,S,5,5,,N
2026,19089,19,INGENIERÍA EN NEGOCIOS INTERNACIONALES,UNIVERSIDAD DE VALPARAISO,5,10,30,20,30,0,10.0,10.0,N,458,,30,20.0,,,N,,,S,5.0,N,,0,S,6,13,,N
2026,19090,19,QUÍMICA Y FARMACIA,UNIVERSIDAD DE VALPARAISO,5,10,45,15,20,0,,10.0,N,458,,70,30.0,,,N,,,N,2.0,N,,0,S,5,5,,N
2026,19091,19,NUTRICIÓN Y DIETÉTICA,UNIVERSIDAD DE VALPARAISO,5,10,45,15,20,0,,10.0,N,458,,70,30.0,,,N,,,N,2.0,N,,0,S,5,5,,N
2026,19092,19,ECOLOGÍA,UNIVERSIDAD DE VALPARAISO,5,10,30,20,20,0,,20.0,N,458,,30,15.0,,,N,,,N,3.0,N,,0,S,7,5,5.0,S
2026,19093,19,AUDITORÍA,UNIVERSIDAD DE VALPARAISO,5,15,35,15,25,0,10.0,10.0,N,458,,30,15.0,,,N,,,S,2.0,N,,0,S,2,13,,N
2026,19094,19,INGENIERÍA CIVIL INDUSTRIAL,UNIVERSIDAD DE VALPARAISO,5,10,30,10,35,5,10.0,10.0,S,458,,70,20.0,,,N,,,S,6.0,N,,0,S,2,13,5.0,S
2026,19095,19,INGENIERÍA COMERCIAL,UNIVERSIDAD DE VALPARAISO,5,10,40,20,20,0,10.0,10.0,N,458,,60,25.0,,,N,,,S,2.0,N,,0,S,2,13,,N
2026,19100,19,INGENIERÍA EN GESTIÓN LOGÍSTICA,UNIVERSIDAD DE VALPARAISO,5,10,30,10,40,0,10.0,10.0,N,458,,40,10.0,,,N,,,S,2.0,N,,0,S,2,5,,N
2026,20007,20,PEDAGOGÍA EN ARTES VISUALES,UNIVERSIDAD METROPOLITANA DE CIENCIAS DE LA EDUCACION,13,15,15,25,25,0,20.0,,N,485,,55,5.0,,,N,,,N,5.0,S,,1,S,20,13,,N
2026,20011,20,PEDAGOGÍA EN MÚSICA,UNIVERSIDAD METROPOLITANA DE CIENCIAS DE LA EDUCACION,13,10,40,20,20,0,10.0,10.0,N,485,,40,5.0,,,N,,,S,5.0,S,,1,S,25,13,,N
2026,20012,20,DIRECCIÓN DE AGRUPACIONES MUSICALES INSTRUMENTALES,UNIVERSIDAD METROPOLITANA DE CIENCIAS DE LA EDUCACION,13,10,40,20,20,0,10.0,10.0,N,485,485.0,25,5.0,,,N,,,S,5.0,N,,0,S,20,13,,N
2026,20022,20,PEDAGOGÍA EN BIOLOGÍA CON MENCIÓN,UNIVERSIDAD METROPOLITANA DE CIENCIAS DE LA EDUCACION,13,20,40,15,10,0,,15.0,N,485,,50,5.0,,,N,,,N,5.0,S,,1,S,20,13,,N
2026,20023,20,PEDAGOGÍA EN FÍSICA CON MENCIÓN,UNIVERSIDAD METROPOLITANA DE CIENCIAS DE LA EDUCACION,13,10,25,20,30,5,,10.0,S,485,,25,3.0,,,N,,,N,3.0,S,,1,S,15,13,,N
2026,20024,20,PEDAGOGÍA EN MATEMÁTICA CON MENCIÓN,UNIVERSIDAD METROPOLITANA DE CIENCIAS DE LA EDUCACION,13,10,35,10,30,5,,10.0,S,485,,70,10.0,,,N,,,N,10.0,S,,1,S,15,13,,N
2026,20025,20,PEDAGOGÍA EN QUÍMICA CON MENCIÓN,UNIVERSIDAD METROPOLITANA DE CIENCIAS DE LA EDUCACION,13,20,30,20,20,0,,10.0,N,485,,25,10.0,,,N,,,N,6.0,S,,1,S,15,13,,N
2026,20050,20,PEDAGOGÍA EN EDUCACIÓN BÁSICA CON MENCIÓN,UNIVERSIDAD METROPOLITANA DE CIENCIAS DE LA EDUCACION,13,30,30,15,15,0,10.0,10.0,N,485,,100,15.0,,,N,,,S,10.0,S,,1,S,25,13,,N
2026,20052,20,"PEDAGOGÍA EN EDUCACIÓN ESPECIAL CON ESPECIALIDAD COM. Y LENGUAJE, EDUC. PERS. SORDAS O APRENDIZAJE",UNIVERSIDAD METROPOLITANA DE CIENCIAS DE LA EDUCACION,13,20,20,40,10,0,10.0,10.0,N,485,,60,6.0,,,N,,,S,6.0,S,,1,S,20,13,,N
2026,20054,20,PEDAGOGÍA EN EDUCACIÓN ESPECIAL CON ESPECIALIDAD EN PERSONAS CIEGAS Y RETOS MÚLTIPLES,UNIVERSIDAD METROPOLITANA DE CIENCIAS DE LA EDUCACION,13,30,30,20,10,0,10.0,10.0,N,485,,25,7.0,,,N,,,S,5.0,S,,1,S,25,13,,N
2026,20056,20,"PEDAGOGÍA EN EDUCACIÓN FÍSICA, DEPORTES Y RECREACIÓN (DAMAS)",UNIVERSIDAD METROPOLITANA DE CIENCIAS DE LA EDUCACION,13,20,30,20,20,0,10.0,10.0,N,485,,40,5.0,,,N,,,S,5.0,S,,1,S,20,13,,N
2026,20057,20,PEDAGOGÍA EN EDUCACIÓN ESPECIAL CON ESPECIALIDAD EN DISCAPACIDAD MENTAL Y DESARROLLO COGNITIVO,UNIVERSIDAD METROPOLITANA DE CIENCIAS DE LA EDUCACION,13,10,20,40,20,0,10.0,10.0,N,485,,50,7.0,,,N,,,S,3.0,S,,1,S,18,13,,N
2026,20061,20,"PEDAGOGÍA EN EDUCACIÓN FÍSICA, DEPORTES Y RECREACIÓN (VARONES)",UNIVERSIDAD METROPOLITANA DE CIENCIAS DE LA EDUCACION,13,20,30,20,20,0,10.0,10.0,N,485,,90,6.0,,,N,,,S,6.0,S,,1,S,25,13,,N
2026,20066,20,PEDAGOGÍA EN EDUCACIÓN PARVULARIA CON MENCIÓN EN INTEGRACIÓN CURRICULAR,UNIVERSIDAD METROPOLITANA DE CIENCIAS DE LA EDUCACION,13,10,40,30,10,0,10.0,10.0,N,485,,60,6.0,,,N,,,S,6.0,S,,1,S,25,13,,N
2026,20071,20,PEDAGOGÍA EN FILOSOFÍA,UNIVERSIDAD METROPOLITANA DE CIENCIAS DE LA EDUCACION,13,10,25,30,10,0,25.0,,N,485,,25,7.0,,,N,,,N,6.0,S,,1,S,25,13,,N
2026,20076,20,PEDAGOGÍA EN HISTORIA Y GEOGRAFÍA,UNIVERSIDAD METROPOLITANA DE CIENCIAS DE LA EDUCACION,13,20,20,20,10,0,30.0,,N,485,,90,7.0,,,N,,,N,6.0,S,,1,S,25,13,,N
2026,20081,20,PEDAGOGÍA EN ALEMÁN,UNIVERSIDAD METROPOLITANA DE CIENCIAS DE LA EDUCACION,13,20,30,30,10,0,10.0,10.0,N,485,,15,5.0,,,N,,,S,5.0,S,,1,S,15,13,,N
2026,20086,20,PEDAGOGÍA EN CASTELLANO,UNIVERSIDAD METROPOLITANA DE CIENCIAS DE LA EDUCACION,13,10,20,50,10,0,10.0,,N,485,,90,10.0,,,N,,,N,10.0,S,,1,S,25,13,,N
2026,20091,20,PEDAGOGÍA EN FRANCÉS,UNIVERSIDAD METROPOLITANA DE CIENCIAS DE LA EDUCACION,13,10,50,20,10,0,10.0,10.0,N,485,,15,5.0,,,N,,,S,5.0,S,,1,S,15,13,,N
2026,20096,20,PEDAGOGÍA EN INGLÉS,UNIVERSIDAD METROPOLITANA DE CIENCIAS DE LA EDUCACION,13,20,30,30,10,0,10.0,,N,485,,100,7.0,,,N,,,N,6.0,S,,1,S,25,13,,N
2026,20098,20,KINESIOLOGÍA,UNIVERSIDAD METROPOLITANA DE CIENCIAS DE LA EDUCACION,13,20,25,20,20,0,,15.0,N,485,485.0,55,5.0,,,N,,,N,5.0,N,,0,S,25,13,,N
2026,20099,20,PSICOLOGÍA,UNIVERSIDAD METROPOLITANA DE CIENCIAS DE LA EDUCACION,13,25,30,25,10,0,10.0,10.0,N,485,485.0,100,15.0,,,N,,,S,10.0,N,,0,S,25,13,,N
2026,20100,20,TERAPIA OCUPACIONAL,UNIVERSIDAD METROPOLITANA DE CIENCIAS DE LA EDUCACION,13,25,30,25,10,0,,10.0,N,485,485.0,50,10.0,,,N,,,N,10.0,N,,0,S,18,13,,N
2026,21002,21,BIBLIOTECOLOGIA Y DOCUMENTACION,UNIVERSIDAD TECNOLOGICA METROPOLITANA,13,20,20,40,10,0,10.0,10.0,N,458,,20,10.0,,,N,,,S,2.0,N,,0,S,21,13,,N
2026,21012,21,CONTADOR PUBLICO Y AUDITOR,UNIVERSIDAD TECNOLOGICA METROPOLITANA,13,25,20,25,20,0,10.0,10.0,N,458,,70,10.0,,,N,,,S,2.0,N,,0,S,21,13,,N
2026,21023,21,DISEÑO INDUSTRIAL,UNIVERSIDAD TECNOLOGICA METROPOLITANA,13,25,35,10,10,0,20.0,20.0,N,458,,40,20.0,,,N,,,S,7.0,N,,0,S,21,13,,S
2026,21024,21,DISEÑO EN COMUNICACION VISUAL,UNIVERSIDAD TECNOLOGICA METROPOLITANA,13,10,40,20,10,0,20.0,20.0,N,458,,60,20.0,,,N,,,S,9.0,N,,0,S,21,13,,N
2026,21030,21,INGENIERIA EN INFORMATICA,UNIVERSIDAD TECNOLOGICA METROPOLITANA,13,10,25,20,30,5,10.0,10.0,S,458,,150,30.0,,,N,,,S,5.0,N,,0,S,21,13,30.0,S
2026,21031,21,INGENIERIA EN GEOMENSURA,UNIVERSIDAD TECNOLOGICA METROPOLITANA,13,10,25,20,30,5,10.0,10.0,S,458,,20,10.0,,,N,,,S,5.0,N,,0,S,21,13,4.0,S
2026,21032,21,INGENIERIA EN CONSTRUCCION,UNIVERSIDAD TECNOLOGICA METROPOLITANA,13,20,25,20,20,5,10.0,10.0,S,458,,37,10.0,,,N,,,S,2.0,N,,0,S,21,13,7.0,S
2026,21033,21,DERECHO,UNIVERSIDAD TECNOLOGICA METROPOLITANA,13,10,25,35,10,0,20.0,,N,458,,90,10.0,,,N,,,N,5.0,N,,0,S,21,13,,N
2026,21041,21,INGENIERIA CIVIL EN COMPUTACION MENCION INFORMATICA,UNIVERSIDAD TECNOLOGICA METROPOLITANA,13,10,25,20,30,5,10.0,10.0,S,458,,200,30.0,,,N,,,S,5.0,N,,0,S,21,13,40.0,S
2026,21043,21,TRABAJO SOCIAL,UNIVERSIDAD TECNOLOGICA METROPOLITANA,13,20,30,20,10,0,20.0,,N,458,,60,10.0,,,N,,,N,5.0,N,,0,S,21,13,,N
2026,21045,21,INGENIERIA INDUSTRIAL,UNIVERSIDAD TECNOLOGICA METROPOLITANA,13,10,25,20,30,5,10.0,10.0,S,458,,30,10.0,,,N,,,S,5.0,N,,0,S,21,13,6.0,S
2026,21046,21,BACHILLERATO EN CIENCIAS DE LA INGENIERIA,UNIVERSIDAD TECNOLOGICA METROPOLITANA,13,10,25,20,35,0,10.0,10.0,N,458,,20,5.0,,,N,,,S,5.0,N,,0,S,21,13,,S
2026,21047,21,ARQUITECTURA,UNIVERSIDAD TECNOLOGICA METROPOLITANA,13,20,25,20,20,0,15.0,15.0,N,458,,120,20.0,,,N,,,S,2.0,N,,0,S,21,13,,N
2026,21048,21,INGENIERIA COMERCIAL,UNIVERSIDAD TECNOLOGICA METROPOLITANA,13,10,20,30,30,0,10.0,10.0,N,458,,120,10.0,,,N,,,S,2.0,N,,0,S,21,13,,N
2026,21049,21,INGENIERIA CIVIL EN CIENCIA DE DATOS,UNIVERSIDAD TECNOLOGICA METROPOLITANA,13,10,25,20,30,5,10.0,10.0,S,458,,25,10.0,,,N,,,S,5.0,N,,0,S,21,13,5.0,S
2026,21053,21,PSICOLOGÍA,UNIVERSIDAD TECNOLOGICA METROPOLITANA,13,10,20,30,20,0,20.0,20.0,N,458,,150,10.0,,,N,,,S,5.0,N,,0,S,22,13,,N
2026,21054,21,INGENIERIA EN ALIMENTOS,UNIVERSIDAD TECNOLOGICA METROPOLITANA,13,15,25,15,25,5,,15.0,S,458,,20,10.0,,,N,,,N,4.0,N,,0,S,21,13,4.0,S
2026,21055,21,INGENIERIA CIVIL MATEMATICA,UNIVERSIDAD TECNOLOGICA METROPOLITANA,13,15,25,10,30,10,,10.0,S,458,,20,5.0,,,N,,,N,2.0,N,,0,S,21,13,4.0,S
2026,21056,21,QUIMICA Y FARMACIA,UNIVERSIDAD TECNOLOGICA METROPOLITANA,13,15,25,15,30,0,,15.0,N,458,,120,10.0,,,N,,,N,2.0,N,,0,S,22,13,,N
2026,21057,21,INGENIERIA CIVIL BIOMEDICA,UNIVERSIDAD TECNOLOGICA METROPOLITANA,13,15,25,10,30,5,15.0,15.0,S,458,,70,10.0,,,N,,,S,2.0,N,,0,S,21,13,14.0,S
2026,21069,21,INGENIERIA CIVIL QUIMICA,UNIVERSIDAD TECNOLOGICA METROPOLITANA,13,15,25,10,30,5,,15.0,S,458,,60,5.0,,,N,,,N,2.0,N,,0,S,21,13,12.0,S
2026,21071,21,DIBUJANTE PROYECTISTA,UNIVERSIDAD TECNOLOGICA METROPOLITANA,13,10,25,20,35,0,10.0,10.0,N,458,,20,5.0,,,N,,,S,5.0,N,,0,S,21,13,,S
2026,21073,21,INGENIERIA EN BIOTECNOLOGIA,UNIVERSIDAD TECNOLOGICA METROPOLITANA,13,15,25,15,25,5,,15.0,S,458,,40,10.0,,,N,,,N,4.0,N,,0,S,21,13,8.0,S
2026,21074,21,INGENIERIA CIVIL EN OBRAS CIVILES,UNIVERSIDAD TECNOLOGICA METROPOLITANA,13,15,20,15,35,5,10.0,10.0,S,458,,50,10.0,,,N,,,S,2.0,N,,0,S,21,13,10.0,S
2026,21075,21,INGENIERIA CIVIL ELECTRONICA,UNIVERSIDAD TECNOLOGICA METROPOLITANA,13,10,25,20,30,5,10.0,10.0,S,458,,60,15.0,,,N,,,S,5.0,N,,0,S,21,13,12.0,S
2026,21076,21,INGENIERIA CIVIL INDUSTRIAL,UNIVERSIDAD TECNOLOGICA METROPOLITANA,13,10,25,20,30,5,10.0,10.0,S,458,,120,15.0,,,N,,,S,5.0,N,,0,S,21,13,24.0,S
2026,21081,21,INGENIERIA EN COMERCIO INTERNACIONAL,UNIVERSIDAD TECNOLOGICA METROPOLITANA,13,10,20,30,30,0,10.0,10.0,N,458,,120,10.0,,,N,,,S,3.0,N,,0,S,21,13,,N
2026,21082,21,INGENIERIA EN GESTION TURISTICA,UNIVERSIDAD TECNOLOGICA METROPOLITANA,13,25,20,25,20,0,10.0,10.0,N,458,,30,10.0,,,N,,,S,3.0,N,,0,S,21,13,,N
2026,21083,21,QUIMICA INDUSTRIAL,UNIVERSIDAD TECNOLOGICA METROPOLITANA,13,15,25,15,30,0,,15.0,N,458,,30,10.0,,,N,,,N,4.0,N,,0,S,21,13,6.0,S
2026,21087,21,INGENIERIA CIVIL EN PREVENCION DE RIESGOS Y MEDIO AMBIENTE,UNIVERSIDAD TECNOLOGICA METROPOLITANA,13,15,30,20,20,5,10.0,10.0,S,458,,20,10.0,,,N,,,S,5.0,N,,0,S,21,13,4.0,S
2026,21089,21,ADMINISTRACION PUBLICA,UNIVERSIDAD TECNOLOGICA METROPOLITANA,13,15,20,30,25,0,10.0,10.0,N,458,,40,10.0,,,N,,,S,5.0,N,,0,S,21,13,,N
2026,21096,21,INGENIERIA CIVIL EN MECANICA,UNIVERSIDAD TECNOLOGICA METROPOLITANA,13,10,25,20,30,5,10.0,10.0,S,458,,80,15.0,,,N,,,S,5.0,N,,0,S,21,13,16.0,S
2026,22004,22,CONTADOR AUDITOR-CONTADOR PÚBLICO(VESPERTINO),UNIVERSIDAD DE TARAPACA,15,10,40,15,25,0,10.0,10.0,N,458,458.0,34,10.0,,,N,,,S,2.0,N,,0,S,10,15,,N
2026,22005,22,INGENIERÍA COMERCIAL,UNIVERSIDAD DE TARAPACA,15,10,40,15,25,0,10.0,10.0,N,458,458.0,66,7.0,,,N,,,S,2.0,N,,0,S,10,15,,N
2026,22007,22,TRABAJO SOCIAL,UNIVERSIDAD DE TARAPACA,15,10,40,20,20,0,10.0,10.0,N,458,458.0,65,10.0,,,N,,,S,2.0,N,,0,S,10,15,,N
2026,22008,22,INGENIERÍA EN INFORMACIÓN Y CONTROL DE GESTIÓN,UNIVERSIDAD DE TARAPACA,15,10,40,15,25,0,10.0,10.0,N,458,458.0,30,5.0,,,N,,,S,2.0,N,,0,S,10,15,,N
2026,22019,22,SOCIOLOGÍA,UNIVERSIDAD DE TARAPACA,15,10,40,20,20,0,10.0,10.0,N,458,458.0,30,10.0,,,N,,,S,2.0,N,,0,S,5,15,,N
2026,22020,22,PSICOLOGÍA,UNIVERSIDAD DE TARAPACA,15,10,40,20,20,0,10.0,10.0,N,458,458.0,92,10.0,,,N,,,S,2.0,N,,0,S,10,15,,N
2026,22021,22,DERECHO,UNIVERSIDAD DE TARAPACA,15,10,40,20,20,0,10.0,,N,458,458.0,130,5.0,,,N,,,N,2.0,N,,0,S,10,15,,N
2026,22023,22,ANTROPOLOGÍA,UNIVERSIDAD DE TARAPACA,15,10,40,20,20,0,10.0,10.0,N,458,458.0,35,10.0,,,N,,,S,2.0,N,,0,S,5,15,,N
2026,22025,22,PEDAGOGÍA EN FÍSICA Y MATEMÁTICA,UNIVERSIDAD DE TARAPACA,15,10,40,10,25,5,10.0,10.0,S,458,458.0,10,7.0,,,N,,,S,2.0,S,,1,S,5,15,,N
2026,22026,22,ENFERMERÍA,UNIVERSIDAD DE TARAPACA,15,10,40,20,20,0,,10.0,N,458,458.0,76,2.0,,,N,,,N,2.0,N,,0,S,10,15,,N
2026,22028,22,INGENIERÍA QUÍMICA AMBIENTAL,UNIVERSIDAD DE TARAPACA,15,10,40,10,25,5,10.0,10.0,S,458,458.0,20,5.0,,,N,,,S,2.0,N,,0,S,5,15,4.0,S
2026,22029,22,OBSTETRICIA Y PUERICULTURA,UNIVERSIDAD DE TARAPACA,15,10,40,20,20,0,,10.0,N,458,458.0,65,2.0,,,N,,,N,2.0,N,,0,S,5,15,,N
2026,22030,22,QUÍMICO LABORATORISTA,UNIVERSIDAD DE TARAPACA,15,10,40,10,30,0,10.0,10.0,N,458,458.0,34,5.0,,,N,,,S,2.0,N,,0,S,10,15,8.0,S
2026,22032,22,QUÍMICA Y FARMACIA,UNIVERSIDAD DE TARAPACA,15,10,40,10,20,0,,20.0,N,458,458.0,40,10.0,,,N,,,N,2.0,N,,0,S,5,15,,N
2026,22037,22,PEDAGOGÍA EN EDUCACIÓN BÁSICA,UNIVERSIDAD DE TARAPACA,15,10,40,25,15,0,10.0,10.0,N,458,458.0,26,10.0,,,N,,,S,2.0,S,,1,S,5,15,,N
2026,22042,22,INGENIERÍA COMERCIAL MENCIÓN GESTIÓN Y/O COMERCIO EXTERIOR,UNIVERSIDAD DE TARAPACA,15,10,40,15,25,0,10.0,10.0,N,458,458.0,35,10.0,,,N,,,S,2.0,N,,0,S,10,1,,N
2026,22050,22,MEDICINA,UNIVERSIDAD DE TARAPACA,15,10,40,10,20,0,,20.0,N,625,625.0,41,,,,N,,,N,2.0,N,,0,S,1,15,,N
2026,22052,22,KINESIOLOGÍA Y REHABILITACIÓN,UNIVERSIDAD DE TARAPACA,15,10,40,20,20,0,,10.0,N,458,458.0,66,5.0,,,N,,,N,2.0,N,,0,S,10,15,,N
2026,22055,22,NUTRICIÓN Y DIETÉTICA,UNIVERSIDAD DE TARAPACA,15,10,40,20,20,0,,10.0,N,458,458.0,66,3.0,,,N,,,N,2.0,N,,0,S,10,15,,N
2026,22056,22,TECNOLOGÍA MÉDICA EN IMAGENOLOGÍA Y FÍSICA MÉDICA,UNIVERSIDAD DE TARAPACA,15,10,40,20,20,0,,10.0,N,458,458.0,45,5.0,,,N,,,N,2.0,N,,0,S,5,15,,N
2026,22057,22,TECNOLOGÍA MÉDICA EN LABORATORIO CLÍNICO Y MEDICINA TRANSFUSIONAL,UNIVERSIDAD DE TARAPACA,15,10,40,20,20,0,,10.0,N,458,458.0,47,5.0,,,N,,,N,2.0,N,,0,S,6,15,,N
2026,22058,22,TECNOLOGÍA MÉDICA EN OFTALMOLOGÍA Y OPTOMETRÍA,UNIVERSIDAD DE TARAPACA,15,10,40,20,20,0,,10.0,N,458,458.0,45,,,,N,,,N,2.0,N,,0,S,5,15,,N
2026,22059,22,"PEDAGOGÍA EN HISTORIA, GEOGRAFÍA Y CIENCIAS SOCIALES",UNIVERSIDAD DE TARAPACA,15,10,40,25,15,0,10.0,10.0,N,458,458.0,25,10.0,,,N,,,S,2.0,S,,1,S,5,15,,N
2026,22063,22,LICENCIATURA EN INGLÉS CONDUCENTE A:,UNIVERSIDAD DE TARAPACA,15,10,40,25,15,0,10.0,10.0,N,458,458.0,40,10.0,,,N,,,S,2.0,N,,0,S,5,15,,N
2026,22067,22,DISEÑO MULTIMEDIA,UNIVERSIDAD DE TARAPACA,15,10,40,25,15,0,10.0,10.0,N,458,458.0,58,5.0,,,N,,,S,2.0,N,,0,S,10,15,,N
2026,22069,22,INGENIERÍA CIVIL EN INFORMÁTICA,UNIVERSIDAD DE TARAPACA,15,10,40,15,20,5,10.0,10.0,S,458,458.0,30,5.0,,,N,,,S,2.0,N,,0,S,10,1,8.0,S
2026,22070,22,AGRONOMÍA,UNIVERSIDAD DE TARAPACA,15,10,40,20,20,0,10.0,10.0,N,458,458.0,46,5.0,,,N,,,S,2.0,N,,0,S,10,15,,N
2026,22073,22,INGENIERÍA CIVIL ELÉCTRICA,UNIVERSIDAD DE TARAPACA,15,10,40,15,20,5,10.0,10.0,S,458,458.0,55,5.0,,,N,,,S,2.0,N,,0,S,10,15,10.0,S
2026,22074,22,INGENIERÍA CIVIL ELECTRÓNICA,UNIVERSIDAD DE TARAPACA,15,10,40,15,20,5,10.0,10.0,S,458,458.0,25,15.0,,,N,,,S,2.0,N,,0,S,5,15,7.0,S
2026,22075,22,INGENIERÍA CIVIL EN COMPUTACIÓN E INFORMÁTICA,UNIVERSIDAD DE TARAPACA,15,10,40,15,20,5,10.0,10.0,S,458,458.0,110,5.0,,,N,,,S,2.0,N,,0,S,15,15,15.0,S
2026,22076,22,INGENIERÍA CIVIL MECÁNICA,UNIVERSIDAD DE TARAPACA,15,10,40,15,20,5,10.0,10.0,S,458,458.0,56,5.0,,,N,,,S,2.0,N,,0,S,10,15,12.0,S
2026,22077,22,INGENIERÍA CIVIL INDUSTRIAL,UNIVERSIDAD DE TARAPACA,15,10,40,15,20,5,10.0,10.0,S,458,458.0,130,10.0,,,N,,,S,2.0,N,,0,S,15,15,15.0,S
2026,22080,22,INGENIERÍA MECATRÓNICA,UNIVERSIDAD DE TARAPACA,15,10,40,15,20,5,10.0,10.0,S,458,458.0,35,5.0,,,N,,,S,2.0,N,,0,S,10,15,10.0,S
2026,22091,22,PEDAGOGÍA EN CASTELLANO Y COMUNICACIÓN,UNIVERSIDAD DE TARAPACA,15,10,40,25,15,0,10.0,10.0,N,458,458.0,30,5.0,,,N,,,S,2.0,S,,1,S,5,15,,N
2026,22094,22,PSICOLOGÍA,UNIVERSIDAD DE TARAPACA,15,10,40,20,20,0,10.0,10.0,N,458,458.0,53,10.0,,,N,,,S,2.0,N,,0,S,10,1,,N
2026,22095,22,DERECHO,UNIVERSIDAD DE TARAPACA,15,10,40,20,20,0,10.0,,N,458,458.0,66,5.0,,,N,,,N,2.0,N,,0,S,10,1,,N
2026,22097,22,TRABAJO SOCIAL,UNIVERSIDAD DE TARAPACA,15,10,40,20,20,0,10.0,10.0,N,458,458.0,34,5.0,,,N,,,S,2.0,N,,0,S,5,1,,N
2026,22101,22,INGENIERÍA CIVIL INDUSTRIAL,UNIVERSIDAD DE TARAPACA,15,10,40,15,20,5,10.0,10.0,S,458,458.0,50,5.0,,,N,,,S,2.0,N,,0,S,10,1,10.0,S
2026,22102,22,NUTRICIÓN Y DIETÉTICA,UNIVERSIDAD DE TARAPACA,15,10,40,20,20,0,,10.0,N,458,458.0,35,3.0,,,N,,,N,2.0,N,,0,S,5,1,,N
2026,22103,22,KINESIOLOGÍA Y REHABILITACIÓN,UNIVERSIDAD DE TARAPACA,15,10,40,20,20,0,,10.0,N,458,458.0,33,5.0,,,N,,,N,2.0,N,,0,S,5,1,,N
2026,22104,22,ENFERMERÍA,UNIVERSIDAD DE TARAPACA,15,10,40,20,20,0,,10.0,N,458,458.0,56,4.0,,,N,,,N,2.0,N,,0,S,5,1,,N
2026,22107,22,PEDAGOGÍA EN EDUCACIÓN DIFERENCIAL,UNIVERSIDAD DE TARAPACA,15,10,40,25,15,0,10.0,10.0,N,458,458.0,35,10.0,,,N,,,S,2.0,S,,1,S,5,15,,N
2026,22108,22,INGENIERÍA CIVIL ELÉCTRICA,UNIVERSIDAD DE TARAPACA,15,10,40,15,20,5,10.0,10.0,S,458,458.0,26,5.0,,,N,,,S,2.0,N,,0,S,10,1,5.0,S
2026,23007,23,BIOLOGIA MARINA,UNIVERSIDAD ARTURO PRAT,1,10,45,15,20,0,,10.0,N,458,,16,10.0,,,N,,,N,2.0,N,,0,S,16,1,3.0,S
2026,23010,23,EDUCACIÓN PARVULARIA,UNIVERSIDAD ARTURO PRAT,1,10,40,20,20,0,10.0,10.0,N,458,,15,8.0,,,N,,,S,2.0,S,,1,S,12,1,,N
2026,23012,23,INGENIERÍA CIVIL INDUSTRIAL,UNIVERSIDAD ARTURO PRAT,1,10,40,10,25,5,10.0,10.0,S,458,,50,10.0,,,N,,,S,2.0,N,,0,S,15,1,10.0,S
2026,23013,23,INGENIERÍA COMERCIAL,UNIVERSIDAD ARTURO PRAT,1,10,45,15,20,0,10.0,10.0,N,458,,40,18.0,,,N,,,S,2.0,N,,0,S,14,1,,N
2026,23015,23,SOCIOLOGÍA,UNIVERSIDAD ARTURO PRAT,1,10,40,20,10,0,20.0,,N,458,,15,10.0,,,N,,,N,2.0,N,,0,S,12,1,,N
2026,23016,23,DERECHO,UNIVERSIDAD ARTURO PRAT,1,10,50,20,10,0,10.0,,N,458,,64,10.0,,,N,,,N,2.0,N,,0,S,10,1,,N
2026,23018,23,DERECHO,UNIVERSIDAD ARTURO PRAT,1,10,50,20,10,0,10.0,,N,458,,22,10.0,,,N,,,N,2.0,N,,0,S,4,9,,N
2026,23024,23,INGENIERÍA CIVIL METALÚRGICA,UNIVERSIDAD ARTURO PRAT,1,20,40,10,15,5,10.0,10.0,S,458,,25,10.0,,,N,,,S,2.0,N,,0,S,12,1,5.0,S
2026,23025,23,ARQUITECTURA,UNIVERSIDAD ARTURO PRAT,1,10,40,15,25,0,10.0,10.0,N,458,,40,8.0,,,N,,,S,2.0,N,,0,S,11,1,,N
2026,23026,23,ENFERMERÍA,UNIVERSIDAD ARTURO PRAT,1,20,40,10,10,0,,20.0,N,458,,40,5.0,,,N,,,N,2.0,N,,0,S,4,1,,N
2026,23029,23,PEDAGOGÍA  EN  EDUCACIÓN BÁSICA,UNIVERSIDAD ARTURO PRAT,1,10,40,20,20,0,10.0,10.0,N,458,,15,8.0,,,N,,,S,2.0,S,,1,S,10,1,,N
2026,23046,23,AGRONOMIA,UNIVERSIDAD ARTURO PRAT,1,10,45,15,20,0,,10.0,N,458,,12,10.0,,,N,,,N,2.0,N,,0,S,16,1,,N
2026,23047,23,QUÍMICA Y FARMACIA,UNIVERSIDAD ARTURO PRAT,1,10,30,15,25,0,,20.0,N,458,,40,5.0,,,N,,,N,2.0,N,,0,S,12,1,,N
2026,23048,23,INGENIERÍA CIVIL EN COMPUTACIÓN E INFORMÁTICA,UNIVERSIDAD ARTURO PRAT,1,10,40,10,25,5,10.0,10.0,S,458,,30,5.0,,,N,,,S,2.0,N,,0,S,12,1,6.0,S
2026,23052,23,PEDAGOGÍA EN MATEMÁTICA Y FÍSICA,UNIVERSIDAD ARTURO PRAT,1,10,40,10,25,5,,10.0,S,458,,12,8.0,,,N,,,N,2.0,S,,1,S,12,1,,N
2026,23054,23,PEDAGOGÍA EN LENGUA CASTELLANA Y COMUNICACIÓN,UNIVERSIDAD ARTURO PRAT,1,10,40,30,10,0,10.0,10.0,N,458,,25,10.0,,,N,,,S,2.0,S,,1,S,12,1,,N
2026,23056,23,INGENIERÍA EN BIOTECNOLOGÍA,UNIVERSIDAD ARTURO PRAT,1,10,45,15,15,5,,10.0,S,458,,14,10.0,,,N,,,N,2.0,N,,0,S,14,1,2.0,S
2026,23058,23,INGENIERÍA CIVIL AMBIENTAL,UNIVERSIDAD ARTURO PRAT,1,15,40,10,20,5,10.0,10.0,S,458,,20,10.0,,,N,,,S,2.0,N,,0,S,10,1,4.0,S
2026,23059,23,TRABAJO SOCIAL,UNIVERSIDAD ARTURO PRAT,1,10,40,20,20,0,10.0,,N,458,,25,10.0,,,N,,,N,2.0,N,,0,S,10,1,,N
2026,23060,23,ENFERMERÍA,UNIVERSIDAD ARTURO PRAT,1,20,40,10,10,0,,20.0,N,458,,40,3.0,,,N,,,N,2.0,N,,0,S,4,9,,N
2026,23061,23,PSICOLOGÍA,UNIVERSIDAD ARTURO PRAT,1,25,40,15,10,0,10.0,10.0,N,458,,35,5.0,,,N,,,S,2.0,N,,0,S,6,9,,N
2026,23062,23,INGENIERÍA EN INFORMACIÓN Y CONTROL DE GESTIÓN,UNIVERSIDAD ARTURO PRAT,1,10,45,15,20,0,10.0,10.0,N,458,,22,15.0,,,N,,,S,2.0,N,,0,S,14,1,,N
2026,23063,23,CONTADOR  PUBLICO Y AUDITOR,UNIVERSIDAD ARTURO PRAT,1,10,45,15,20,0,10.0,10.0,N,458,,22,15.0,,,N,,,S,2.0,N,,0,S,14,1,,N
2026,23065,23,KINESIOLOGÍA,UNIVERSIDAD ARTURO PRAT,1,40,15,15,15,0,,15.0,N,458,,45,10.0,,,N,,,N,2.0,N,,0,S,12,1,,N
2026,23068,23,KINESIOLOGÍA,UNIVERSIDAD ARTURO PRAT,1,40,15,15,15,0,,15.0,N,458,,30,10.0,,,N,,,N,2.0,N,,0,S,10,9,,N
2026,23069,23,PEDAGOGÍA EN INGLÉS,UNIVERSIDAD ARTURO PRAT,1,10,40,30,10,0,10.0,10.0,N,458,,30,10.0,,,N,,,S,2.0,S,,1,S,14,1,,N
2026,23070,23,PSICOLOGÍA,UNIVERSIDAD ARTURO PRAT,1,25,40,15,10,0,10.0,10.0,N,458,,42,2.0,,,N,,,S,2.0,N,,0,S,4,1,,N
2026,23073,23,PEDAGOGÍA EN EDUCACIÓN FÍSICA,UNIVERSIDAD ARTURO PRAT,1,10,40,20,20,0,10.0,10.0,N,458,,25,10.0,,,N,,,S,2.0,S,,1,S,14,1,,N
2026,23074,23,INGENIERÍA CIVIL DE MINAS,UNIVERSIDAD ARTURO PRAT,1,20,40,10,15,5,10.0,10.0,S,458,,40,10.0,,,N,,,S,2.0,N,,0,S,15,1,8.0,S
2026,23075,23,INGENIERÍA CIVIL ELECTRÓNICA,UNIVERSIDAD ARTURO PRAT,1,10,40,10,25,5,10.0,10.0,S,458,,22,10.0,,,N,,,S,2.0,N,,0,S,10,1,4.0,S
2026,23077,23,ODONTOLOGÍA,UNIVERSIDAD ARTURO PRAT,1,10,50,15,15,0,,10.0,N,458,,40,5.0,,,N,,,N,2.0,N,,0,S,4,1,,N
2026,23078,23,FONOAUDIOLOGÍA,UNIVERSIDAD ARTURO PRAT,1,40,30,10,10,0,10.0,10.0,N,458,,40,10.0,,,N,,,S,2.0,N,,0,S,14,1,,N
2026,23081,23,TRADUCCIÓN INGLÉS CASTELLANO INGLÉS MENCIÓN FRANCÉS,UNIVERSIDAD ARTURO PRAT,1,10,40,30,10,0,10.0,10.0,N,458,,30,5.0,,,N,,,S,2.0,N,,0,S,12,1,,N
2026,23082,23,PEDAGOGÍA EN EDUCACIÓN DIFERENCIAL,UNIVERSIDAD ARTURO PRAT,1,10,40,20,20,0,10.0,10.0,N,458,,30,10.0,,,N,,,S,2.0,S,,1,S,10,1,,N
2026,23083,23,ADMINISTRACIÓN Y GESTIÓN PÚBLICA,UNIVERSIDAD ARTURO PRAT,1,20,40,20,10,0,10.0,,N,458,,15,10.0,,,N,,,N,2.0,N,,0,S,10,1,,N
2026,23085,23,"INGENIERÍA COMERCIAL, MENCIÓN GESTIÓN ESTRATÉGICA",UNIVERSIDAD ARTURO PRAT,1,20,40,15,15,0,10.0,10.0,N,458,,30,5.0,,,N,,,S,2.0,N,,0,S,10,9,,N
2026,24003,24,ENFERMERIA,UNIVERSIDAD DE ANTOFAGASTA,2,10,40,20,20,0,,10.0,N,458,,45,10.0,,,N,,,N,2.0,N,,0,S,3,2,,N
2026,24011,24,KINESIOLOGIA,UNIVERSIDAD DE ANTOFAGASTA,2,10,40,20,20,0,,10.0,N,458,,45,10.0,,,N,,,N,2.0,N,,0,S,10,2,,N
2026,24013,24,OBSTETRICIA Y PUERICULTURA,UNIVERSIDAD DE ANTOFAGASTA,2,10,40,20,20,0,,10.0,N,458,,30,5.0,,,N,,,N,2.0,N,,0,S,5,2,,N
2026,24017,24,TRABAJO SOCIAL,UNIVERSIDAD DE ANTOFAGASTA,2,10,40,25,15,0,10.0,10.0,N,458,,30,10.0,,,N,,,S,2.0,N,,0,S,15,2,,N
2026,24040,24,DERECHO,UNIVERSIDAD DE ANTOFAGASTA,2,15,40,20,10,0,15.0,,N,458,,70,20.0,,,N,,,N,2.0,N,,0,S,21,2,,N
2026,24041,24,PEDAGOGÍA EN BIOLOGÍA Y CIENCIAS NATURALES,UNIVERSIDAD DE ANTOFAGASTA,2,10,50,20,10,0,10.0,10.0,N,458,,15,10.0,,,N,,,S,2.0,S,,1,S,35,2,,N
2026,24046,24,ADMINISTRACIÓN PÚBLICA,UNIVERSIDAD DE ANTOFAGASTA,2,10,40,25,15,0,10.0,10.0,N,458,,25,15.0,,,N,,,S,2.0,N,,0,S,21,2,,N
2026,24047,24,MEDICINA,UNIVERSIDAD DE ANTOFAGASTA,2,10,40,20,20,0,,10.0,N,458,,40,5.0,,,N,,,N,2.0,N,,0,S,2,2,,N
2026,24048,24,ODONTOLOGÍA,UNIVERSIDAD DE ANTOFAGASTA,2,10,40,20,20,0,,10.0,N,458,,45,5.0,,,N,,,N,2.0,N,,0,S,7,2,,N
2026,24052,24,PEDAGOGÍA EN LENGUAJE Y COMUNICACIÓN,UNIVERSIDAD DE ANTOFAGASTA,2,10,50,20,10,0,10.0,10.0,N,458,,30,10.0,,,N,,,S,2.0,S,,1,S,35,2,,N
2026,24055,24,PEDAGOGÍA EN MATEMÁTICA,UNIVERSIDAD DE ANTOFAGASTA,2,10,50,10,15,5,10.0,10.0,S,458,,15,5.0,,,N,,,S,2.0,S,,1,S,35,2,,N
2026,24058,24,BIOQUÍMICA,UNIVERSIDAD DE ANTOFAGASTA,2,10,40,20,20,0,,10.0,N,458,,20,15.0,,,N,,,N,2.0,N,,0,S,21,2,4.0,S
2026,24060,24,BACHILLERATO EN CIENCIAS,UNIVERSIDAD DE ANTOFAGASTA,2,10,40,20,20,0,10.0,10.0,N,458,,15,10.0,,,N,,,S,2.0,N,,0,S,27,2,3.0,S
2026,24065,24,NUTRICIÓN Y DIETÉTICA,UNIVERSIDAD DE ANTOFAGASTA,2,10,40,20,20,0,,10.0,N,458,,45,10.0,,,N,,,N,2.0,N,,0,S,14,2,,N
2026,24067,24,BACHILLERATO EN CIENCIAS DE LA SALUD,UNIVERSIDAD DE ANTOFAGASTA,2,10,40,20,20,0,,10.0,N,458,,60,10.0,,,N,,,N,2.0,N,,0,S,20,2,,N
2026,24068,24,INGENIERIA CIVIL EN PROCESOS DE MINERALES,UNIVERSIDAD DE ANTOFAGASTA,2,10,40,15,20,5,10.0,10.0,S,458,,15,10.0,,,N,,,S,2.0,N,,0,S,12,2,3.0,S
2026,24069,24,"INGENIERIA COMERCIAL, MENCIÓN NEGOCIOS MINEROS",UNIVERSIDAD DE ANTOFAGASTA,2,10,40,15,25,0,10.0,10.0,N,458,,55,10.0,,,N,,,S,2.0,N,,0,S,21,2,,N
2026,24070,24,INGENIERÍA CIVIL INDUSTRIAL,UNIVERSIDAD DE ANTOFAGASTA,2,10,40,15,20,5,10.0,10.0,S,458,,55,10.0,,,N,,,S,2.0,N,,0,S,10,2,11.0,S
2026,24083,24,BIOLOGÍA MARINA,UNIVERSIDAD DE ANTOFAGASTA,2,10,40,20,20,0,10.0,10.0,N,458,,25,10.0,,,N,,,S,2.0,N,,0,S,12,2,5.0,S
2026,24084,24,"DISEÑO GRÁFICO, MENCION DISEÑO ESTRATÉGICO",UNIVERSIDAD DE ANTOFAGASTA,2,10,40,25,15,0,10.0,10.0,N,458,,35,10.0,,,N,,,S,2.0,N,,0,S,15,2,,N
2026,24085,24,PSICOLOGÍA,UNIVERSIDAD DE ANTOFAGASTA,2,10,40,25,15,0,10.0,10.0,N,458,,30,10.0,,,N,,,S,2.0,N,,0,S,10,2,,N
2026,24086,24,FONOAUDIOLOGIA,UNIVERSIDAD DE ANTOFAGASTA,2,10,40,20,20,0,,10.0,N,458,,35,10.0,,,N,,,N,2.0,N,,0,S,15,2,,N
2026,24087,24,"PEDAGOGÍA EN EDUCACIÓN PARVULARIA, MENCIÓN NECESIDADES EDUCATIVAS ESPECIALES",UNIVERSIDAD DE ANTOFAGASTA,2,10,50,20,10,0,10.0,10.0,N,458,,25,15.0,,,N,,,S,2.0,S,,1,S,21,2,,N
2026,24088,24,"PEDAGOGÍA EN EDUCACIÓN BÁSICA, MENCIÓN EN LENGUAJE Y COMUNICACIÓN Y MATEMÁTICA",UNIVERSIDAD DE ANTOFAGASTA,2,10,50,15,15,0,10.0,10.0,N,458,,15,15.0,,,N,,,S,2.0,S,,1,S,35,2,,N
2026,24089,24,MÚSICA,UNIVERSIDAD DE ANTOFAGASTA,2,10,40,30,10,0,10.0,10.0,N,458,,20,5.0,,,N,,,S,2.0,N,,0,S,8,2,,N
2026,24090,24,ARTES ESCÉNICAS,UNIVERSIDAD DE ANTOFAGASTA,2,10,40,30,10,0,10.0,10.0,N,458,,15,10.0,,,N,,,S,2.0,N,,0,S,12,2,,N
2026,24091,24,BACHILLERATO EN CIENCIAS SOCIALES Y ARTES,UNIVERSIDAD DE ANTOFAGASTA,2,10,40,20,20,0,10.0,10.0,N,458,,20,10.0,,,N,,,S,2.0,N,,0,S,27,2,,N
2026,24092,24,TERAPIA OCUPACIONAL,UNIVERSIDAD DE ANTOFAGASTA,2,10,40,20,20,0,,10.0,N,458,,30,15.0,,,N,,,N,2.0,N,,0,S,10,2,,N
2026,24093,24,INGENIERIA CIVIL ELÉCTRICA,UNIVERSIDAD DE ANTOFAGASTA,2,10,40,15,20,5,10.0,10.0,S,458,,55,10.0,,,N,,,S,2.0,N,,0,S,21,2,11.0,S
2026,24094,24,INGENIERIA CIVIL MECÁNICA,UNIVERSIDAD DE ANTOFAGASTA,2,10,40,15,20,5,10.0,10.0,S,458,,55,10.0,,,N,,,S,2.0,N,,0,S,21,2,11.0,S
2026,24095,24,INGENIERIA CIVIL EN MINAS,UNIVERSIDAD DE ANTOFAGASTA,2,10,40,15,20,5,10.0,10.0,S,458,,55,10.0,,,N,,,S,2.0,N,,0,S,21,2,11.0,S
2026,24096,24,INGENIERIA CIVIL EN GEOMENSURA Y GEOMATICA,UNIVERSIDAD DE ANTOFAGASTA,2,10,40,15,20,5,10.0,10.0,S,458,,15,10.0,,,N,,,S,2.0,N,,0,S,21,2,3.0,S
2026,24097,24,INGENIERIA EN BIOTECNOLOGÍA,UNIVERSIDAD DE ANTOFAGASTA,2,10,40,20,15,5,10.0,10.0,S,458,,25,10.0,,,N,,,S,2.0,N,,0,S,12,2,5.0,S
2026,24109,24,PEDAGOGÍA EN EDUCACIÓN FÍSICA,UNIVERSIDAD DE ANTOFAGASTA,2,10,50,20,10,0,10.0,10.0,N,458,,50,10.0,,,N,,,S,2.0,S,,1,S,20,2,,N
2026,24110,24,PEDAGOGÍA EN INGLÉS,UNIVERSIDAD DE ANTOFAGASTA,2,10,50,20,10,0,10.0,10.0,N,458,,20,10.0,,,N,,,S,2.0,S,,1,S,12,2,,N
2026,24111,24,"LICENCIATURA EN CIENCIAS, MENCIÓN FÍSICA Y ASTROFÍSICA",UNIVERSIDAD DE ANTOFAGASTA,2,10,40,15,20,5,10.0,10.0,S,458,,15,5.0,,,N,,,S,2.0,N,,0,S,12,2,3.0,S
2026,24112,24,QUÍMICA Y FARMACIA,UNIVERSIDAD DE ANTOFAGASTA,2,10,40,20,20,0,,10.0,N,458,,40,10.0,,,N,,,N,2.0,N,,0,S,10,2,,N
2026,24113,24,"TECNOLOGÍA MÉDICA EN LABORATORIO CLÍNICO, HEMATOLOGÍA Y MEDICINA TRANSFUSIONAL",UNIVERSIDAD DE ANTOFAGASTA,2,10,40,20,20,0,,10.0,N,458,,45,5.0,,,N,,,N,2.0,N,,0,S,5,2,,N
2026,24114,24,TECNOLOGÍA MÉDICA EN IMAGENOLOGÍA Y FÍSICA MÉDICA,UNIVERSIDAD DE ANTOFAGASTA,2,10,40,20,20,0,,10.0,N,458,,20,5.0,,,N,,,N,2.0,N,,0,S,5,2,,N
2026,25001,25,INGENIERÍA CIVIL INDUSTRIAL,UNIVERSIDAD DE LA SERENA,4,20,10,15,40,5,,10.0,S,500,500.0,100,5.0,,,N,,,N,3.0,N,,0,S,9,4,3.0,S
2026,25002,25,INGENIERÍA CIVIL MECÁNICA,UNIVERSIDAD DE LA SERENA,4,20,10,15,40,5,,10.0,S,500,500.0,60,2.0,,,N,,,N,3.0,N,,0,S,9,4,3.0,S
2026,25003,25,INGENIERÍA CIVIL DE MINAS,UNIVERSIDAD DE LA SERENA,4,20,10,15,40,5,,10.0,S,500,500.0,70,2.0,,,N,,,N,3.0,N,,0,S,9,4,3.0,S
2026,25004,25,INGENIERÍA CIVIL,UNIVERSIDAD DE LA SERENA,4,20,10,15,40,5,,10.0,S,500,500.0,65,5.0,,,N,,,N,3.0,N,,0,S,9,4,3.0,S
2026,25005,25,INGENIERÍA CIVIL AMBIENTAL,UNIVERSIDAD DE LA SERENA,4,20,10,15,40,5,,10.0,S,500,500.0,40,5.0,,,N,,,N,3.0,N,,0,S,9,4,3.0,S
2026,25006,25,INGENIERÍA CIVIL EN COMPUTACIÓN E INFORMÁTICA,UNIVERSIDAD DE LA SERENA,4,20,10,15,40,5,,10.0,S,500,500.0,80,5.0,,,N,,,N,1.0,N,,0,S,9,4,3.0,S
2026,25010,25,INGENIERÍA EN CONSTRUCCIÓN,UNIVERSIDAD DE LA SERENA,4,20,10,15,40,5,,10.0,S,500,500.0,55,5.0,,,N,,,N,2.0,N,,0,S,9,4,3.0,S
2026,25015,25,ARQUITECTURA,UNIVERSIDAD DE LA SERENA,4,15,10,30,35,0,10.0,10.0,N,500,500.0,70,5.0,,,N,,,S,2.0,N,,0,S,9,4,,N
2026,25016,25,INGENIERÍA MECÁNICA,UNIVERSIDAD DE LA SERENA,4,20,10,15,40,5,,10.0,S,475,475.0,70,5.0,,,N,,,N,2.0,N,,0,S,9,4,3.0,S
2026,25017,25,INGENIERÍA DE MINAS,UNIVERSIDAD DE LA SERENA,4,20,10,15,40,5,,10.0,S,475,475.0,70,5.0,,,N,,,N,2.0,N,,0,S,9,4,3.0,S
2026,25019,25,INGENIERÍA EN BIOTECNOLOGÍA MENCIÓN EN ALIMENTOS O PROCESOS SUSTENTABLES,UNIVERSIDAD DE LA SERENA,4,20,20,15,25,5,,15.0,S,475,475.0,40,5.0,,,N,,,N,1.0,N,,0,S,9,4,3.0,S
2026,25024,25,PEDAGOGÍA EN BIOLOGÍA Y CS NATURALES,UNIVERSIDAD DE LA SERENA,4,10,20,15,25,0,,30.0,N,485,,10,,,,N,,,N,2.0,S,,1,S,11,4,,N
2026,25025,25,PEDAGOGÍA EN MATEMÁTICAS Y FÍSICA,UNIVERSIDAD DE LA SERENA,4,10,20,10,30,5,,25.0,S,485,,15,,,,N,,,N,2.0,S,,1,S,11,4,,N
2026,25028,25,LICENCIATURA EN ASTRONOMÍA,UNIVERSIDAD DE LA SERENA,4,10,20,10,50,0,,10.0,N,500,500.0,30,5.0,,,N,,,N,2.0,N,,0,S,9,4,3.0,S
2026,25029,25,PEDAGOGÍA EN MATEMÁTICAS,UNIVERSIDAD DE LA SERENA,4,15,25,15,30,5,,10.0,S,485,,15,,,,N,,,N,1.0,S,,1,S,11,4,,N
2026,25033,25,ENFERMERÍA,UNIVERSIDAD DE LA SERENA,4,20,20,20,20,0,,20.0,N,500,500.0,30,5.0,,,N,,,N,2.0,N,,0,S,6,4,,N
2026,25036,25,ODONTOLOGÍA,UNIVERSIDAD DE LA SERENA,4,20,20,15,25,0,,20.0,N,500,500.0,45,5.0,,,N,,,N,1.0,N,,0,S,6,4,,N
2026,25037,25,KINESIOLOGÍA,UNIVERSIDAD DE LA SERENA,4,20,20,15,25,0,,20.0,N,500,500.0,55,5.0,,,N,,,N,2.0,N,,0,S,9,4,,N
2026,25038,25,QUÍMICA,UNIVERSIDAD DE LA SERENA,4,20,15,20,25,0,,20.0,N,475,475.0,45,2.0,,,N,,,N,2.0,N,,0,S,9,4,3.0,S
2026,25039,25,QUÍMICA Y FARMACIA,UNIVERSIDAD DE LA SERENA,4,10,15,15,30,0,,30.0,N,475,475.0,55,5.0,,,N,,,N,1.0,N,,0,S,2,4,,N
2026,25041,25,PEDAGOGÍA EN CASTELLANO Y FILOSOFÍA,UNIVERSIDAD DE LA SERENA,4,20,20,40,10,0,10.0,,N,485,,30,3.0,,,N,,,N,2.0,S,,1,S,11,4,,N
2026,25042,25,PEDAGOGÍA EN HISTORIA Y GEOGRAFÍA,UNIVERSIDAD DE LA SERENA,4,30,10,20,10,0,30.0,,N,485,,30,,,,N,,,N,2.0,S,,1,S,11,4,,N
2026,25043,25,PEDAGOGÍA EN INGLÉS,UNIVERSIDAD DE LA SERENA,4,20,20,40,10,0,10.0,,N,485,,40,,,,N,,,N,3.0,S,,1,S,11,4,,N
2026,25044,25,PEDAGOGÍA EN EDUCACIÓN MUSICAL,UNIVERSIDAD DE LA SERENA,4,25,20,25,20,0,10.0,,N,485,,20,,,,N,,,N,2.0,S,,1,S,11,4,,N
2026,25046,25,LICENCIATURA EN MÚSICA,UNIVERSIDAD DE LA SERENA,4,25,20,25,20,0,10.0,,N,475,475.0,25,2.0,,,N,,,N,2.0,N,,0,S,7,4,,N
2026,25050,25,PEDAGOGÍA EN EDUCACIÓN PARVULARIA,UNIVERSIDAD DE LA SERENA,4,30,20,20,15,0,15.0,,N,485,,15,,,,N,,,N,2.0,S,,1,S,11,4,,N
2026,25051,25,PEDAGOGÍA EN EDUCACIÓN GENERAL BÁSICA,UNIVERSIDAD DE LA SERENA,4,30,20,20,15,0,15.0,,N,485,,15,,,,N,,,N,2.0,S,,1,S,11,4,,N
2026,25052,25,PEDAGOGÍA EN EDUCACIÓN DIFERENCIAL,UNIVERSIDAD DE LA SERENA,4,20,20,20,25,0,15.0,,N,485,,25,,,,N,,,N,2.0,S,,1,S,11,4,,N
2026,25053,25,PEDAGOGÍA EN EDUCACIÓN GENERAL BÁSICA,UNIVERSIDAD DE LA SERENA,4,30,20,20,15,0,15.0,,N,485,,15,,,,N,,,N,2.0,S,,1,S,11,4,,N
2026,25061,25,AUDITORIA,UNIVERSIDAD DE LA SERENA,4,20,20,20,30,0,10.0,10.0,N,475,475.0,60,3.0,,,N,,,S,2.0,N,,0,S,9,4,,N
2026,25063,25,TRADUCCIÓN INGLÉS - ESPAÑOL,UNIVERSIDAD DE LA SERENA,4,20,20,40,10,0,10.0,,N,475,475.0,30,3.0,,,N,,,N,2.0,N,,0,S,9,4,,N
2026,25064,25,PSICOLOGÍA,UNIVERSIDAD DE LA SERENA,4,25,15,25,20,0,15.0,15.0,N,500,500.0,50,,,,N,,,S,2.0,N,,0,S,5,4,,N
2026,25065,25,PERIODISMO,UNIVERSIDAD DE LA SERENA,4,20,10,30,10,0,30.0,,N,475,475.0,55,5.0,,,N,,,N,2.0,N,,0,S,9,4,,N
2026,25066,25,DISEÑO,UNIVERSIDAD DE LA SERENA,4,20,20,30,20,0,10.0,10.0,N,475,475.0,40,3.0,,,N,,,S,2.0,N,,0,S,9,4,,N
2026,25067,25,INGENIERÍA COMERCIAL,UNIVERSIDAD DE LA SERENA,4,20,15,20,35,0,10.0,10.0,N,475,475.0,60,3.0,,,N,,,S,3.0,N,,0,S,9,4,,N
2026,25069,25,INGENIERÍA EN ADMINISTRACIÓN DE EMPRESAS,UNIVERSIDAD DE LA SERENA,4,20,15,20,35,0,10.0,10.0,N,475,475.0,50,3.0,,,N,,,S,2.0,N,,0,S,9,4,,N
2026,25070,25,DERECHO,UNIVERSIDAD DE LA SERENA,4,20,10,30,10,0,30.0,,N,500,500.0,75,3.0,,,N,,,N,2.0,N,,0,S,9,4,,N
2026,25071,25,ADMINISTRACIÓN PÚBLICA,UNIVERSIDAD DE LA SERENA,4,20,20,25,25,0,10.0,10.0,N,475,475.0,60,3.0,,,N,,,S,1.0,N,,0,S,9,4,,N
2026,25080,25,MEDICINA,UNIVERSIDAD DE LA SERENA,4,15,20,20,25,0,,20.0,N,600,600.0,35,5.0,,,N,,,N,1.0,N,,0,S,1,4,,N
2026,26000,26,"EDUCACION PARVULARIA, LICENCIATURA EN EDUCACION",UNIVERSIDAD DE PLAYA ANCHA ,5,30,30,20,10,0,10.0,10.0,N,458,,50,,,,N,,,S,3.0,S,,1,S,10,5,,N
2026,26005,26,"PEDAGOGIA EN EDUCACION BASICA, LICENCIATURA EN EDUCACION",UNIVERSIDAD DE PLAYA ANCHA ,5,30,30,20,10,0,10.0,10.0,N,458,,40,2.0,,,N,,,S,2.0,S,,1,S,10,5,,N
2026,26007,26,"PEDAGOGIA EN EDUCACION DIFERENCIAL, LICENCIATURA EN EDUCACION",UNIVERSIDAD DE PLAYA ANCHA ,5,30,30,20,10,0,10.0,10.0,N,458,,55,2.0,,,N,,,S,3.0,S,,1,S,10,5,,N
2026,26008,26,PEDAGOGIA EN EDUCACION DIFERENCIAL- LICENCIATURA EN EDUCACION- SAN FELIPE,UNIVERSIDAD DE PLAYA ANCHA ,5,30,30,20,10,0,10.0,10.0,N,458,,35,,,,N,,,S,2.0,S,,1,S,10,5,,N
2026,26009,26,PEDAGOGÍA EN CASTELLANO- LICENCIATURA EN EDUCACION-SAN FELIPE,UNIVERSIDAD DE PLAYA ANCHA ,5,25,25,30,10,0,10.0,10.0,N,458,,15,,,,N,,,S,2.0,S,,1,S,7,5,,N
2026,26010,26,"PEDAGOGIA EN CASTELLANO, LICENCIATURA EN EDUCACION",UNIVERSIDAD DE PLAYA ANCHA ,5,25,25,30,10,0,10.0,10.0,N,458,,30,2.0,,,N,,,S,2.0,S,,1,S,10,5,,N
2026,26025,26,"PEDAGOGIA EN INGLES, LICENCIATURA EN EDUCACION",UNIVERSIDAD DE PLAYA ANCHA ,5,25,20,35,10,0,10.0,10.0,N,458,,40,2.0,,,N,,,S,2.0,S,,1,S,10,5,,N
2026,26029,26,TRADUCCION E INTERPRETACION INGLES-ESPAÑOL,UNIVERSIDAD DE PLAYA ANCHA ,5,30,30,20,10,0,10.0,10.0,N,458,,30,,,,N,,,S,2.0,N,,0,S,8,5,,N
2026,26032,26,LICENCIATURA EN ARTE,UNIVERSIDAD DE PLAYA ANCHA ,5,30,30,20,10,0,10.0,10.0,N,458,,20,2.0,,,N,,,S,2.0,N,,0,S,8,5,,N
2026,26038,26,DIBUJANTE PROYECTISTA,UNIVERSIDAD DE PLAYA ANCHA ,5,30,30,20,10,0,10.0,10.0,N,458,,10,2.0,,,N,,,S,3.0,N,,0,S,10,5,2.0,S
2026,26040,26,"PEDAGOGIA EN EDUCACION  MUSICAL, LICENCIATURA EN EDUCACION",UNIVERSIDAD DE PLAYA ANCHA ,5,25,25,30,10,0,10.0,10.0,N,458,,25,2.0,,,N,,,S,2.0,S,,1,S,10,5,,N
2026,26050,26,"PEDAGOGÍA EN HISTORIA Y GEOGRAFIA,  LICENCIATURA  EN EDUCACIÓN",UNIVERSIDAD DE PLAYA ANCHA ,5,25,25,30,10,0,10.0,10.0,N,458,,20,2.0,,,N,,,S,2.0,S,,1,S,12,5,,N
2026,26052,26,FONOAUDIOLOGÍA. LICENCIATURA EN FONOAUDIOLOGÍA,UNIVERSIDAD DE PLAYA ANCHA ,5,30,30,20,10,0,10.0,10.0,N,458,,40,2.0,,,N,,,S,2.0,N,,0,S,8,5,,N
2026,26054,26,"GEOGRAFIA, LIC.EN GEOGRAFIA C/MENCION EN GESTION Y ORDENAMIENTO TERRITORIAL",UNIVERSIDAD DE PLAYA ANCHA ,5,25,25,30,10,0,10.0,10.0,N,458,,15,,,,N,,,S,1.0,N,,0,S,12,5,,N
2026,26055,26,"PEDAGOGIA EN FILOSOFIA, LICENCIATURA EN EDUCACIÓN",UNIVERSIDAD DE PLAYA ANCHA ,5,25,25,30,10,0,10.0,10.0,N,458,,10,,,,N,,,S,2.0,S,,1,S,8,5,,N
2026,26059,26,PEDAGOGIA EN INGLES-LICENCIATURA EN EDUCACION-SAN FELIPE,UNIVERSIDAD DE PLAYA ANCHA ,5,25,20,35,10,0,10.0,10.0,N,458,,20,2.0,,,N,,,S,2.0,S,,1,S,10,5,,N
2026,26060,26,"PEDAGOGIA EN BIOLOGIA Y CIENCIAS,  LICENCIATURA EN EDUCACION",UNIVERSIDAD DE PLAYA ANCHA ,5,25,25,30,10,0,10.0,10.0,N,458,,15,,,,N,,,S,2.0,S,,1,S,10,5,,N
2026,26062,26,"INGENIERIA CIVIL AMBIENTAL, LICENCIATURA EN CIENCIAS DE LA INGENIERIA",UNIVERSIDAD DE PLAYA ANCHA ,5,25,30,20,10,5,10.0,10.0,S,458,,10,2.0,,,N,,,S,2.0,N,,0,S,10,5,2.0,S
2026,26063,26,"INGENIERIA CIVIL INDUSTRIAL, LICENCIATURA EN CIENCIAS DE LA INGENIERIA",UNIVERSIDAD DE PLAYA ANCHA ,5,25,30,20,10,5,10.0,10.0,S,458,,25,2.0,,,N,,,S,2.0,N,,0,S,10,5,4.0,S
2026,26070,26,"PEDAGOGIA EN QUIMICA Y CIENCIAS, LICENCIATURA EN EDUCACION",UNIVERSIDAD DE PLAYA ANCHA ,5,30,30,20,10,0,10.0,10.0,N,458,,12,,,,N,,,S,2.0,S,,1,S,8,5,,N
2026,26071,26,"NUTRICION Y DIETETICA, LICENCIATURA EN NUTRICION",UNIVERSIDAD DE PLAYA ANCHA ,5,25,30,25,10,0,10.0,10.0,N,458,,60,,,,N,,,S,2.0,N,,0,S,10,5,,N
2026,26073,26,PEDAGOGÍA EN MATEMÁTICA- LICENCIATURA EN EDUCACION,UNIVERSIDAD DE PLAYA ANCHA ,5,25,30,15,15,5,10.0,10.0,S,458,,15,2.0,,,N,,,S,2.0,S,,1,S,10,5,,N
2026,26080,26,"BIBLIOTECOLOGÍA, LICENCIATURA EN CIENCIAS DE LA DOCUMENTACION",UNIVERSIDAD DE PLAYA ANCHA ,5,30,30,20,10,0,10.0,10.0,N,458,,20,,,,N,,,S,2.0,N,,0,S,10,5,,N
2026,26082,26,"PERIODISMO, LICENCIATURA EN COMUNICACION SOCIAL",UNIVERSIDAD DE PLAYA ANCHA ,5,20,25,35,10,0,10.0,10.0,N,458,,30,2.0,,,N,,,S,2.0,N,,0,S,15,5,,N
2026,26083,26,ADMINISTRACIÓN TURÍSTICA MULTILINGÜE C/M INGLÉS - FRANCÉS O INGLÉS - ALEMÁN,UNIVERSIDAD DE PLAYA ANCHA ,5,25,25,30,10,0,10.0,10.0,N,458,,25,,,,N,,,S,2.0,N,,0,S,15,5,,N
2026,26084,26,PSICOLOGÍA. LICENCIATURA EN PSICOLOGÍA,UNIVERSIDAD DE PLAYA ANCHA ,5,25,25,30,10,0,10.0,10.0,N,458,,90,,,,N,,,S,2.0,N,,0,S,15,5,,N
2026,26092,26,"ENFERMERIA, LICENCIATURA EN ENFERMERIA",UNIVERSIDAD DE PLAYA ANCHA ,5,25,30,25,10,0,10.0,10.0,N,458,,35,,,,N,,,S,2.0,N,,0,S,10,5,,N
2026,26093,26,"TERAPIA OCUPACIONAL, LICENCIATURA EN CIENCIAS DE LA OCUPACION HUMANA",UNIVERSIDAD DE PLAYA ANCHA ,5,30,30,20,10,0,10.0,10.0,N,458,,60,,,,N,,,S,2.0,N,,0,S,10,5,,N
2026,26094,26,"KINESIOLOGIA, LICENCIATURA EN KINESIOLOGIA",UNIVERSIDAD DE PLAYA ANCHA ,5,30,40,10,10,0,10.0,10.0,N,458,,60,2.0,,,N,,,S,2.0,N,,0,S,8,5,,N
2026,26095,26,TECNOLOGÍA EN DEPORTES Y RECREACIÓN,UNIVERSIDAD DE PLAYA ANCHA ,5,30,30,20,10,0,10.0,10.0,N,458,,30,,,,N,,,S,2.0,N,,0,S,10,5,,N
2026,26096,26,"SOCIOLOGIA, LICENCIATURA EN SOCIOLOGIA",UNIVERSIDAD DE PLAYA ANCHA ,5,20,20,25,10,0,25.0,25.0,N,458,,15,2.0,,,N,,,S,2.0,N,,0,S,12,5,,N
2026,26097,26,"TEATRO, LICENCIATURA EN ARTE ESCENICO",UNIVERSIDAD DE PLAYA ANCHA ,5,25,25,30,10,0,10.0,10.0,N,458,,15,2.0,,,N,,,S,2.0,N,,0,S,12,5,,N
2026,26099,26,INGENIERIA EN INFORMATICA C/M EN GESTION DE LA INF-SAN FELIPE,UNIVERSIDAD DE PLAYA ANCHA ,5,25,30,20,10,5,10.0,10.0,S,458,,20,2.0,,,N,,,S,2.0,N,,0,S,12,5,4.0,S
2026,26300,26,DISEÑO,UNIVERSIDAD DE PLAYA ANCHA ,5,30,30,20,10,0,10.0,10.0,N,458,,25,,,,N,,,S,2.0,N,,0,S,15,5,,N
2026,26301,26,"INGENIERIA CIVIL INFORMÁTICA, LICENCIATURA EN CIENCIAS DE LA INGENIERÍA",UNIVERSIDAD DE PLAYA ANCHA ,5,25,30,20,10,5,10.0,10.0,S,458,,25,2.0,,,N,,,S,2.0,N,,0,S,10,5,5.0,S
2026,26302,26,"INGENIERÍA COMERCIAL, LICENCIATURA EN CIENCIAS DE LA ADMINISTRACIÓN",UNIVERSIDAD DE PLAYA ANCHA ,5,30,30,20,10,0,10.0,10.0,N,458,,25,2.0,,,N,,,S,2.0,N,,0,S,10,5,,N
2026,26303,26,"DERECHO, LICENCIATURA EN CIENCIAS JURÍDICAS Y SOCIALES",UNIVERSIDAD DE PLAYA ANCHA ,5,25,25,30,10,0,10.0,10.0,N,458,,75,,,,N,,,S,2.0,N,,0,S,10,5,,N
2026,26305,26,PEDAGOGÍA EN ARTES VISUALES CON MENCIÓN EN PATRIMONIO.,UNIVERSIDAD DE PLAYA ANCHA ,5,30,30,20,10,0,10.0,10.0,N,458,,20,2.0,,,N,,,S,2.0,S,,1,S,10,5,,N
2026,26306,26,PEDAGOGÍA EN EDUCACIÓN FÍSICA,UNIVERSIDAD DE PLAYA ANCHA ,5,25,25,20,20,0,10.0,10.0,N,458,,60,,,,N,,,S,2.0,S,,1,S,20,5,,N
2026,26307,26,PEDAGOGÍA EN FÍSICA CON MENCIÓN EN EDUCACIÓN ASTRONÓMICA. LICENCIATURA EN EDUCACIÓN,UNIVERSIDAD DE PLAYA ANCHA ,5,25,25,20,20,0,10.0,10.0,N,458,,15,1.0,,,N,,,S,1.0,S,,1,S,10,5,,N
2026,27001,27,INGENIERIA CIVIL EN MINAS,UNIVERSIDAD DE ATACAMA,3,10,30,15,30,5,,10.0,S,458,,70,3.0,,,N,,,N,1.0,N,,0,S,40,3,5.0,S
2026,27003,27,INGENIERIA CIVIL EN METALURGIA,UNIVERSIDAD DE ATACAMA,3,10,35,10,30,5,10.0,10.0,S,458,,50,3.0,,,N,,,S,1.0,N,,0,S,40,3,5.0,S
2026,27004,27,INGENIERIA CIVIL EN COMPUTACION E INFORMATICA,UNIVERSIDAD DE ATACAMA,3,10,35,10,30,5,10.0,10.0,S,458,,50,3.0,,,N,,,S,1.0,N,,0,S,20,3,5.0,S
2026,27005,27,INGENIERIA CIVIL INDUSTRIAL,UNIVERSIDAD DE ATACAMA,3,10,35,10,30,5,10.0,10.0,S,458,,55,3.0,,,N,,,S,1.0,N,,0,S,40,3,5.0,S
2026,27009,27,GEOLOGIA,UNIVERSIDAD DE ATACAMA,3,10,35,15,30,0,10.0,10.0,N,458,,70,3.0,,,N,,,S,1.0,N,,0,S,20,3,3.0,S
2026,27020,27,PSICOLOGIA,UNIVERSIDAD DE ATACAMA,3,10,40,20,20,0,,10.0,N,458,,60,3.0,,,N,,,N,1.0,N,,0,S,35,3,,N
2026,27021,27,LICENCIATURA EN EDUCACIÓN Y PEDAGOGÍA EN EDUCACIÓN FÍSICA,UNIVERSIDAD DE ATACAMA,3,10,40,20,20,0,10.0,10.0,N,458,,35,2.0,,,N,,,S,1.0,S,,1,S,25,3,,N
2026,27022,27,LICENCIATURA EN TRADUCTOLOGÍA Y TRADUCTOR E INTÉRPRETE INGLÉS-ESPAÑOL,UNIVERSIDAD DE ATACAMA,3,10,40,20,20,0,10.0,,N,458,,37,2.0,,,N,,,N,1.0,N,,0,S,25,3,,N
2026,27023,27,LICENCIATURA EN EDUCACIÓN. Y PEDAGOGÍA EN EDUCACIÓN  GENERAL BÁSICA,UNIVERSIDAD DE ATACAMA,3,10,40,20,20,0,10.0,10.0,N,458,,30,2.0,,,N,,,S,1.0,S,,1,S,25,3,,N
2026,27027,27,LICENCIATURA  EN EDUCACIÓN Y PEDAGOGÍA EN INGLÉS,UNIVERSIDAD DE ATACAMA,3,10,40,20,20,0,10.0,,N,458,,30,2.0,,,N,,,N,1.0,S,,1,S,25,3,,N
2026,27028,27,LICENCIATURA EN EDUCACIÓN Y PEDAGOGÍA EN EDUCACIÓN PARVULARIA,UNIVERSIDAD DE ATACAMA,3,10,40,20,20,0,10.0,,N,458,,30,2.0,,,N,,,N,1.0,S,,1,S,25,3,,N
2026,27029,27,PEDAGOGÍA EN MATEMÁTICAS,UNIVERSIDAD DE ATACAMA,3,10,40,10,25,5,10.0,10.0,S,458,,15,2.0,,,N,,,S,1.0,S,,1,S,15,3,,N
2026,27030,27,PEDAGOGÍA EN EDUCACIÓN DIFERENCIAL,UNIVERSIDAD DE ATACAMA,3,10,40,20,20,0,10.0,,N,458,,15,2.0,,,N,,,N,1.0,S,,1,S,15,3,,N
2026,27031,27,"LIC. EN CIENCIAS MENCIÓN ASTRONOMÍA Y FÍSICA, MEDIO AMBIENTE Y RECURSOS NATURALES O PALEONTOLOGÍA",UNIVERSIDAD DE ATACAMA,3,10,40,15,20,0,,15.0,N,458,,15,2.0,,,N,,,N,1.0,N,,0,S,15,3,,S
2026,27032,27,"PEDAGOGÍA EN HISTORIA, GEOGRAFÍA Y CIENCIAS SOCIALES",UNIVERSIDAD DE ATACAMA,3,10,40,20,10,0,20.0,,N,458,,15,2.0,,,N,,,N,1.0,S,,1,S,15,3,,N
2026,27037,27,CONSTRUCCION CIVIL,UNIVERSIDAD DE ATACAMA,3,10,40,10,30,0,10.0,10.0,N,458,,40,2.0,,,N,,,S,1.0,N,,0,S,30,3,4.0,S
2026,27040,27,DERECHO,UNIVERSIDAD DE ATACAMA,3,10,40,20,20,0,10.0,,N,458,,75,3.0,,,N,,,N,1.0,N,,0,S,34,3,,N
2026,27043,27,TRABAJO SOCIAL,UNIVERSIDAD DE ATACAMA,3,10,40,20,20,0,10.0,,N,458,,55,3.0,,,N,,,N,1.0,N,,0,S,25,3,,N
2026,27050,27,KINESIOLOGIA,UNIVERSIDAD DE ATACAMA,3,10,40,20,20,0,,10.0,N,458,,55,1.0,,,N,,,N,1.0,N,,0,S,2,3,,N
2026,27051,27,NUTRICION Y DIETETICA,UNIVERSIDAD DE ATACAMA,3,10,40,20,20,0,,10.0,N,458,,60,,,,N,,,N,1.0,N,,0,S,9,3,,N
2026,27052,27,OBSTETRICIA Y PUERICULTURA,UNIVERSIDAD DE ATACAMA,3,10,40,20,20,0,,10.0,N,458,,45,1.0,,,N,,,N,1.0,N,,0,S,8,3,,N
2026,27063,27,INGENIERIA COMERCIAL,UNIVERSIDAD DE ATACAMA,3,10,35,15,30,0,10.0,10.0,N,458,,55,3.0,,,N,,,S,1.0,N,,0,S,20,3,,N
2026,27070,27,MEDICINA,UNIVERSIDAD DE ATACAMA,3,15,20,25,25,0,,15.0,N,500,600.0,45,1.0,,,N,,,N,1.0,N,,0,S,2,3,,N
2026,27080,27,ENFERMERIA,UNIVERSIDAD DE ATACAMA,3,10,40,20,20,0,,10.0,N,458,,50,1.0,,,N,,,N,1.0,N,,0,S,5,3,,N
2026,29001,29,ARQUITECTURA,UNIVERSIDAD DEL BIO-BIO,8,10,40,20,20,0,10.0,10.0,N,458,,90,5.0,,,N,,,S,2.0,N,,0,S,5,8,,N
2026,29004,29,DISENO INDUSTRIAL,UNIVERSIDAD DEL BIO-BIO,8,20,40,20,10,0,10.0,10.0,N,458,,55,5.0,,,N,,,S,2.0,N,,0,S,20,8,5.0,S
2026,29005,29,INGENIERIA EN CONSTRUCCION,UNIVERSIDAD DEL BIO-BIO,8,20,40,15,10,5,,10.0,S,458,,80,10.0,,,N,,,N,2.0,N,,0,S,15,8,15.0,S
2026,29010,29,TRABAJO SOCIAL,UNIVERSIDAD DEL BIO-BIO,8,20,30,30,10,0,10.0,10.0,N,458,,50,5.0,,,N,,,S,2.0,N,,0,S,6,8,,N
2026,29012,29,DERECHO,UNIVERSIDAD DEL BIO-BIO,8,20,20,30,15,0,15.0,,N,458,500.0,90,10.0,,,N,,,N,2.0,N,,0,S,15,8,,N
2026,29015,29,BACHILLERATO EN CIENCIAS,UNIVERSIDAD DEL BIO-BIO,8,10,40,10,30,0,,10.0,N,458,,35,5.0,,,N,,,N,2.0,N,,0,S,10,8,5.0,S
2026,29016,29,INGENIERÍA ELECTRÓNICA,UNIVERSIDAD DEL BIO-BIO,8,10,50,10,10,10,10.0,10.0,S,458,,40,10.0,,,N,,,S,2.0,N,,0,S,10,8,8.0,S
2026,29017,29,INGENIERÍA ELÉCTRICA,UNIVERSIDAD DEL BIO-BIO,8,10,50,10,10,10,10.0,10.0,S,458,,40,10.0,,,N,,,S,2.0,N,,0,S,10,8,8.0,S
2026,29018,29,INGENIERIA ESTADISTICA,UNIVERSIDAD DEL BIO-BIO,8,20,40,10,10,10,10.0,10.0,S,458,,30,15.0,,,N,,,S,2.0,N,,0,S,15,8,6.0,S
2026,29019,29,INGENIERIA CIVIL QUIMICA,UNIVERSIDAD DEL BIO-BIO,8,10,45,10,15,10,10.0,10.0,S,458,,60,15.0,,,N,,,S,2.0,N,,0,S,15,8,12.0,S
2026,29020,29,INGENIERIA CIVIL INDUSTRIAL,UNIVERSIDAD DEL BIO-BIO,8,10,45,10,15,10,10.0,10.0,S,458,,115,20.0,,,N,,,S,2.0,N,,0,S,15,8,23.0,S
2026,29021,29,INGENIERIA CIVIL,UNIVERSIDAD DEL BIO-BIO,8,10,40,15,15,10,10.0,10.0,S,458,,95,15.0,,,N,,,S,2.0,N,,0,S,20,8,19.0,S
2026,29026,29,INGENIERIA CIVIL MECANICA,UNIVERSIDAD DEL BIO-BIO,8,10,45,10,15,10,10.0,10.0,S,458,,75,20.0,,,N,,,S,2.0,N,,0,S,15,8,15.0,S
2026,29027,29,INGENIERIA CIVIL EN INFORMATICA,UNIVERSIDAD DEL BIO-BIO,8,10,40,15,15,10,10.0,10.0,S,458,,85,5.0,,,N,,,S,2.0,N,,0,S,15,8,16.0,S
2026,29028,29,INGENIERIA CIVIL EN AUTOMATIZACION,UNIVERSIDAD DEL BIO-BIO,8,10,45,10,15,10,10.0,10.0,S,458,,75,20.0,,,N,,,S,2.0,N,,0,S,15,8,15.0,S
2026,29029,29,INGENIERIA CIVIL ELECTRICA,UNIVERSIDAD DEL BIO-BIO,8,10,45,10,15,10,10.0,10.0,S,458,,65,15.0,,,N,,,S,2.0,N,,0,S,15,8,13.0,S
2026,29033,29,INGENIERÍA MECÁNICA,UNIVERSIDAD DEL BIO-BIO,8,10,50,10,10,10,10.0,10.0,S,458,,40,10.0,,,N,,,S,2.0,N,,0,S,10,8,8.0,S
2026,29037,29,INGENIERIA DE EJECUCION EN COMPUTACION E INFORMATICA,UNIVERSIDAD DEL BIO-BIO,8,10,40,15,15,10,10.0,10.0,S,458,,65,5.0,,,N,,,S,2.0,N,,0,S,15,8,5.0,S
2026,29045,29,CONTADOR PUBLICO Y AUDITOR,UNIVERSIDAD DEL BIO-BIO,8,20,40,10,20,0,10.0,10.0,N,458,,55,5.0,,,N,,,S,2.0,N,,0,S,15,8,,N
2026,29049,29,INGENIERIA COMERCIAL,UNIVERSIDAD DEL BIO-BIO,8,20,30,15,25,0,10.0,10.0,N,458,,85,5.0,,,N,,,S,2.0,N,,0,S,15,8,,N
2026,29051,29,INGENIERIA EN ALIMENTOS,UNIVERSIDAD DEL BIO-BIO,8,10,45,10,20,5,10.0,10.0,S,458,,35,5.0,,,N,,,S,2.0,N,,0,S,15,16,6.0,S
2026,29052,29,ENFERMERIA,UNIVERSIDAD DEL BIO-BIO,8,10,20,25,15,0,,30.0,N,458,,45,5.0,,,N,,,N,2.0,N,,0,S,3,16,,N
2026,29054,29,NUTRICION Y DIETETICA,UNIVERSIDAD DEL BIO-BIO,8,20,30,15,15,0,,20.0,N,458,,45,5.0,,,N,,,N,2.0,N,,0,S,6,16,,N
2026,29055,29,FONOAUDIOLOGIA,UNIVERSIDAD DEL BIO-BIO,8,20,40,20,10,0,,10.0,N,458,,45,5.0,,,N,,,N,2.0,N,,0,S,15,16,,N
2026,29057,29,INGENIERIA CIVIL EN INFORMATICA,UNIVERSIDAD DEL BIO-BIO,8,10,40,15,15,10,10.0,10.0,S,458,,65,5.0,,,N,,,S,2.0,N,,0,S,16,16,12.0,S
2026,29059,29,INGENIERIA COMERCIAL,UNIVERSIDAD DEL BIO-BIO,8,20,30,15,25,0,10.0,10.0,N,458,,65,5.0,,,N,,,S,2.0,N,,0,S,22,16,,N
2026,29061,29,QUÍMICA Y FARMACIA,UNIVERSIDAD DEL BIO-BIO,8,20,20,15,30,0,,15.0,N,458,,50,5.0,,,N,,,N,2.0,N,,0,S,9,16,,N
2026,29063,29,CONTADOR PUBLICO Y AUDITOR,UNIVERSIDAD DEL BIO-BIO,8,20,40,10,20,0,10.0,10.0,N,458,,40,5.0,,,N,,,S,2.0,N,,0,S,20,16,,N
2026,29064,29,DISENO GRAFICO,UNIVERSIDAD DEL BIO-BIO,8,20,30,30,10,0,10.0,,N,458,,45,5.0,,,N,,,N,2.0,N,,0,S,15,16,,N
2026,29065,29,MEDICINA,UNIVERSIDAD DEL BIO-BIO,8,15,25,15,25,0,,20.0,N,458,600.0,40,,,,N,,,N,2.0,N,,0,S,1,16,,N
2026,29066,29,TRABAJO SOCIAL,UNIVERSIDAD DEL BIO-BIO,8,20,30,30,10,0,10.0,10.0,N,458,,55,5.0,,,N,,,S,2.0,N,,0,S,15,16,,N
2026,29067,29,PSICOLOGIA,UNIVERSIDAD DEL BIO-BIO,8,20,20,25,25,0,10.0,10.0,N,458,,65,5.0,,,N,,,S,2.0,N,,0,S,12,16,,N
2026,29068,29,BACHILLERATO EN CIENCIAS,UNIVERSIDAD DEL BIO-BIO,8,10,40,10,30,0,,10.0,N,458,,35,5.0,,,N,,,N,2.0,N,,0,S,15,16,1.0,S
2026,29069,29,INGENIERIA EN RECURSOS NATURALES,UNIVERSIDAD DEL BIO-BIO,8,10,40,15,20,5,10.0,10.0,S,458,,40,20.0,,,N,,,S,2.0,N,,0,S,15,16,6.0,S
2026,29071,29,PEDAGOGIA EN EDUCACION FISICA,UNIVERSIDAD DEL BIO-BIO,8,30,30,15,15,0,10.0,10.0,N,458,,45,5.0,,,N,,,S,2.0,S,,1,S,15,16,,N
2026,29072,29,PEDAGOGIA EN CASTELLANO Y COMUNICACION,UNIVERSIDAD DEL BIO-BIO,8,10,40,30,10,0,10.0,10.0,N,458,,50,10.0,,,N,,,S,2.0,S,,1,S,15,16,,N
2026,29073,29,PEDAGOGIA EN CIENCIAS NATURALES M/ BIOL. M/FIS M/ QUI,UNIVERSIDAD DEL BIO-BIO,8,20,40,10,15,0,15.0,15.0,N,458,,40,5.0,,,N,,,S,2.0,S,,1,S,15,16,,N
2026,29076,29,PEDAGOGIA EN INGLES,UNIVERSIDAD DEL BIO-BIO,8,25,40,15,10,0,10.0,10.0,N,458,,50,5.0,,,N,,,S,2.0,S,,1,S,15,16,,N
2026,29077,29,PEDAGOGÍA EN EDUCACIÓN ESPECIAL CON MENCIÓN EN DIFICULTADES ESPECÍFICAS DEL APRENDIZAJE,UNIVERSIDAD DEL BIO-BIO,8,30,40,10,10,0,10.0,10.0,N,458,,40,5.0,,,N,,,S,2.0,S,,1,S,15,16,,N
2026,29078,29,PEDAGOGIA EN HISTORIA Y GEOGRAFIA,UNIVERSIDAD DEL BIO-BIO,8,10,40,15,10,0,25.0,25.0,N,458,,40,5.0,,,N,,,S,2.0,S,,1,S,15,16,,N
2026,29080,29,PEDAGOGIA EN EDUCACION PARVULARIA MENC DIDACTICA EN PRIMERA INFANCIA,UNIVERSIDAD DEL BIO-BIO,8,40,25,15,10,0,10.0,10.0,N,458,,50,10.0,,,N,,,S,2.0,S,,1,S,15,16,,N
2026,29082,29,PEDAGOGIA EN EDUCACION GENERAL BASICA CON MENCION EN LENGUAJE Y COMUNICACIÓN O EDUCACION MATEMATICA,UNIVERSIDAD DEL BIO-BIO,8,10,40,25,15,0,10.0,10.0,N,458,,40,5.0,,,N,,,S,2.0,S,,1,S,15,16,,N
2026,29086,29,PEDAGOGIA EN EDUCACION MATEMATICA,UNIVERSIDAD DEL BIO-BIO,8,20,30,10,20,10,10.0,10.0,S,458,,40,5.0,,,N,,,S,2.0,S,,1,S,15,16,,N
2026,30000,30,CONTADOR PUBLICO Y AUDITOR,UNIVERSIDAD DE LA FRONTERA,9,10,30,20,30,0,10.0,10.0,N,485,,45,15.0,,,N,,,S,2.0,N,,0,S,7,9,,N
2026,30007,30,INGENIERIA EN CONSTRUCCION,UNIVERSIDAD DE LA FRONTERA,9,10,40,10,20,10,,10.0,S,485,,50,9.0,,,N,,,N,2.0,N,,0,S,4,9,1.0,S
2026,30012,30,INGENIERIA CIVIL ELECTRONICA,UNIVERSIDAD DE LA FRONTERA,9,10,40,10,20,10,,10.0,S,485,,30,7.0,,,N,,,N,2.0,N,,0,S,4,9,2.0,S
2026,30013,30,INGENIERIA CIVIL INDUSTRIAL,UNIVERSIDAD DE LA FRONTERA,9,10,40,10,20,10,,10.0,S,485,,110,26.0,,,N,,,N,6.0,N,,0,S,10,9,4.0,S
2026,30020,30,ENFERMERIA,UNIVERSIDAD DE LA FRONTERA,9,10,30,15,25,0,,20.0,N,485,,61,12.0,,,N,,,N,2.0,N,,0,S,3,9,,N
2026,30021,30,FONOAUDIOLOGIA,UNIVERSIDAD DE LA FRONTERA,9,10,30,15,25,0,,20.0,N,485,,35,15.0,,,N,,,N,2.0,N,,0,S,3,9,,N
2026,30022,30,TERAPIA OCUPACIONAL,UNIVERSIDAD DE LA FRONTERA,9,10,30,15,25,0,,20.0,N,485,,41,10.0,,,N,,,N,2.0,N,,0,S,3,9,,N
2026,30023,30,KINESIOLOGIA,UNIVERSIDAD DE LA FRONTERA,9,10,30,15,25,0,,20.0,N,485,,51,10.0,,,N,,,N,2.0,N,,0,S,3,9,,N
2026,30024,30,QUÍMICA Y FARMACIA,UNIVERSIDAD DE LA FRONTERA,9,10,30,15,25,0,,20.0,N,485,,40,8.0,,,N,,,N,2.0,N,,0,S,3,9,,N
2026,30026,30,MEDICINA,UNIVERSIDAD DE LA FRONTERA,9,10,30,15,25,0,,20.0,N,485,,58,4.0,,,N,,,N,2.0,N,,0,S,3,9,,N
2026,30029,30,NUTRICION Y DIETETICA,UNIVERSIDAD DE LA FRONTERA,9,10,30,15,25,0,,20.0,N,485,,42,13.0,,,N,,,N,2.0,N,,0,S,3,9,,N
2026,30032,30,OBSTETRICIA Y PUERICULTURA,UNIVERSIDAD DE LA FRONTERA,9,10,30,15,25,0,,20.0,N,485,,40,10.0,,,N,,,N,2.0,N,,0,S,3,9,,N
2026,30033,30,ODONTOLOGIA,UNIVERSIDAD DE LA FRONTERA,9,10,40,20,20,0,,10.0,N,485,,70,25.0,,,N,,,N,3.0,N,,0,S,10,9,,N
2026,30035,30,TECNOLOGIA MEDICA,UNIVERSIDAD DE LA FRONTERA,9,10,30,15,25,0,,20.0,N,485,,57,10.0,,,N,,,N,2.0,N,,0,S,3,9,,N
2026,30037,30,MEDICINA VETERINARIA,UNIVERSIDAD DE LA FRONTERA,9,10,50,10,20,0,,10.0,N,485,,50,15.0,,,N,,,N,2.0,N,,0,S,8,9,,N
2026,30038,30,INGENIERIA CIVIL QUIMICA,UNIVERSIDAD DE LA FRONTERA,9,10,40,10,20,10,,10.0,S,485,,30,12.0,,,N,,,N,2.0,N,,0,S,4,9,1.0,S
2026,30039,30,DERECHO,UNIVERSIDAD DE LA FRONTERA,9,10,30,25,20,0,15.0,,N,485,,100,33.0,,,N,,,N,2.0,N,,0,S,5,9,,N
2026,30044,30,PEDAGOGIA  EN CASTELLANO Y COMUNICACION,UNIVERSIDAD DE LA FRONTERA,9,10,50,20,10,0,10.0,,N,485,,35,12.0,,,N,,,N,2.0,S,,0,S,6,9,,N
2026,30047,30,"PEDAGOGIA EN EDUCACION FISICA, DEPORTES Y REC.",UNIVERSIDAD DE LA FRONTERA,9,10,50,15,15,0,10.0,10.0,N,485,,50,10.0,,,N,,,S,2.0,S,,0,S,6,9,,N
2026,30050,30,PEDAGOGIA EN EDUCACION DIFERENCIAL,UNIVERSIDAD DE LA FRONTERA,9,10,50,20,10,0,10.0,,N,485,,30,10.0,,,N,,,N,2.0,S,,0,S,6,9,,N
2026,30055,30,"PEDAGOGIA  EN  HISTORIA, GEOGRAFIA. Y EDUCACION CIVICA",UNIVERSIDAD DE LA FRONTERA,9,10,50,20,10,0,10.0,,N,485,,40,12.0,,,N,,,N,2.0,S,,0,S,5,9,,N
2026,30056,30,PEDAGOGIA EN INGLES,UNIVERSIDAD DE LA FRONTERA,9,10,50,20,10,0,10.0,10.0,N,485,,35,12.0,,,N,,,S,2.0,S,,0,S,8,9,,N
2026,30058,30,PEDAGOGIA  MATEMATICA,UNIVERSIDAD DE LA FRONTERA,9,10,40,10,25,5,,10.0,S,485,,30,15.0,,,N,,,N,2.0,S,,0,S,8,9,,N
2026,30060,30,"PEDAGOGIA EN CIENCIAS M. BIOLOGIA, QUIMICA O FISICA",UNIVERSIDAD DE LA FRONTERA,9,10,40,10,25,0,,15.0,N,485,,30,12.0,,,N,,,N,2.0,S,,0,S,6,9,,N
2026,30064,30,PSICOLOGIA,UNIVERSIDAD DE LA FRONTERA,9,10,40,20,20,0,10.0,10.0,N,485,,60,10.0,,,N,,,S,2.0,N,,0,S,5,9,,N
2026,30065,30,BACHILLERATO EN CIENCIAS SOCIALES,UNIVERSIDAD DE LA FRONTERA,9,10,50,15,10,0,15.0,15.0,N,485,,30,15.0,,,N,,,S,2.0,N,,0,S,8,9,,N
2026,30066,30,TRABAJO SOCIAL,UNIVERSIDAD DE LA FRONTERA,9,10,50,20,10,0,10.0,,N,485,,40,12.0,,,N,,,N,2.0,N,,0,S,6,9,,N
2026,30068,30,BIOTECNOLOGIA,UNIVERSIDAD DE LA FRONTERA,9,10,50,10,20,0,,10.0,N,485,,30,17.0,,,N,,,N,2.0,N,,0,S,8,9,1.0,S
2026,30069,30,INGENIERIA EN RECURSOS NATURALES,UNIVERSIDAD DE LA FRONTERA,9,10,50,10,15,5,,10.0,S,485,,30,17.0,,,N,,,N,2.0,N,,0,S,7,9,1.0,S
2026,30070,30,AGRONOMIA,UNIVERSIDAD DE LA FRONTERA,9,10,50,10,20,0,,10.0,N,485,,45,17.0,,,N,,,N,2.0,N,,0,S,7,9,,N
2026,30073,30,BIOQUIMICA,UNIVERSIDAD DE LA FRONTERA,9,10,40,10,25,0,,15.0,N,485,,30,8.0,,,N,,,N,2.0,N,,0,S,4,9,1.0,S
2026,30074,30,INGENIERIA CIVIL TELEMATICA,UNIVERSIDAD DE LA FRONTERA,9,10,40,10,20,10,,10.0,S,485,,15,4.0,,,N,,,N,2.0,N,,0,S,4,9,2.0,S
2026,30076,30,PLAN COMUN INGENIERIA CIVIL,UNIVERSIDAD DE LA FRONTERA,9,10,40,10,20,10,,10.0,S,485,,100,36.0,,,N,,,N,2.0,N,,0,S,12,9,4.0,S
2026,30077,30,INGENIERIA CIVIL ELECTRICA,UNIVERSIDAD DE LA FRONTERA,9,10,40,10,20,10,,10.0,S,485,,45,11.0,,,N,,,N,2.0,N,,0,S,4,9,2.0,S
2026,30078,30,INGENIERIA CIVIL MATEMATICA,UNIVERSIDAD DE LA FRONTERA,9,10,40,10,20,10,,10.0,S,485,,15,4.0,,,N,,,N,2.0,N,,0,S,4,9,2.0,S
2026,30079,30,INGENIERIA CIVIL AMBIENTAL,UNIVERSIDAD DE LA FRONTERA,9,10,40,10,20,10,,10.0,S,485,,20,12.0,,,N,,,N,2.0,N,,0,S,4,9,1.0,S
2026,30085,30,INGENIERIA COMERCIAL,UNIVERSIDAD DE LA FRONTERA,9,10,30,20,30,0,10.0,10.0,N,485,,70,10.0,,,N,,,S,2.0,N,,0,S,7,9,,N
2026,30086,30,INGENIERIA INFORMATICA,UNIVERSIDAD DE LA FRONTERA,9,10,40,10,20,10,,10.0,S,485,,50,9.0,,,N,,,N,2.0,N,,0,S,4,9,1.0,S
2026,30090,30,INGENIERIA CIVIL EN BIOTECNOLOGIA,UNIVERSIDAD DE LA FRONTERA,9,10,40,10,20,10,,10.0,S,485,,20,5.0,,,N,,,N,2.0,N,,0,S,4,9,1.0,S
2026,30091,30,PERIODISMO,UNIVERSIDAD DE LA FRONTERA,9,10,50,20,10,0,10.0,,N,485,,30,15.0,,,N,,,N,2.0,N,,0,S,7,9,,N
2026,30092,30,SOCIOLOGIA,UNIVERSIDAD DE LA FRONTERA,9,10,50,15,10,0,15.0,,N,485,,25,15.0,,,N,,,N,2.0,N,,0,S,6,9,,N
2026,30094,30,INGENIERIA CIVIL,UNIVERSIDAD DE LA FRONTERA,9,10,40,10,20,10,,10.0,S,485,,40,4.0,,,N,,,N,2.0,N,,0,S,4,9,1.0,S
2026,30095,30,INGENIERIA CIVIL INFORMATICA,UNIVERSIDAD DE LA FRONTERA,9,10,40,10,20,10,,10.0,S,485,,50,9.0,,,N,,,N,2.0,N,,0,S,4,9,1.0,S
2026,30096,30,INGENIERIA CIVIL MECANICA,UNIVERSIDAD DE LA FRONTERA,9,10,40,10,20,10,,10.0,S,485,,45,11.0,,,N,,,N,2.0,N,,0,S,4,9,2.0,S
2026,32001,32,ARQUITECTURA,UNIVERSIDAD DE LOS LAGOS,10,10,50,10,20,0,10.0,10.0,N,485,,63,,,,N,,,S,2.0,N,,0,S,20,10,,N
2026,32002,32,KINESIOLOGIA,UNIVERSIDAD DE LOS LAGOS,10,10,50,15,15,0,,10.0,N,485,,53,,,,N,,,N,2.0,N,,0,S,12,10,,N
2026,32003,32,INGENIERIA CIVIL EN INFORMATICA,UNIVERSIDAD DE LOS LAGOS,10,10,35,10,30,5,10.0,10.0,S,485,,90,20.0,,,N,,,S,2.0,N,,0,S,20,10,16.0,S
2026,32005,32,ENFERMERIA,UNIVERSIDAD DE LOS LAGOS,10,10,45,15,20,0,,10.0,N,485,,80,24.0,,,N,,,N,2.0,N,,0,S,10,10,,N
2026,32006,32,INGENIERIA CIVIL EN OBRAS CIVILES,UNIVERSIDAD DE LOS LAGOS,10,10,35,10,30,5,10.0,10.0,S,485,,45,12.0,,,N,,,S,3.0,N,,0,S,20,10,7.0,S
2026,32007,32,INGENIERIA CIVIL ELECTRICA,UNIVERSIDAD DE LOS LAGOS,10,10,35,10,30,5,10.0,10.0,S,485,,45,12.0,,,N,,,S,3.0,N,,0,S,25,10,7.0,S
2026,32011,32,CONTADOR PUBLICO Y AUDITOR,UNIVERSIDAD DE LOS LAGOS,10,10,40,15,25,0,10.0,10.0,N,485,,60,13.0,,,N,,,S,2.0,N,,0,S,20,10,,N
2026,32012,32,INGENIERIA COMERCIAL,UNIVERSIDAD DE LOS LAGOS,10,10,40,15,25,0,10.0,10.0,N,485,,68,,,,N,,,S,2.0,N,,0,S,25,10,,N
2026,32014,32,ADMINISTRACION PUBLICA,UNIVERSIDAD DE LOS LAGOS,10,10,50,10,10,0,20.0,,N,485,,50,13.0,,,N,,,N,2.0,N,,0,S,20,10,,N
2026,32016,32,INGENIERIA CIVIL EN INFORMATICA,UNIVERSIDAD DE LOS LAGOS,10,10,35,10,30,5,10.0,10.0,S,485,,60,13.0,,,N,,,S,3.0,N,,0,S,20,10,11.0,S
2026,32018,32,INGENIERIA CIVIL INDUSTRIAL,UNIVERSIDAD DE LOS LAGOS,10,10,35,10,30,5,10.0,10.0,S,485,,45,12.0,,,N,,,S,2.0,N,,0,S,20,10,7.0,S
2026,32020,32,INGENIERIA AMBIENTAL,UNIVERSIDAD DE LOS LAGOS,10,10,35,20,20,5,10.0,10.0,S,485,,20,,,,N,,,S,2.0,N,,0,S,20,10,2.0,S
2026,32023,32,INGENIERIA EN ALIMENTOS,UNIVERSIDAD DE LOS LAGOS,10,10,45,10,20,5,,10.0,S,485,,40,7.0,,,N,,,N,4.0,N,,0,S,20,10,6.0,S
2026,32025,32,INGENIERIA EN ACUICULTURA SOSTENIBLE,UNIVERSIDAD DE LOS LAGOS,10,10,50,10,20,0,,10.0,N,485,,40,10.0,,,N,,,N,2.0,N,,0,S,20,10,,N
2026,32026,32,BIOLOGIA MARINA,UNIVERSIDAD DE LOS LAGOS,10,10,50,10,20,0,,10.0,N,485,,50,10.0,,,N,,,N,4.0,N,,0,S,20,10,9.0,S
2026,32027,32,ENFERMERIA,UNIVERSIDAD DE LOS LAGOS,10,10,45,15,20,0,,10.0,N,485,,104,,,,N,,,N,2.0,N,,0,S,12,10,,N
2026,32028,32,KINESIOLOGIA,UNIVERSIDAD DE LOS LAGOS,10,10,50,15,15,0,,10.0,N,485,,67,,,,N,,,N,2.0,N,,0,S,20,10,,N
2026,32029,32,NUTRICION Y DIETETICA,UNIVERSIDAD DE LOS LAGOS,10,10,40,15,20,0,,15.0,N,485,,77,,,,N,,,N,2.0,N,,0,S,25,10,,N
2026,32034,32,PEDAGOGIA EN EDUCACION MEDIA EN HISTORIA Y GEOGRAFIA,UNIVERSIDAD DE LOS LAGOS,10,10,40,20,10,0,20.0,,N,485,,40,12.0,,,N,,,N,2.0,S,,1,S,20,10,,N
2026,32037,32,PEDAGOGIA EN EDUCACION MEDIA  EN MATEMATICA Y COMPUTACION,UNIVERSIDAD DE LOS LAGOS,10,10,45,10,20,5,10.0,10.0,S,485,,40,10.0,,,N,,,S,2.0,S,,1,S,20,10,,N
2026,32039,32,PEDAGOGIA EN EDUCACION MEDIA EN EDUCACION FISICA,UNIVERSIDAD DE LOS LAGOS,10,10,50,20,10,0,10.0,10.0,N,485,,52,,,,N,,,S,2.0,S,,1,S,20,10,,N
2026,32042,32,PEDAGOGIA EN EDUCACION MEDIA EN INGLES,UNIVERSIDAD DE LOS LAGOS,10,10,40,30,10,0,10.0,,N,485,,50,15.0,,,N,,,N,2.0,S,,1,S,20,10,,N
2026,32043,32,PEDAGOGIA EN EDUCACION MEDIA EN LENGUA CASTELLANA Y COMUNICACIONES,UNIVERSIDAD DE LOS LAGOS,10,10,40,30,10,0,10.0,10.0,N,485,,40,12.0,,,N,,,S,2.0,S,,1,S,20,10,,N
2026,32045,32,PEDAGOGIA EN EDUCACION MEDIA EN  EDUCACION FISICA,UNIVERSIDAD DE LOS LAGOS,10,10,50,20,10,0,10.0,10.0,N,485,,40,12.0,,,N,,,S,2.0,S,,1,S,25,10,,N
2026,32048,32,EDUCACION DIFERENCIAL CON ESPECIALIZACION EN PROBLEMAS DE APRENDIZAJE,UNIVERSIDAD DE LOS LAGOS,10,10,40,25,15,0,10.0,10.0,N,485,,50,17.0,,,N,,,S,2.0,S,,1,S,20,10,,N
2026,32051,32,EDUCACION PARVULARIA,UNIVERSIDAD DE LOS LAGOS,10,10,40,20,20,0,10.0,10.0,N,485,,50,17.0,,,N,,,S,2.0,S,,1,S,20,10,,N
2026,32055,32,PEDAGOGIA EN EDUCACION BASICA MENCION LENGUAJE Y MATEMATICA,UNIVERSIDAD DE LOS LAGOS,10,10,50,15,15,0,10.0,10.0,N,485,,40,13.0,,,N,,,S,2.0,S,,1,S,25,10,,N
2026,32059,32,PEDAGOGIA EN EDUCACION GENERAL BASICA,UNIVERSIDAD DE LOS LAGOS,10,10,50,15,15,0,10.0,10.0,N,485,,30,10.0,,,N,,,S,4.0,S,,1,S,25,10,,N
2026,32061,32,TRABAJO SOCIAL,UNIVERSIDAD DE LOS LAGOS,10,10,50,10,10,0,20.0,,N,485,,50,13.0,,,N,,,N,2.0,N,,0,S,20,10,,N
2026,32120,32,AGRONOMIA,UNIVERSIDAD DE LOS LAGOS,10,10,50,10,20,0,,10.0,N,485,,50,13.0,,,N,,,N,3.0,N,,0,S,20,10,,N
2026,32125,32,MEDICINA VETERINARIA,UNIVERSIDAD DE LOS LAGOS,10,10,40,20,20,0,,10.0,N,485,,80,10.0,,,N,,,N,2.0,N,,0,S,14,10,,N
2026,32130,32,FONOAUDIOLOGIA,UNIVERSIDAD DE LOS LAGOS,10,10,40,15,25,0,,10.0,N,485,,50,15.0,,,N,,,N,2.0,N,,0,S,20,10,,N
2026,32131,32,OBSTETRICIA Y PUERICULTURA,UNIVERSIDAD DE LOS LAGOS,10,10,40,20,20,0,,10.0,N,485,,104,,,,N,,,N,2.0,N,,0,S,12,10,,N
2026,32132,32,QUIMICA Y FARMACIA,UNIVERSIDAD DE LOS LAGOS,10,10,40,15,20,0,,15.0,N,485,,90,,,,N,,,N,2.0,N,,0,S,12,10,,N
2026,32133,32,TERAPIA OCUPACIONAL,UNIVERSIDAD DE LOS LAGOS,10,10,40,20,20,0,,10.0,N,485,,45,15.0,,,N,,,N,2.0,N,,0,S,20,10,,N
2026,32134,32,INGENIERIA CIVIL EN OBRAS CIVILES,UNIVERSIDAD DE LOS LAGOS,10,10,35,10,30,5,10.0,10.0,S,485,,50,12.0,,,N,,,S,3.0,N,,0,S,20,10,9.0,S
2026,32135,32,TERAPIA OCUPACIONAL,UNIVERSIDAD DE LOS LAGOS,10,10,40,20,20,0,,10.0,N,485,,40,13.0,,,N,,,N,2.0,N,,0,S,20,10,,N
2026,32136,32,TECNOLOGIA MEDICA,UNIVERSIDAD DE LOS LAGOS,10,10,40,15,20,0,,15.0,N,485,,90,,,,N,,,N,2.0,N,,0,S,12,10,,N
2026,32138,32,OBSTETRICIA Y PUERICULTURA,UNIVERSIDAD DE LOS LAGOS,10,10,40,20,20,0,,10.0,N,485,,90,,,,N,,,N,2.0,N,,0,S,12,10,,N
2026,32140,32,QUIMICA Y FARMACIA,UNIVERSIDAD DE LOS LAGOS,10,10,40,15,20,0,,15.0,N,485,,45,,,,N,,,N,2.0,N,,0,S,10,10,,N
2026,32145,32,PEDAGOGIA EN MUSICA,UNIVERSIDAD DE LOS LAGOS,10,10,40,25,15,0,10.0,10.0,N,485,,40,10.0,,,N,,,S,2.0,S,,1,S,20,10,,N
2026,32146,32,PEDAGOGIA EN ARTES VISUALES,UNIVERSIDAD DE LOS LAGOS,10,10,40,25,15,0,10.0,10.0,N,485,,40,10.0,,,N,,,S,2.0,S,,1,S,20,10,,N
2026,32150,32,INGENIERIA CIVIL EN INFORMATICA,UNIVERSIDAD DE LOS LAGOS,10,10,35,10,30,5,10.0,10.0,S,485,,60,15.0,,,N,,,S,2.0,N,,0,S,20,10,12.0,S
2026,32154,32,INGENIERIA CIVIL INDUSTRIAL,UNIVERSIDAD DE LOS LAGOS,10,10,35,10,30,5,10.0,10.0,S,485,,45,12.0,,,N,,,S,2.0,N,,0,S,20,10,9.0,S
2026,32160,32,DERECHO,UNIVERSIDAD DE LOS LAGOS,10,10,40,20,10,0,20.0,,N,485,,87,,,,N,,,N,2.0,N,,0,S,20,10,,N
2026,32161,32,ANTROPOLOGIA,UNIVERSIDAD DE LOS LAGOS,10,10,50,20,10,0,10.0,,N,485,,40,10.0,,,N,,,N,3.0,N,,0,S,20,10,,N
2026,32162,32,PSICOLOGIA,UNIVERSIDAD DE LOS LAGOS,10,10,40,20,20,0,10.0,10.0,N,485,,114,,,,N,,,S,2.0,N,,0,S,12,10,,N
2026,32163,32,PSICOLOGIA,UNIVERSIDAD DE LOS LAGOS,10,10,40,20,20,0,10.0,10.0,N,485,,80,24.0,,,N,,,S,2.0,N,,0,S,12,10,,N
2026,32164,32,PSICOLOGIA,UNIVERSIDAD DE LOS LAGOS,10,10,40,20,20,0,10.0,10.0,N,485,,80,23.0,,,N,,,S,2.0,N,,0,S,20,10,,N
2026,32165,32,DERECHO,UNIVERSIDAD DE LOS LAGOS,10,10,40,20,10,0,20.0,,N,485,,65,15.0,,,N,,,N,2.0,N,,0,S,20,10,,N
2026,32170,32,MEDICINA,UNIVERSIDAD DE LOS LAGOS,10,10,40,20,20,0,,10.0,N,485,,30,,,,N,,,N,,N,,0,S,2,10,,N
2026,33005,33,"INGENIERIA CIVIL, PLAN COMUN",UNIVERSIDAD DE MAGALLANES,12,10,45,10,20,5,10.0,10.0,S,458,,70,,,,N,,,S,2.0,N,,0,S,10,12,8.0,S
2026,33009,33,INGENIERIA COMERCIAL,UNIVERSIDAD DE MAGALLANES,12,10,60,10,10,0,10.0,10.0,N,458,,45,,,,N,,,S,2.0,N,,0,S,7,12,,N
2026,33023,33,KINESIOLOGIA,UNIVERSIDAD DE MAGALLANES,12,30,40,10,10,0,10.0,10.0,N,458,,35,,,,N,,,S,2.0,N,,0,S,7,12,,N
2026,33024,33,TERAPIA OCUPACIONAL,UNIVERSIDAD DE MAGALLANES,12,40,30,10,10,0,10.0,10.0,N,458,,30,,,,N,,,S,2.0,N,,0,S,6,12,,N
2026,33025,33,DERECHO,UNIVERSIDAD DE MAGALLANES,12,35,15,20,10,0,20.0,,N,458,,40,,,,N,,,N,2.0,N,,0,S,7,12,,N
2026,33027,33,AUDITORIA,UNIVERSIDAD DE MAGALLANES,12,10,60,10,10,0,10.0,10.0,N,458,,20,,,,N,,,S,2.0,N,,0,S,7,12,,N
2026,33030,33,ARQUITECTURA,UNIVERSIDAD DE MAGALLANES,12,35,35,10,10,0,10.0,10.0,N,458,,35,,,,N,,,S,2.0,N,,0,S,5,12,,N
2026,33031,33,"PEDAGOGIA EN MATEMATICA, PARA ENSEÑANZA MEDIA",UNIVERSIDAD DE MAGALLANES,12,30,35,10,10,5,10.0,10.0,S,458,,15,,,,N,,,S,2.0,S,,1,S,8,12,,N
2026,33032,33,PEDAGOGIA EN EDUCACION PARVULARIA,UNIVERSIDAD DE MAGALLANES,12,35,35,10,10,0,10.0,10.0,N,458,,15,,,,N,,,S,2.0,S,,1,S,8,12,,N
2026,33033,33,PEDAGOGIA EN EDUCACIÓN BASICA MENCIÓN LENGUAJE Y MATEMÁTICA,UNIVERSIDAD DE MAGALLANES,12,35,35,10,10,0,10.0,10.0,N,458,,15,,,,N,,,S,2.0,S,,1,S,8,12,,N
2026,33035,33,TRABAJO SOCIAL,UNIVERSIDAD DE MAGALLANES,12,35,35,10,10,0,10.0,,N,458,,20,,,,N,,,N,2.0,N,,0,S,6,12,,N
2026,33036,33,BIOLOGIA MARINA,UNIVERSIDAD DE MAGALLANES,12,20,40,10,15,0,15.0,15.0,N,458,,25,,,,N,,,S,2.0,N,,0,S,7,12,4.0,S
2026,33053,33,MEDICINA,UNIVERSIDAD DE MAGALLANES,12,20,25,15,25,0,15.0,15.0,N,600,650.0,50,,,,N,,,S,,N,,0,S,3,12,,N
2026,33060,33,ENFERMERIA,UNIVERSIDAD DE MAGALLANES,12,20,25,15,20,0,20.0,20.0,N,458,,60,,,,N,,,S,1.0,N,,0,S,5,12,,N
2026,33061,33,"INGENIERIA, PLAN COMUN",UNIVERSIDAD DE MAGALLANES,12,10,50,10,20,0,10.0,10.0,N,458,,70,,,,N,,,S,2.0,N,,0,S,7,12,8.0,S
2026,33066,33,AGRONOMIA,UNIVERSIDAD DE MAGALLANES,12,35,35,10,10,0,10.0,10.0,N,458,,20,,,,N,,,S,2.0,N,,0,S,6,12,,N
2026,33070,33,INGENIERIA EN CONSTRUCCION,UNIVERSIDAD DE MAGALLANES,12,15,40,10,20,5,10.0,10.0,S,458,,20,,,,N,,,S,2.0,N,,0,S,7,12,4.0,S
2026,33072,33,NUTRICION Y DIETETICA,UNIVERSIDAD DE MAGALLANES,12,35,35,10,10,0,10.0,10.0,N,458,,35,,,,N,,,S,2.0,N,,0,S,6,12,,N
2026,33078,33,PSICOLOGIA,UNIVERSIDAD DE MAGALLANES,12,35,35,10,10,0,10.0,10.0,N,458,,35,,,,N,,,S,2.0,N,,0,S,6,12,,N
2026,33079,33,"PEDAGOGIA EN EDUCACION FISICA, PARA ENSEÑANZA BASICA Y MEDIA",UNIVERSIDAD DE MAGALLANES,12,35,35,10,10,0,10.0,10.0,N,458,,15,,,,N,,,S,2.0,S,,1,S,8,12,,N
2026,33080,33,FONOAUDIOLOGIA,UNIVERSIDAD DE MAGALLANES,12,35,35,10,10,0,10.0,10.0,N,458,,25,,,,N,,,S,2.0,N,,0,S,6,12,,N
2026,33081,33,"PEDAGOGIA EN INGLES, PARA ENSEÑANZA BASICA Y MEDIA",UNIVERSIDAD DE MAGALLANES,12,35,35,10,10,0,10.0,10.0,N,458,,15,,,,N,,,S,2.0,S,,1,S,8,12,,N
2026,33082,33,"PEDAGOGIA EN CASTELLANO Y COMUNICACION, PARA ENSEÑANZA MEDIA",UNIVERSIDAD DE MAGALLANES,12,35,35,10,10,0,10.0,10.0,N,458,,15,,,,N,,,S,2.0,S,,1,S,8,12,,N
2026,33083,33,"PEDAGOGIA EN HISTORIA Y CIENCIAS SOCIALES, PARA ENSEÑANZA MEDIA",UNIVERSIDAD DE MAGALLANES,12,35,35,10,10,0,10.0,10.0,N,458,,15,,,,N,,,S,2.0,S,,1,S,8,12,,N
2026,33412,33,PEDAGOGIA EN EDUCACION DIFERENCIAL,UNIVERSIDAD DE MAGALLANES,12,35,35,10,10,0,10.0,10.0,N,458,,15,,,,N,,,S,2.0,S,,1,S,8,12,,N
2026,33418,33,"PEDAGOGÍA EN MÚSICA PARA EDUCACIÓN INICIAL, BÁSICA Y MEDIA",UNIVERSIDAD DE MAGALLANES,12,35,35,10,10,0,10.0,10.0,N,458,,15,,,,N,,,S,2.0,S,,1,S,6,12,,N
2026,34003,34,AGRONOMIA,UNIVERSIDAD DE TALCA,7,20,30,10,30,0,,10.0,N,485,,95,20.0,,,N,,,N,3.0,N,,0,S,16,7,,N
2026,34006,34,INGENIERÍA CIVIL INDUSTRIAL,UNIVERSIDAD DE TALCA,7,20,30,10,20,10,,10.0,S,485,,115,10.0,,,N,,,N,3.0,N,,0,S,13,7,7.0,S
2026,34007,34,INGENIERIA CIVIL EN COMPUTACION,UNIVERSIDAD DE TALCA,7,20,30,10,20,10,,10.0,S,485,,65,5.0,,,N,,,N,3.0,N,,0,S,13,7,6.0,S
2026,34011,34,CONTADOR PÚBLICO Y AUDITOR,UNIVERSIDAD DE TALCA,7,20,30,10,30,0,10.0,10.0,N,485,,55,10.0,,,N,,,S,3.0,N,,0,S,11,7,,N
2026,34018,34,INGENIERIA COMERCIAL,UNIVERSIDAD DE TALCA,7,20,30,10,30,0,10.0,10.0,N,485,,195,15.0,,,N,,,S,3.0,N,,0,S,14,7,,N
2026,34019,34,INGENIERÍA INFORMÁTICA EMPRESARIAL,UNIVERSIDAD DE TALCA,7,20,30,10,25,5,10.0,10.0,S,485,,55,5.0,,,N,,,S,3.0,N,,0,S,11,7,6.0,S
2026,34020,34,MEDICINA,UNIVERSIDAD DE TALCA,7,20,30,10,25,0,,15.0,N,485,,75,7.0,,,N,,,N,,N,,0,S,7,7,,N
2026,34021,34,OBSTETRICIA Y PUERICULTURA,UNIVERSIDAD DE TALCA,7,20,30,10,25,0,,15.0,N,485,,55,17.0,,,N,,,N,1.0,N,,0,S,12,7,,N
2026,34022,34,TECNOLOGIA MEDICA,UNIVERSIDAD DE TALCA,7,20,30,10,20,0,,20.0,N,485,,85,12.0,,,N,,,N,,N,,0,S,12,7,,N
2026,34023,34,ODONTOLOGÍA,UNIVERSIDAD DE TALCA,7,20,30,15,20,0,,15.0,N,485,,75,9.0,,,N,,,N,,N,,0,S,9,7,,N
2026,34024,34,KINESIOLOGÍA,UNIVERSIDAD DE TALCA,7,20,30,10,25,0,,15.0,N,485,,65,7.0,,,N,,,N,,N,,0,S,11,7,,N
2026,34025,34,FONOAUDIOLOGÍA,UNIVERSIDAD DE TALCA,7,20,30,20,20,0,,10.0,N,485,,55,7.0,,,N,,,N,1.0,N,,0,S,11,7,,N
2026,34026,34,ENFERMERIA,UNIVERSIDAD DE TALCA,7,20,30,10,25,0,,15.0,N,485,,70,17.0,,,N,,,N,,N,,0,S,12,7,,N
2026,34027,34,NUTRICIÓN Y DIETÉTICA,UNIVERSIDAD DE TALCA,7,20,30,10,20,0,,20.0,N,485,,65,17.0,,,N,,,N,1.0,N,,0,S,11,7,,N
2026,34028,34,PEDAGOGÍA EN EDUCACIÓN PARVULARIA MENCIÓN EN INGLÉS,UNIVERSIDAD DE TALCA,7,20,30,30,10,0,10.0,10.0,N,485,,25,17.0,,,N,,,S,3.0,S,,1,S,13,7,,N
2026,34029,34,PEDAGOGÍA EN EDUCACIÓN GENERAL BÁSICA MENCIÓN INGLÉS,UNIVERSIDAD DE TALCA,7,20,30,30,10,0,10.0,10.0,N,485,,25,12.0,,,N,,,S,3.0,S,,1,S,12,7,,N
2026,34030,34,INGENIERÍA CIVIL EN BIOINFORMÁTICA,UNIVERSIDAD DE TALCA,7,20,30,10,20,10,,10.0,S,485,,45,7.0,,,N,,,N,3.0,N,,0,S,13,7,4.0,S
2026,34037,34,INGENIERÍA CIVIL EN OBRAS CIVILES,UNIVERSIDAD DE TALCA,7,20,30,10,20,10,,10.0,S,485,,65,12.0,,,N,,,N,3.0,N,,0,S,12,7,5.0,S
2026,34038,34,INGENIERÍA CIVIL MECATRÓNICA,UNIVERSIDAD DE TALCA,7,20,30,10,20,10,,10.0,S,485,,65,7.0,,,N,,,N,3.0,N,,0,S,13,7,5.0,S
2026,34039,34,INGENIERÍA CIVIL MECÁNICA,UNIVERSIDAD DE TALCA,7,20,30,10,20,10,,10.0,S,485,,45,12.0,,,N,,,N,3.0,N,,0,S,14,7,4.0,S
2026,34041,34,PSICOLOGÍA,UNIVERSIDAD DE TALCA,7,20,30,20,20,0,10.0,10.0,N,485,,135,10.0,,,N,,,S,3.0,N,,0,S,11,7,,N
2026,34042,34,PEDAGOGÍA EN EDUCACIÓN PARVULARIA CON MENCIÓN EN ALEMÁN,UNIVERSIDAD DE TALCA,7,20,30,30,10,0,10.0,10.0,N,485,,5,7.0,,,N,,,S,3.0,S,,1,N,0,13,,N
2026,34048,34,PEDAGOGÍA EN EDUCACIÓN MEDIA EN INGLÉS,UNIVERSIDAD DE TALCA,7,20,30,30,10,0,10.0,,N,485,,35,12.0,,,N,,,N,3.0,S,,1,S,10,7,,N
2026,34049,34,PEDAGOGÍA EN EDUCACIÓN MEDIA EN ALEMÁN,UNIVERSIDAD DE TALCA,7,20,30,30,10,0,10.0,,N,485,,10,7.0,,,N,,,N,3.0,S,,1,N,0,13,,N
2026,34051,34,DERECHO,UNIVERSIDAD DE TALCA,7,20,30,25,10,0,15.0,,N,485,,140,10.0,,,N,,,N,2.0,N,,0,S,11,7,,N
2026,34055,34,AUDITORIA E INGENIERÍA EN CONTROL DE GESTIÓN,UNIVERSIDAD DE TALCA,7,20,30,10,30,0,10.0,10.0,N,485,,90,5.0,,,N,,,S,3.0,N,,0,S,14,7,,N
2026,34060,34,ARQUITECTURA,UNIVERSIDAD DE TALCA,7,20,30,15,25,0,10.0,,N,485,,65,,,,N,,,N,,N,,0,S,15,7,,N
2026,34062,34,DISEÑO,UNIVERSIDAD DE TALCA,7,20,30,20,20,0,10.0,10.0,N,485,,45,,,,N,,,S,,N,,0,S,5,7,,N
2026,34068,34,INGENIERIA CIVIL DE MINAS,UNIVERSIDAD DE TALCA,7,20,30,10,20,10,,10.0,S,485,,75,14.0,,,N,,,N,3.0,N,,0,S,12,7,6.0,S
2026,34069,34,PEDAGOGÍA EN EDUCACIÓN GENERAL BÁSICA CON MENCIÓN EN ALEMÁN,UNIVERSIDAD DE TALCA,7,20,30,30,10,0,10.0,10.0,N,485,,10,7.0,,,N,,,S,3.0,S,,1,N,0,13,,N
2026,34078,34,INGENIERÍA CIVIL ELÉCTRICA,UNIVERSIDAD DE TALCA,7,20,30,10,20,10,,10.0,S,485,,60,2.0,,,N,,,N,3.0,N,,0,S,13,7,6.0,S
2026,34084,34,PEDAGOGÍA EN EDUCACIÓN MEDIA EN MATEMÁTICA Y FÍSICA,UNIVERSIDAD DE TALCA,7,20,30,10,25,5,,10.0,S,485,,20,12.0,,,N,,,N,1.0,S,,1,S,10,7,,N
2026,34085,34,PEDAGOGÍA EN EDUCACIÓN MEDIA EN BIOLOGÍA Y QUÍMICA,UNIVERSIDAD DE TALCA,7,20,30,10,30,0,,10.0,N,485,,20,12.0,,,N,,,N,1.0,S,,1,S,10,7,,N
2026,34086,34,BIOQUÍMICA,UNIVERSIDAD DE TALCA,7,20,30,10,25,0,,15.0,N,485,,50,12.0,,,N,,,N,1.0,N,,0,S,13,7,,S
2026,34087,34,LICENCIATURA EN INTERPRETACIÓN Y FORMACIÓN MUSICAL ESPECIALIZADA,UNIVERSIDAD DE TALCA,7,10,10,10,10,0,10.0,,N,485,,15,,,,S,PONDERA,50.0,N,,N,,0,S,6,7,,N
2026,34088,34,ADMINISTRACIÓN PÚBLICA,UNIVERSIDAD DE TALCA,7,20,30,20,20,0,10.0,,N,485,,55,8.0,,,N,,,N,1.0,N,,0,S,11,7,,N
2026,34101,34,TERAPIA OCUPACIONAL,UNIVERSIDAD DE TALCA,7,20,30,15,25,0,10.0,10.0,N,485,,55,12.0,,,N,,,S,,N,,0,S,12,7,,N
2026,34102,34,INGENIERÍA CIVIL PLAN COMÚN,UNIVERSIDAD DE TALCA,7,20,30,10,20,10,,10.0,S,485,,40,4.0,,,N,,,N,,N,,0,S,3,7,2.0,S
2026,34103,34,INGENIERÍA CIVIL PLAN COMÚN,UNIVERSIDAD DE TALCA,7,20,30,10,20,10,,10.0,S,485,,20,2.0,,,N,,,N,,N,,0,S,3,7,1.0,S
2026,34104,34,INGENIERÍA CIVIL INDUSTRIAL,UNIVERSIDAD DE TALCA,7,20,30,10,20,10,,10.0,S,485,,40,5.0,,,N,,,N,,N,,0,S,10,7,1.0,S
2026,34105,34,QUÍMICA Y FARMACIA,UNIVERSIDAD DE TALCA,7,20,30,10,25,0,,15.0,N,485,,40,10.0,,,N,,,N,1.0,N,,0,S,1,7,,N
2026,34106,34,INGENIERÍA CIVIL EN SISTEMAS INTELIGENTES Y VIDEOJUEGOS,UNIVERSIDAD DE TALCA,7,20,30,10,20,10,,10.0,S,485,,50,,,,N,,,N,,N,,0,S,10,7,5.0,S
2026,35001,35,KINESIOLOGIA,UNIVERSIDAD CATOLICA DEL MAULE,7,10,40,15,20,0,,15.0,N,485,500.0,70,10.0,,,N,,,N,5.0,N,,0,S,14,7,,N
2026,35002,35,ENFERMERÍA,UNIVERSIDAD CATOLICA DEL MAULE,7,10,40,15,20,0,,15.0,N,485,500.0,70,10.0,,,N,,,N,4.0,N,,0,S,14,7,,N
2026,35004,35,PSICOLOGIA,UNIVERSIDAD CATOLICA DEL MAULE,7,10,40,20,20,0,10.0,10.0,N,485,500.0,75,10.0,,,N,,,S,2.0,N,,0,S,15,7,,N
2026,35005,35,MEDICINA,UNIVERSIDAD CATOLICA DEL MAULE,7,20,30,10,25,0,,15.0,N,485,500.0,70,5.0,,,N,,,N,2.0,N,,0,S,2,7,,N
2026,35006,35,ENFERMERÍA,UNIVERSIDAD CATOLICA DEL MAULE,7,10,40,15,20,0,,15.0,N,485,500.0,70,10.0,,,N,,,N,4.0,N,,0,S,13,7,,N
2026,35007,35,NUTRICION Y DIETETICA,UNIVERSIDAD CATOLICA DEL MAULE,7,10,40,15,20,0,,15.0,N,485,500.0,70,10.0,,,N,,,N,2.0,N,,0,S,16,7,,N
2026,35011,35,PEDAGOGIA EN EDUCACION  FISICA,UNIVERSIDAD CATOLICA DEL MAULE,7,10,40,20,20,0,,10.0,N,485,500.0,70,,,,N,,,N,2.0,S,,0,S,17,7,,N
2026,35013,35,PEDAGOGIA EN RELIGION Y FILOSOFIA,UNIVERSIDAD CATOLICA DEL MAULE,7,10,40,20,10,0,20.0,,N,485,500.0,10,,,,N,,,N,2.0,S,,0,S,8,7,,N
2026,35016,35,"PEDAGOGIA EN CIENCIAS. M/ BIOLOGIA, QUIMICA O FISICA",UNIVERSIDAD CATOLICA DEL MAULE,7,10,40,10,15,0,,25.0,N,485,500.0,30,,,,N,,,N,2.0,S,,0,S,20,7,,N
2026,35017,35,PEDAGOGIA EN MATEMATICA Y COMPUTACION,UNIVERSIDAD CATOLICA DEL MAULE,7,10,40,10,25,5,,10.0,S,485,500.0,45,,,,N,,,N,2.0,S,,0,S,15,7,,N
2026,35018,35,PED.EDUCACIÓN GENERAL BÁSICA:M/LENGUAJE;MATEM. CS.NAT. Y CS.SOC.,UNIVERSIDAD CATOLICA DEL MAULE,7,10,40,20,20,0,10.0,10.0,N,485,500.0,45,,,,N,,,S,2.0,S,,0,S,12,7,,N
2026,35019,35,PEDAGOGIA EN INGLES,UNIVERSIDAD CATOLICA DEL MAULE,7,10,40,25,15,0,10.0,,N,485,500.0,85,10.0,,,N,,,N,2.0,S,,0,S,13,7,,N
2026,35020,35,PEDAGOGÍA EN EDUCACIÓN ESPECIAL CON MENCIÓN,UNIVERSIDAD CATOLICA DEL MAULE,7,10,40,25,15,0,,10.0,N,485,500.0,50,,,,N,,,N,2.0,S,,0,S,15,7,,N
2026,35023,35,PEDAGOGIA EN LENGUA CASTELLANA Y COMUNICACION,UNIVERSIDAD CATOLICA DEL MAULE,7,10,40,25,15,0,10.0,,N,485,500.0,45,,,,N,,,N,2.0,S,,0,S,12,7,,N
2026,35029,35,AGRONOMIA,UNIVERSIDAD CATOLICA DEL MAULE,7,10,40,15,20,0,,15.0,N,485,500.0,75,10.0,,,N,,,N,2.0,N,,0,S,15,7,,N
2026,35033,35,INGENIERIA EN BIOTECNOLOGIA,UNIVERSIDAD CATOLICA DEL MAULE,7,10,40,15,15,5,,15.0,S,485,500.0,55,,,,N,,,N,2.0,N,,0,S,15,7,2.0,S
2026,35040,35,INGENIERIA CIVIL INFORMATICA,UNIVERSIDAD CATOLICA DEL MAULE,7,10,40,10,25,5,,10.0,S,485,500.0,105,20.0,,,N,,,N,2.0,N,,0,S,16,7,5.0,S
2026,35041,35,INGENIERIA EN CONSTRUCCION,UNIVERSIDAD CATOLICA DEL MAULE,7,10,40,10,25,5,,10.0,S,485,500.0,60,,,,N,,,N,2.0,N,,0,S,11,7,4.0,S
2026,35052,35,TRABAJO SOCIAL,UNIVERSIDAD CATOLICA DEL MAULE,7,10,40,25,10,0,15.0,,N,485,500.0,45,,,,N,,,N,2.0,N,,0,S,20,7,,N
2026,35055,35,SOCIOLOGIA,UNIVERSIDAD CATOLICA DEL MAULE,7,10,40,15,25,0,10.0,,N,485,500.0,25,,,,N,,,N,2.0,N,,0,S,10,7,,N
2026,35056,35,INGENIERIA COMERCIAL,UNIVERSIDAD CATOLICA DEL MAULE,7,10,40,15,25,0,10.0,,N,485,500.0,115,10.0,,,N,,,N,2.0,N,,0,S,16,7,,N
2026,35057,35,INGENIERIA CIVIL INDUSTRIAL,UNIVERSIDAD CATOLICA DEL MAULE,7,10,40,10,25,5,,10.0,S,485,500.0,125,15.0,,,N,,,N,2.0,N,,0,S,16,7,5.0,S
2026,35058,35,INGENIERIA CIVIL,UNIVERSIDAD CATOLICA DEL MAULE,7,10,40,10,25,5,,10.0,S,485,500.0,75,,,,N,,,N,2.0,N,,0,S,13,7,4.0,S
2026,35059,35,INGENIERIA DE EJECUCIÓN EN COMPUTACIÓN E INFORMÁTICA (VESPERTINA),UNIVERSIDAD CATOLICA DEL MAULE,7,10,40,10,30,0,,10.0,N,485,500.0,30,,,,N,,,N,2.0,N,,0,S,12,7,,S
2026,35060,35,CONSTRUCCIÓN CIVIL (VESPERTINA),UNIVERSIDAD CATOLICA DEL MAULE,7,10,40,10,30,0,,10.0,N,485,500.0,25,,,,N,,,N,2.0,N,,0,S,12,7,,S
2026,35061,35,PED.EDUCACIÓN GENERAL BÁSICA:M/LENGUAJE;MATEM. CS.NAT. Y CS.SOC.,UNIVERSIDAD CATOLICA DEL MAULE,7,10,40,20,20,0,10.0,10.0,N,485,500.0,50,,,,N,,,S,2.0,S,,0,S,14,7,,N
2026,35062,35,DERECHO,UNIVERSIDAD CATOLICA DEL MAULE,7,10,40,25,10,0,15.0,,N,485,500.0,100,15.0,,,N,,,N,5.0,N,,0,S,16,7,,N
2026,35064,35,ADMINISTRACIÓN PÚBLICA,UNIVERSIDAD CATOLICA DEL MAULE,7,10,40,20,20,0,10.0,,N,485,500.0,40,10.0,,,N,,,N,2.0,N,,0,S,15,7,,N
2026,35065,35,INGENIERÍA CIVIL ELECTRÓNICA,UNIVERSIDAD CATOLICA DEL MAULE,7,10,40,10,25,5,,10.0,S,485,500.0,45,,,,N,,,N,2.0,N,,0,S,14,7,4.0,S
2026,35066,35,TRABAJO SOCIAL,UNIVERSIDAD CATOLICA DEL MAULE,7,10,40,25,10,0,15.0,,N,485,500.0,75,,,,N,,,N,2.0,N,,0,S,15,7,,N
2026,35068,35,TECNOLOGÍA MÉDICA CON MENCIÓN EN IMAGENOLOGIA U OFTALMOLOGIA,UNIVERSIDAD CATOLICA DEL MAULE,7,10,40,15,20,0,,15.0,N,485,500.0,65,10.0,,,N,,,N,3.0,N,,0,S,15,7,,N
2026,35069,35,INGENIERÍA EN ESTADÍSTICA,UNIVERSIDAD CATOLICA DEL MAULE,7,10,40,10,25,5,10.0,10.0,S,485,500.0,30,,,,N,,,S,2.0,N,,0,S,19,7,4.0,S
2026,35071,35,QUÍMICA Y FARMACIA,UNIVERSIDAD CATOLICA DEL MAULE,7,20,30,10,25,0,,15.0,N,485,500.0,75,10.0,,,N,,,N,2.0,N,,0,S,11,7,,N
2026,35072,35,ARQUITECTURA,UNIVERSIDAD CATOLICA DEL MAULE,7,10,40,15,25,0,10.0,10.0,N,485,500.0,65,15.0,,,N,,,S,2.0,N,,0,S,11,7,,N
2026,35073,35,INGENIERÍA EN RECURSOS NATURALES,UNIVERSIDAD CATOLICA DEL MAULE,7,10,40,15,15,5,,15.0,S,485,500.0,15,,,,N,,,N,2.0,N,,0,S,20,7,,S
2026,35074,35,CONTADOR PÚBLICO Y AUDITOR,UNIVERSIDAD CATOLICA DEL MAULE,7,10,40,15,25,0,10.0,,N,485,500.0,50,,,,N,,,N,2.0,N,,0,S,19,7,,N
2026,35075,35,CONTADOR PÚBLICO Y AUDITOR,UNIVERSIDAD CATOLICA DEL MAULE,7,10,40,15,25,0,10.0,,N,485,500.0,50,5.0,,,N,,,N,2.0,N,,0,S,19,7,,N
2026,35076,35,PEDAGOGÍA EN EDUCACIÓN PARVULARIA CON MENCIÓN,UNIVERSIDAD CATOLICA DEL MAULE,7,10,40,20,20,0,10.0,10.0,N,485,500.0,50,,,,N,,,S,2.0,S,,0,S,15,7,,N
2026,35077,35,PEDAGOGÍA EN EDUCACIÓN PARVULARIA CON MENCIÓN,UNIVERSIDAD CATOLICA DEL MAULE,7,10,40,20,20,0,10.0,10.0,N,485,500.0,50,,,,N,,,S,2.0,S,,0,S,14,7,,N
2026,35078,35,GEOLOGÍA,UNIVERSIDAD CATOLICA DEL MAULE,7,10,40,10,25,0,,15.0,N,485,500.0,70,10.0,,,N,,,N,2.0,N,,0,S,15,7,2.0,S
2026,35079,35,BIOINGENIERÍA MÉDICA,UNIVERSIDAD CATOLICA DEL MAULE,7,20,30,10,25,5,,10.0,S,485,500.0,50,10.0,,,N,,,N,2.0,N,,0,S,13,7,,S
2026,35080,35,TERAPIA OCUPACIONAL,UNIVERSIDAD CATOLICA DEL MAULE,7,10,40,20,20,0,10.0,10.0,N,485,500.0,55,,,,N,,,S,2.0,N,,0,S,13,7,,N
2026,35081,35,MEDICINA VETERINARIA,UNIVERSIDAD CATOLICA DEL MAULE,7,10,40,15,15,0,,20.0,N,485,500.0,50,5.0,,,N,,,N,2.0,N,,0,S,14,7,,N
2026,35082,35,BACHILLERATO EN CIENCIAS BIOMÉDICAS,UNIVERSIDAD CATOLICA DEL MAULE,7,20,30,10,25,0,,15.0,N,485,500.0,40,10.0,,,N,,,N,2.0,N,,0,S,8,7,,N
2026,35083,35,INGENIERIA EJECUCIÓN EN GEOMENSURA (VESPERTINA),UNIVERSIDAD CATOLICA DEL MAULE,7,10,40,10,30,0,,10.0,N,485,500.0,15,,,,N,,,N,2.0,N,,0,S,10,7,2.0,S
2026,35084,35,INGENIERIA EN AUTOMATIZACIÓN Y CONTROL (VESPERTINA),UNIVERSIDAD CATOLICA DEL MAULE,7,10,40,10,30,0,,10.0,N,485,500.0,20,,,,N,,,N,2.0,N,,0,S,10,7,2.0,S
2026,35085,35,INGENIERÍA MATEMÁTICA,UNIVERSIDAD CATOLICA DEL MAULE,7,10,40,10,25,5,,10.0,S,485,500.0,25,,,,N,,,N,2.0,N,,0,S,20,7,4.0,S
2026,35086,35,PEDAGOGÍA EN EDUCACIÓN ESPECIAL CON MENCIÓN,UNIVERSIDAD CATOLICA DEL MAULE,7,10,40,25,15,0,,10.0,N,485,500.0,35,,,,N,,,N,2.0,S,,0,S,15,7,,N
2026,35087,35,PSICOLOGIA,UNIVERSIDAD CATOLICA DEL MAULE,7,10,40,20,20,0,10.0,10.0,N,485,500.0,45,5.0,,,N,,,S,2.0,N,,0,S,9,7,,N
2026,35088,35,"PEDAGOGÍA EN HISTORIA, GEOGRAFÍA Y CIENCIAS SOCIALES",UNIVERSIDAD CATOLICA DEL MAULE,7,10,40,20,10,0,20.0,,N,485,500.0,40,,,,N,,,N,2.0,S,,0,S,15,7,,N
2026,35089,35,INGENIERIA EN EJECUCIÓN INDUSTRIAL (VESPERTINA),UNIVERSIDAD CATOLICA DEL MAULE,7,10,40,10,30,0,,10.0,N,485,500.0,15,,,,N,,,N,2.0,N,,0,S,15,7,2.0,S
2026,35090,35,OBSTETRICIA Y PUERICULTURA,UNIVERSIDAD CATOLICA DEL MAULE,7,10,40,15,20,0,,15.0,N,485,500.0,35,5.0,,,N,,,N,2.0,N,,0,S,13,7,,N
2026,35091,35,INGENIERÍA DE EJECUCIÓN EN ADMINISTRACIÓN DE EMPRESAS (VESPERTINA),UNIVERSIDAD CATOLICA DEL MAULE,7,10,40,15,25,0,10.0,,N,485,500.0,25,,,,N,,,N,2.0,N,,0,S,15,7,,N
2026,36001,36,DERECHO,UNIVERSIDAD CATOLICA DE LA SANTISIMA CONCEPCION,8,15,40,15,10,0,20.0,20.0,N,458,,125,30.0,,,N,,,S,2.0,N,,0,S,20,8,,N
2026,36002,36,BIOLOGÍA MARINA,UNIVERSIDAD CATOLICA DE LA SANTISIMA CONCEPCION,8,10,40,10,25,0,15.0,15.0,N,458,,40,30.0,,,N,,,S,2.0,N,,0,S,16,8,8.0,S
2026,36009,36,EDUCACIÓN DE PÁRVULOS,UNIVERSIDAD CATOLICA DE LA SANTISIMA CONCEPCION,8,20,40,15,15,0,10.0,10.0,N,458,,60,25.0,,,N,,,S,2.0,S,,1,S,13,8,,N
2026,36010,36,PEDAGOGIA EN EDUCACIÓN BÁSICA,UNIVERSIDAD CATOLICA DE LA SANTISIMA CONCEPCION,8,20,40,15,15,0,10.0,10.0,N,458,,50,25.0,,,N,,,S,2.0,S,,1,S,20,8,,N
2026,36011,36,PERIODISMO,UNIVERSIDAD CATOLICA DE LA SANTISIMA CONCEPCION,8,20,40,20,10,0,10.0,10.0,N,458,,65,35.0,,,N,,,S,2.0,N,,0,S,20,8,,N
2026,36012,36,INGENIERÍA COMERCIAL,UNIVERSIDAD CATOLICA DE LA SANTISIMA CONCEPCION,8,20,40,10,20,0,10.0,10.0,N,458,,140,30.0,,,N,,,S,2.0,N,,0,S,35,8,,N
2026,36016,36,CONTADOR AUDITOR,UNIVERSIDAD CATOLICA DE LA SANTISIMA CONCEPCION,8,20,40,10,20,0,10.0,10.0,N,458,,70,25.0,,,N,,,S,2.0,N,,0,S,25,8,,N
2026,36020,36,MEDICINA,UNIVERSIDAD CATOLICA DE LA SANTISIMA CONCEPCION,8,10,25,15,25,0,,25.0,N,458,,80,10.0,,,N,,,N,2.0,N,,0,S,5,8,,N
2026,36021,36,ENFERMERÍA,UNIVERSIDAD CATOLICA DE LA SANTISIMA CONCEPCION,8,20,40,10,20,0,,10.0,N,458,,85,30.0,,,N,,,N,2.0,N,,0,S,10,8,,N
2026,36029,36,INGENIERÍA CIVIL,UNIVERSIDAD CATOLICA DE LA SANTISIMA CONCEPCION,8,10,40,10,25,5,10.0,10.0,S,458,,90,15.0,,,N,,,S,2.0,N,,0,S,20,8,15.0,S
2026,36030,36,INGENIERÍA CIVIL INDUSTRIAL,UNIVERSIDAD CATOLICA DE LA SANTISIMA CONCEPCION,8,10,40,10,25,5,10.0,10.0,S,458,,120,30.0,,,N,,,S,2.0,N,,0,S,30,8,20.0,S
2026,36031,36,INGENIERÍA CIVIL INFORMÁTICA,UNIVERSIDAD CATOLICA DE LA SANTISIMA CONCEPCION,8,10,40,10,25,5,10.0,10.0,S,458,,80,35.0,,,N,,,S,2.0,N,,0,S,30,8,15.0,S
2026,36050,36,TRABAJO SOCIAL,UNIVERSIDAD CATOLICA DE LA SANTISIMA CONCEPCION,8,20,40,15,15,0,10.0,10.0,N,458,,75,40.0,,,N,,,S,2.0,N,,0,S,20,8,,N
2026,36051,36,NUTRICIÓN Y DIETÉTICA,UNIVERSIDAD CATOLICA DE LA SANTISIMA CONCEPCION,8,15,35,15,25,0,,10.0,N,458,,75,30.0,,,N,,,N,2.0,N,,0,S,10,8,,N
2026,36052,36,PEDAGOGÍA EN EDUCACIÓN MEDIA EN INGLÉS,UNIVERSIDAD CATOLICA DE LA SANTISIMA CONCEPCION,8,20,40,20,10,0,10.0,10.0,N,458,,70,25.0,,,N,,,S,2.0,S,,1,S,15,8,,N
2026,36053,36,PEDAGOGÍA EN EDUCACIÓN MEDIA  EN LENGUAJE Y COMUNICACIÓN,UNIVERSIDAD CATOLICA DE LA SANTISIMA CONCEPCION,8,20,40,20,10,0,10.0,10.0,N,458,,65,25.0,,,N,,,S,2.0,S,,1,S,15,8,,N
2026,36054,36,LICENCIATURA EN CIENCIAS RELIGIOSAS Y ESTUDIOS TEOLÓGICOS,UNIVERSIDAD CATOLICA DE LA SANTISIMA CONCEPCION,8,20,40,20,10,0,10.0,10.0,N,458,,5,,,,N,,,S,2.0,N,,0,S,21,8,,N
2026,36055,36,LICENCIATURA EN FILOSOFÍA,UNIVERSIDAD CATOLICA DE LA SANTISIMA CONCEPCION,8,20,40,20,10,0,10.0,10.0,N,458,,20,10.0,,,N,,,S,2.0,N,,0,S,20,8,,N
2026,36056,36,PEDAGOGÍA EN EDUCACIÓN DIFERENCIAL,UNIVERSIDAD CATOLICA DE LA SANTISIMA CONCEPCION,8,20,40,15,15,0,10.0,10.0,N,458,,70,25.0,,,N,,,S,2.0,S,,1,S,10,8,,N
2026,36057,36,PEDAGOGIA EN EDUCACIÓN MEDIA EN BIOLOGÍA Y CIENCIAS NATURALES,UNIVERSIDAD CATOLICA DE LA SANTISIMA CONCEPCION,8,20,40,20,10,0,10.0,10.0,N,458,,30,10.0,,,N,,,S,2.0,S,,1,S,8,8,,N
2026,36058,36,QUÍMICA AMBIENTAL,UNIVERSIDAD CATOLICA DE LA SANTISIMA CONCEPCION,8,10,40,10,25,0,15.0,15.0,N,458,,25,15.0,,,N,,,S,2.0,N,,0,S,15,8,5.0,S
2026,36061,36,LICENCIATURA EN HISTORIA,UNIVERSIDAD CATOLICA DE LA SANTISIMA CONCEPCION,8,20,40,15,10,0,15.0,15.0,N,458,,40,10.0,,,N,,,S,2.0,N,,0,S,20,8,,N
2026,36063,36,INGENIERÍA CIVIL GEOLÓGICA,UNIVERSIDAD CATOLICA DE LA SANTISIMA CONCEPCION,8,10,40,10,25,5,10.0,10.0,S,458,,30,8.0,,,N,,,S,2.0,N,,0,S,10,8,4.0,S
2026,36064,36,KINESIOLOGÍA,UNIVERSIDAD CATOLICA DE LA SANTISIMA CONCEPCION,8,20,30,15,25,0,,10.0,N,458,,75,40.0,,,N,,,N,2.0,N,,0,S,10,8,,N
2026,36065,36,PEDAGOGÍA EN EDUCACIÓN MEDIA EN MATEMÁTICA,UNIVERSIDAD CATOLICA DE LA SANTISIMA CONCEPCION,8,20,40,10,15,5,10.0,10.0,S,458,,45,10.0,,,N,,,S,2.0,S,,1,S,10,8,,N
2026,36066,36,PEDAGOGÍA EN EDUCACIÓN FÍSICA,UNIVERSIDAD CATOLICA DE LA SANTISIMA CONCEPCION,8,20,40,20,10,0,10.0,10.0,N,458,,50,25.0,,,N,,,S,2.0,S,,1,S,10,8,,N
2026,36067,36,INGENIERÍA CIVIL ELÉCTRICA,UNIVERSIDAD CATOLICA DE LA SANTISIMA CONCEPCION,8,10,40,10,25,5,10.0,10.0,S,458,,60,20.0,,,N,,,S,2.0,N,,0,S,35,8,10.0,S
2026,36077,36,DIRECCIÓN AUDIOVISUAL Y MULTIMEDIA,UNIVERSIDAD CATOLICA DE LA SANTISIMA CONCEPCION,8,20,40,20,10,0,10.0,10.0,N,458,,45,30.0,,,N,,,S,2.0,N,,0,S,25,8,,N
2026,36078,36,TECNOLOGÍA MÉDICA,UNIVERSIDAD CATOLICA DE LA SANTISIMA CONCEPCION,8,15,40,10,20,0,,15.0,N,458,,100,35.0,,,N,,,N,2.0,N,,0,S,10,8,,N
2026,36079,36,INGENIERÍA EN INFORMACIÓN Y CONTROL DE GESTIÓN,UNIVERSIDAD CATOLICA DE LA SANTISIMA CONCEPCION,8,20,40,10,20,0,10.0,10.0,N,458,,40,20.0,,,N,,,S,2.0,N,,0,S,22,8,,N
2026,36080,36,PSICOLOGÍA,UNIVERSIDAD CATOLICA DE LA SANTISIMA CONCEPCION,8,20,35,25,10,0,10.0,10.0,N,458,,100,10.0,,,N,,,S,2.0,N,,0,S,23,8,,N
2026,36081,36,ARQUITECTURA,UNIVERSIDAD CATOLICA DE LA SANTISIMA CONCEPCION,8,10,40,20,20,0,10.0,10.0,N,458,,80,20.0,,,N,,,S,2.0,N,,0,S,5,8,,N
2026,36082,36,ODONTOLOGÍA,UNIVERSIDAD CATOLICA DE LA SANTISIMA CONCEPCION,8,15,30,20,25,0,,10.0,N,458,,80,15.0,,,N,,,N,2.0,N,,0,S,8,8,,N
2026,36083,36,QUÍMICA Y FARMACIA,UNIVERSIDAD CATOLICA DE LA SANTISIMA CONCEPCION,8,10,30,10,30,0,,20.0,N,458,,75,5.0,,,N,,,N,2.0,N,,0,S,2,8,,N
2026,36084,36,BACHILLERATO EN CIENCIAS Y HUMANIDADES,UNIVERSIDAD CATOLICA DE LA SANTISIMA CONCEPCION,8,15,45,15,15,0,10.0,10.0,N,458,,70,20.0,,,N,,,S,2.0,N,,0,S,10,8,,S
2026,37001,37,ANTROPOLOGIA,UNIVERSIDAD CATOLICA DE TEMUCO,9,10,50,10,10,0,20.0,20.0,N,458,,20,5.0,,,N,,,S,2.0,N,,0,S,20,9,,N
2026,37004,37,TRABAJO SOCIAL,UNIVERSIDAD CATOLICA DE TEMUCO,9,10,50,15,15,0,10.0,10.0,N,458,,50,17.0,,,N,,,S,2.0,N,,0,S,20,9,,N
2026,37005,37,LICENCIATURA EN ARTES VISUALES,UNIVERSIDAD CATOLICA DE TEMUCO,9,10,50,15,15,0,10.0,10.0,N,458,,40,14.0,,,N,,,S,2.0,N,,0,S,15,9,,N
2026,37011,37,MEDICINA VETERINARIA,UNIVERSIDAD CATOLICA DE TEMUCO,9,10,40,10,20,0,20.0,20.0,N,458,,60,10.0,,,N,,,S,2.0,N,,0,S,11,9,,N
2026,37013,37,INGENIERIA CIVIL AMBIENTAL,UNIVERSIDAD CATOLICA DE TEMUCO,9,10,50,10,15,5,10.0,10.0,S,458,,20,10.0,,,N,,,S,2.0,N,,0,S,20,9,3.0,S
2026,37014,37,AGRONOMIA,UNIVERSIDAD CATOLICA DE TEMUCO,9,10,50,10,15,0,15.0,15.0,N,458,,55,18.0,,,N,,,S,2.0,N,,0,S,15,9,,N
2026,37018,37,INGENIERIA CIVIL EN INFORMATICA,UNIVERSIDAD CATOLICA DE TEMUCO,9,10,40,10,25,5,10.0,10.0,S,458,,70,20.0,,,N,,,S,2.0,N,,0,S,30,9,3.0,S
2026,37019,37,INGENIERIA CIVIL INDUSTRIAL,UNIVERSIDAD CATOLICA DE TEMUCO,9,10,50,10,15,5,10.0,10.0,S,458,,55,17.0,,,N,,,S,2.0,N,,0,S,40,9,2.0,S
2026,37020,37,INGENIERIA COMERCIAL,UNIVERSIDAD CATOLICA DE TEMUCO,9,10,50,10,20,0,10.0,10.0,N,458,,80,30.0,,,N,,,S,2.0,N,,0,S,30,9,,N
2026,37022,37,PEDAGOGIA EN EDUCACION BASICA CON MENCIÓN,UNIVERSIDAD CATOLICA DE TEMUCO,9,10,50,20,10,0,10.0,10.0,N,458,,50,10.0,,,N,,,S,2.0,S,,1,S,20,9,,N
2026,37023,37,EDUCACION DE PARVULOS,UNIVERSIDAD CATOLICA DE TEMUCO,9,10,50,20,10,0,10.0,10.0,N,458,,40,10.0,,,N,,,S,2.0,S,,1,S,20,9,,N
2026,37026,37,PEDAGOGIA  EN INGLES,UNIVERSIDAD CATOLICA DE TEMUCO,9,10,50,20,10,0,10.0,10.0,N,458,,50,9.0,,,N,,,S,2.0,S,,1,S,20,9,,N
2026,37027,37,PED ED DIFERENCIAL CON ESP. EN  N.E.E.T.  Y DISCAPACIDAD INTELECTUAL,UNIVERSIDAD CATOLICA DE TEMUCO,9,10,50,20,10,0,10.0,10.0,N,458,,50,15.0,,,N,,,S,2.0,S,,1,S,30,9,,N
2026,37029,37,PEDAGOGIA MEDIA EN MATEMATICA,UNIVERSIDAD CATOLICA DE TEMUCO,9,10,50,10,15,5,10.0,10.0,S,458,,25,10.0,,,N,,,S,2.0,S,,1,S,30,9,,N
2026,37035,37,TRADUCCION INGLES-ESPAÑOL,UNIVERSIDAD CATOLICA DE TEMUCO,9,10,50,15,15,0,10.0,10.0,N,458,,46,20.0,,,N,,,S,2.0,N,,0,S,30,9,,N
2026,37040,37,DERECHO,UNIVERSIDAD CATOLICA DE TEMUCO,9,10,40,20,15,0,15.0,,N,458,,170,20.0,,,N,,,N,2.0,N,,0,S,30,9,,N
2026,37041,37,CIENCIA POLITICA,UNIVERSIDAD CATOLICA DE TEMUCO,9,10,50,15,10,0,15.0,15.0,N,458,,20,3.0,,,N,,,S,2.0,N,,0,S,50,9,,N
2026,37042,37,SOCIOLOGIA,UNIVERSIDAD CATOLICA DE TEMUCO,9,10,50,15,15,0,10.0,10.0,N,458,,20,5.0,,,N,,,S,2.0,N,,0,S,20,9,,N
2026,37046,37,PEDAGOGIA EN LENGUA CASTELLANA Y COMUNICACION,UNIVERSIDAD CATOLICA DE TEMUCO,9,10,50,20,10,0,10.0,10.0,N,458,,30,12.0,,,N,,,S,2.0,S,,1,S,30,9,,N
2026,37047,37,"PEDAGOGÍA EN HISTORIA, GEOGRAFÍA Y CIENCIAS SOCIALES",UNIVERSIDAD CATOLICA DE TEMUCO,9,10,50,10,10,0,20.0,20.0,N,458,,25,10.0,,,N,,,S,2.0,S,,1,S,20,9,,N
2026,37048,37,PEDAGOGÍA EN EDUCACIÓN FÍSICA,UNIVERSIDAD CATOLICA DE TEMUCO,9,10,50,15,10,0,15.0,15.0,N,458,,30,9.0,,,N,,,S,2.0,S,,1,S,20,9,,N
2026,37050,37,INGENIERÍA EN RECURSOS NATURALES RENOVABLES,UNIVERSIDAD CATOLICA DE TEMUCO,9,10,50,10,10,5,15.0,15.0,S,458,,25,10.0,,,N,,,S,2.0,N,,0,S,15,9,2.0,S
2026,37054,37,INGENIERIA CIVIL PLAN COMUN,UNIVERSIDAD CATOLICA DE TEMUCO,9,10,50,10,15,5,10.0,10.0,S,458,,20,10.0,,,N,,,S,2.0,N,,0,S,30,9,2.0,S
2026,37055,37,CONTADOR AUDITOR,UNIVERSIDAD CATOLICA DE TEMUCO,9,10,50,10,20,0,10.0,10.0,N,458,,40,15.0,,,N,,,S,2.0,N,,0,S,47,9,,N
2026,37056,37,INGENIERÍA CIVIL EN OBRAS CIVILES,UNIVERSIDAD CATOLICA DE TEMUCO,9,10,50,10,15,5,10.0,10.0,S,458,,55,18.0,,,N,,,S,2.0,N,,0,S,10,9,3.0,S
2026,37058,37,INGENIERÍA CIVIL GEOLÓGICA,UNIVERSIDAD CATOLICA DE TEMUCO,9,10,50,10,15,5,10.0,10.0,S,458,,20,8.0,,,N,,,S,2.0,N,,0,S,20,9,3.0,S
2026,37061,37,PSICOLOGIA,UNIVERSIDAD CATOLICA DE TEMUCO,9,10,40,10,20,0,20.0,20.0,N,458,,45,15.0,,,N,,,S,2.0,N,,0,S,14,9,,N
2026,37062,37,ADMINISTRACIÓN PÚBLICA,UNIVERSIDAD CATOLICA DE TEMUCO,9,10,50,15,15,0,10.0,10.0,N,458,,35,6.0,,,N,,,S,2.0,N,,0,S,20,9,,N
2026,37064,37,KINESIOLOGIA,UNIVERSIDAD CATOLICA DE TEMUCO,9,10,50,10,10,0,,20.0,N,458,,30,10.0,,,N,,,N,2.0,N,,0,S,10,9,,N
2026,37065,37,FONOAUDIOLOGIA,UNIVERSIDAD CATOLICA DE TEMUCO,9,10,50,20,10,0,,10.0,N,458,,25,15.0,,,N,,,N,2.0,N,,0,S,15,9,,N
2026,37066,37,TERAPIA OCUPACIONAL,UNIVERSIDAD CATOLICA DE TEMUCO,9,10,50,15,15,0,10.0,10.0,N,458,,40,12.0,,,N,,,S,2.0,N,,0,S,5,9,,N
2026,37067,37,NUTRICION Y DIETETICA,UNIVERSIDAD CATOLICA DE TEMUCO,9,10,50,10,10,0,,20.0,N,458,,35,7.0,,,N,,,N,2.0,N,,0,S,10,9,,N
2026,37068,37,TECNOLOGIA MEDICA,UNIVERSIDAD CATOLICA DE TEMUCO,9,10,40,10,20,0,,20.0,N,458,,30,10.0,,,N,,,N,2.0,N,,0,S,5,9,,N
2026,37069,37,GEOLOGÍA,UNIVERSIDAD CATOLICA DE TEMUCO,9,10,50,10,20,0,10.0,10.0,N,458,,55,10.0,,,N,,,S,2.0,N,,0,S,10,9,3.0,S
2026,37090,37,BACHILLER EN CIENCIAS Y HUMANIDADES,UNIVERSIDAD CATOLICA DE TEMUCO,9,10,50,15,15,0,10.0,10.0,N,458,,220,40.0,,,N,,,S,2.0,N,,0,S,87,9,2.0,S
2026,37091,37,ARQUEOLOGÍA,UNIVERSIDAD CATOLICA DE TEMUCO,9,10,50,15,10,0,15.0,15.0,N,458,,25,9.0,,,N,,,S,2.0,N,,0,S,30,9,,N
2026,37092,37,ARQUITECTURA,UNIVERSIDAD CATOLICA DE TEMUCO,9,10,40,15,25,0,10.0,10.0,N,458,,50,10.0,,,N,,,S,2.0,N,,0,S,4,9,,N
2026,37095,37,DISEÑO,UNIVERSIDAD CATOLICA DE TEMUCO,9,10,50,15,15,0,10.0,10.0,N,458,,60,20.0,,,N,,,S,2.0,N,,0,S,40,9,,N
2026,37096,37,LICENCIATURA EN FILOSOFIA,UNIVERSIDAD CATOLICA DE TEMUCO,9,10,50,15,10,0,15.0,15.0,N,458,,20,10.0,,,N,,,S,2.0,N,,0,S,20,9,,N
2026,37097,37,INGENIERIA EN CONSTRUCCION,UNIVERSIDAD CATOLICA DE TEMUCO,9,10,50,10,15,5,10.0,10.0,S,458,,45,17.0,,,N,,,S,2.0,N,,0,S,15,9,2.0,S
2026,37098,37,INGENIERIA ELECTRICA,UNIVERSIDAD CATOLICA DE TEMUCO,9,10,50,10,15,5,10.0,10.0,S,458,,45,17.0,,,N,,,S,2.0,N,,0,S,15,9,2.0,S
2026,37099,37,QUIMICA Y FARMACIA,UNIVERSIDAD CATOLICA DE TEMUCO,9,10,50,10,10,0,,20.0,N,458,,35,10.0,,,N,,,N,2.0,N,,0,S,5,9,,N
2026,37100,37,PEDAGOGIA EN LENGUA Y CULTURA MAPUCHE,UNIVERSIDAD CATOLICA DE TEMUCO,9,10,50,20,10,0,10.0,10.0,N,458,,20,5.0,,,N,,,S,2.0,S,,1,S,20,9,,N
2026,37101,37,OFICIOS CREATIVOS,UNIVERSIDAD CATOLICA DE TEMUCO,9,10,50,15,10,0,15.0,15.0,N,458,,30,10.0,,,N,,,S,2.0,N,,0,S,20,9,,N
2026,37102,37,MEDICINA,UNIVERSIDAD CATOLICA DE TEMUCO,9,10,30,15,25,0,,20.0,N,485,,55,1.0,,,N,,,N,2.0,N,,0,S,2,9,,N
2026,38003,38,INGENIERÍA COMERCIAL,UNIVERSIDAD DIEGO PORTALES,13,10,35,10,35,0,10.0,10.0,N,500,530.0,375,163.0,,,N,,,S,1.0,N,,0,N,0,13,,N
2026,38004,38,DERECHO,UNIVERSIDAD DIEGO PORTALES,13,10,20,40,20,0,10.0,10.0,N,600,600.0,261,85.0,,,N,,,S,1.0,N,,0,N,0,13,,N
2026,38005,38,PSICOLOGÍA,UNIVERSIDAD DIEGO PORTALES,13,10,20,35,25,0,10.0,10.0,N,600,600.0,206,46.0,,,N,,,S,1.0,N,,0,N,0,13,,N
2026,38006,38,CONTADOR AUDITOR-CONTADOR PÚBLICO,UNIVERSIDAD DIEGO PORTALES,13,10,35,10,35,0,10.0,10.0,N,485,485.0,138,36.0,,,N,,,S,5.0,N,,0,N,0,13,,N
2026,38009,38,PERIODISMO,UNIVERSIDAD DIEGO PORTALES,13,10,30,40,10,0,10.0,10.0,N,500,500.0,145,43.0,,,N,,,S,1.0,N,,0,N,0,13,,N
2026,38013,38,PUBLICIDAD,UNIVERSIDAD DIEGO PORTALES,13,10,30,40,10,0,10.0,10.0,N,500,500.0,140,25.0,,,N,,,S,1.0,N,,0,N,0,13,,N
2026,38015,38,DISEÑO,UNIVERSIDAD DIEGO PORTALES,13,10,30,25,25,0,10.0,10.0,N,500,500.0,165,47.0,,,N,,,S,1.0,N,,0,N,0,13,,N
2026,38032,38,BACHILLERATO EN CIENCIAS SOCIALES Y HUMANIDADES,UNIVERSIDAD DIEGO PORTALES,13,10,30,25,20,0,15.0,15.0,N,500,500.0,145,56.0,,,N,,,S,5.0,N,,0,N,0,13,,N
2026,38080,38,INGENIERÍA CIVIL PLAN COMÚN,UNIVERSIDAD DIEGO PORTALES,13,10,30,10,35,5,10.0,10.0,S,500,500.0,150,64.0,,,N,,,S,5.0,N,,0,N,0,13,10.0,S
2026,38083,38,ARQUITECTURA,UNIVERSIDAD DIEGO PORTALES,13,10,30,20,30,0,10.0,10.0,N,500,500.0,150,46.0,,,N,,,S,1.0,N,,0,N,0,13,,N
2026,38162,38,SOCIOLOGÍA,UNIVERSIDAD DIEGO PORTALES,13,10,30,25,20,0,15.0,15.0,N,485,485.0,49,13.0,,,N,,,S,5.0,N,,0,N,0,13,,N
2026,38163,38,CIENCIA POLÍTICA,UNIVERSIDAD DIEGO PORTALES,13,10,30,25,20,0,15.0,15.0,N,500,500.0,90,43.0,,,N,,,S,1.0,N,,0,N,0,13,,N
2026,38164,38,LICENCIATURA EN HISTORIA,UNIVERSIDAD DIEGO PORTALES,13,10,30,25,10,0,25.0,25.0,N,485,485.0,30,15.0,,,N,,,S,5.0,N,,0,N,0,13,,N
2026,38166,38,LITERATURA CREATIVA,UNIVERSIDAD DIEGO PORTALES,13,10,30,40,10,0,10.0,10.0,N,500,500.0,65,22.0,,,N,,,S,1.0,N,,0,N,0,13,,N
2026,38167,38,PEDAGOGÍA EN EDUCACIÓN GENERAL BÁSICA,UNIVERSIDAD DIEGO PORTALES,13,10,40,20,20,0,10.0,10.0,N,500,480.0,55,18.0,,,N,,,S,5.0,S,,0,N,0,13,,N
2026,38168,38,PEDAGOGÍA EN EDUCACIÓN PARVULARIA,UNIVERSIDAD DIEGO PORTALES,13,10,40,25,15,0,10.0,10.0,N,500,480.0,66,14.0,,,N,,,S,1.0,S,,0,N,0,13,,N
2026,38170,38,MEDICINA,UNIVERSIDAD DIEGO PORTALES,13,10,20,20,40,0,,10.0,N,650,650.0,64,19.0,,,N,,,N,1.0,N,,0,N,0,13,,N
2026,38171,38,ODONTOLOGÍA,UNIVERSIDAD DIEGO PORTALES,13,10,20,25,35,0,,10.0,N,500,550.0,62,16.0,,,N,,,N,1.0,N,,0,N,0,13,,N
2026,38172,38,TECNOLOGÍA MÉDICA,UNIVERSIDAD DIEGO PORTALES,13,10,20,25,35,0,,10.0,N,500,500.0,129,23.0,,,N,,,N,1.0,N,,0,N,0,13,,N
2026,38173,38,ENFERMERÍA,UNIVERSIDAD DIEGO PORTALES,13,10,20,25,35,0,,10.0,N,500,500.0,100,23.0,,,N,,,N,1.0,N,,0,N,0,13,,N
2026,38174,38,INGENIERÍA CIVIL INDUSTRIAL,UNIVERSIDAD DIEGO PORTALES,13,10,30,10,35,5,10.0,10.0,S,500,500.0,260,74.0,,,N,,,S,5.0,N,,0,N,0,13,10.0,S
2026,38175,38,INGENIERÍA CIVIL EN INFORMÁTICA Y TELECOMUNICACIONES,UNIVERSIDAD DIEGO PORTALES,13,10,30,10,35,5,10.0,10.0,S,500,500.0,170,38.0,,,N,,,S,1.0,N,,0,N,0,13,5.0,S
2026,38176,38,INGENIERÍA CIVIL EN OBRAS CIVILES,UNIVERSIDAD DIEGO PORTALES,13,10,30,10,35,5,10.0,10.0,S,500,500.0,80,22.0,,,N,,,S,5.0,N,,0,N,0,13,10.0,S
2026,38285,38,ARTES VISUALES,UNIVERSIDAD DIEGO PORTALES,13,10,30,30,20,0,10.0,10.0,N,500,500.0,59,27.0,,,N,,,S,1.0,N,,0,N,0,13,,N
2026,38292,38,INGENIERÍA EN CONTROL DE GESTIÓN,UNIVERSIDAD DIEGO PORTALES,13,10,35,10,35,0,10.0,10.0,N,490,490.0,105,47.0,,,N,,,S,5.0,N,,0,N,0,13,,N
2026,38323,38,OBSTETRICIA Y NEONATOLOGÍA,UNIVERSIDAD DIEGO PORTALES,13,10,20,25,35,0,,10.0,N,500,500.0,59,16.0,,,N,,,N,1.0,N,,0,N,0,13,,N
2026,38325,38,KINESIOLOGÍA,UNIVERSIDAD DIEGO PORTALES,13,10,20,25,35,0,,10.0,N,500,500.0,91,27.0,,,N,,,N,1.0,N,,0,N,0,13,,N
2026,38326,38,PEDAGOGÍA EN EDUCACIÓN DIFERENCIAL CON MENCIÓN EN DESARROLLO COGNITIVO,UNIVERSIDAD DIEGO PORTALES,13,10,40,20,20,0,10.0,10.0,N,500,480.0,62,16.0,,,N,,,S,1.0,S,,0,N,0,13,,N
2026,38327,38,PEDAGOGÍA EN INGLÉS,UNIVERSIDAD DIEGO PORTALES,13,10,30,30,20,0,10.0,10.0,N,500,480.0,85,21.0,,,N,,,S,1.0,S,,0,N,0,13,,N
2026,38336,38,ADMINISTRACIÓN PÚBLICA,UNIVERSIDAD DIEGO PORTALES,13,10,35,20,25,0,10.0,10.0,N,500,500.0,75,25.0,,,N,,,S,5.0,N,,0,N,0,13,,N
2026,38337,38,ANTROPOLOGÍA,UNIVERSIDAD DIEGO PORTALES,13,10,30,25,20,0,15.0,15.0,N,485,485.0,35,28.0,,,N,,,S,5.0,N,,0,N,0,13,,N
2026,38338,38,BACHILLERATO EN ADMINISTRACIÓN Y ECONOMÍA,UNIVERSIDAD DIEGO PORTALES,13,10,40,20,20,0,10.0,10.0,N,485,485.0,85,40.0,,,N,,,S,5.0,N,,0,N,0,13,,N
2026,38339,38,CINE Y REALIZACIÓN AUDIOVISUAL,UNIVERSIDAD DIEGO PORTALES,13,10,30,40,10,0,10.0,10.0,N,500,500.0,65,21.0,,,N,,,S,1.0,N,,0,N,0,13,,N
2026,38346,38,INGENIERÍA CIVIL EN CIENCIA DE DATOS E INTELIGENCIA ARTIFICIAL,UNIVERSIDAD DIEGO PORTALES,13,10,30,10,35,5,10.0,10.0,S,500,500.0,55,16.0,,,N,,,S,1.0,N,,0,N,0,13,5.0,S
2026,38347,38,CINE DE ANIMACIÓN,UNIVERSIDAD DIEGO PORTALES,13,10,30,40,10,0,10.0,10.0,N,500,500.0,45,15.0,,,N,,,S,1.0,N,,0,N,0,13,,N
2026,39101,39,AGRONOMIA,UNIVERSIDAD MAYOR,13,10,10,35,35,0,10.0,10.0,N,480,,90,30.0,,,N,,,S,1.0,N,,0,N,0,13,,N
2026,39102,39,ANIMACION DIGITAL,UNIVERSIDAD MAYOR,13,10,20,35,25,0,10.0,10.0,N,458,,60,10.0,,,N,,,S,1.0,N,,0,N,0,13,,N
2026,39103,39,ARQUITECTURA,UNIVERSIDAD MAYOR,13,10,20,20,30,0,20.0,20.0,N,458,,120,40.0,,,N,,,S,1.0,N,,0,N,0,13,,N
2026,39104,39,BIOTECNOLOGIA,UNIVERSIDAD MAYOR,13,10,10,25,35,0,,20.0,N,480,,40,10.0,,,N,,,N,1.0,N,,0,N,0,13,2.0,S
2026,39105,39,CINE,UNIVERSIDAD MAYOR,13,10,30,30,15,0,15.0,15.0,N,458,,50,10.0,,,N,,,S,1.0,N,,0,N,0,13,,N
2026,39106,39,INGENIERIA EN CONSTRUCCION,UNIVERSIDAD MAYOR,13,10,20,10,45,5,10.0,10.0,S,458,,30,15.0,,,N,,,S,1.0,N,,0,N,0,13,4.0,S
2026,39107,39,DERECHO,UNIVERSIDAD MAYOR,13,10,10,50,10,0,20.0,20.0,N,480,,120,25.0,,,N,,,S,1.0,N,,0,N,0,13,,N
2026,39108,39,"DISEÑO MENCION GRAFICO, INDUSTRIAL O AMBIENTES",UNIVERSIDAD MAYOR,13,10,30,20,20,0,20.0,20.0,N,458,,70,40.0,,,N,,,S,1.0,N,,0,N,0,13,,N
2026,39109,39,ENFERMERIA,UNIVERSIDAD MAYOR,13,10,15,35,30,0,10.0,10.0,N,480,450.0,80,15.0,,,N,,,S,1.0,N,,0,N,0,13,,N
2026,39110,39,FONOAUDIOLOGÍA,UNIVERSIDAD MAYOR,13,10,30,25,20,0,15.0,15.0,N,458,,60,20.0,,,N,,,S,1.0,N,,0,N,0,13,,N
2026,39111,39,INGENIERÍA CIVIL ELECTRONICA,UNIVERSIDAD MAYOR,13,10,10,10,55,5,10.0,10.0,S,458,,30,10.0,,,N,,,S,1.0,N,,0,N,0,13,1.0,S
2026,39112,39,INGENIERIA CIVIL EN COMPUTACION E INFORMATICA,UNIVERSIDAD MAYOR,13,10,10,10,55,5,10.0,10.0,S,458,,180,45.0,,,N,,,S,1.0,N,,0,N,0,13,4.0,S
2026,39113,39,INGENIERIA CIVIL INDUSTRIAL,UNIVERSIDAD MAYOR,13,10,10,10,55,5,10.0,10.0,S,458,,160,50.0,,,N,,,S,1.0,N,,0,N,0,13,4.0,S
2026,39114,39,INGENIERIA COMERCIAL,UNIVERSIDAD MAYOR,13,10,10,20,50,0,10.0,10.0,N,458,,160,70.0,,,N,,,S,1.0,N,,0,N,0,13,,N
2026,39115,39,INGENIERIA EN ADMINISTRACION,UNIVERSIDAD MAYOR,13,10,30,15,25,0,20.0,20.0,N,458,,60,25.0,,,N,,,S,1.0,N,,0,N,0,13,,N
2026,39117,39,KINESIOLOGIA,UNIVERSIDAD MAYOR,13,10,10,20,45,0,15.0,15.0,N,458,,90,20.0,,,N,,,S,1.0,N,,0,N,0,13,,N
2026,39118,39,MEDICINA,UNIVERSIDAD MAYOR,13,10,20,15,25,0,,30.0,N,480,600.0,70,10.0,,,N,,,N,1.0,N,,0,N,0,13,,N
2026,39119,39,MEDICINA VETERINARIA,UNIVERSIDAD MAYOR,13,10,20,20,35,0,15.0,15.0,N,480,,200,40.0,,,N,,,S,1.0,N,,0,N,0,13,,N
2026,39120,39,NUTRICION Y DIETETICA,UNIVERSIDAD MAYOR,13,10,30,20,20,0,20.0,20.0,N,458,,70,30.0,,,N,,,S,1.0,N,,0,N,0,13,,N
2026,39121,39,OBSTETRICIA Y PUERICULTURA,UNIVERSIDAD MAYOR,13,10,15,30,30,0,15.0,15.0,N,480,470.0,40,10.0,,,N,,,S,1.0,N,,0,N,0,13,,N
2026,39122,39,ODONTOLOGIA,UNIVERSIDAD MAYOR,13,10,20,20,40,0,10.0,10.0,N,550,550.0,70,20.0,,,N,,,S,1.0,N,,0,N,0,13,,N
2026,39125,39,"PEDAGOGÍA EN EDUCACIÓN FÍSICA, DEPORTES Y RECREACIÓN PARA EDUCACIÓN BÁSICA Y MEDIA",UNIVERSIDAD MAYOR,13,10,10,35,35,0,10.0,10.0,N,458,,30,30.0,,,N,,,S,1.0,S,,1,N,0,13,,N
2026,39129,39,PSICOLOGIA,UNIVERSIDAD MAYOR,13,10,10,50,20,0,10.0,10.0,N,480,,110,40.0,,,N,,,S,1.0,N,,0,N,0,13,,N
2026,39132,39,TECNOLOGIA MEDICA,UNIVERSIDAD MAYOR,13,10,20,20,20,0,30.0,30.0,N,480,,80,20.0,,,N,,,S,1.0,N,,0,N,0,13,,N
2026,39133,39,TERAPIA OCUPACIONAL,UNIVERSIDAD MAYOR,13,10,15,35,25,0,15.0,15.0,N,480,,70,20.0,,,N,,,S,1.0,N,,0,N,0,13,,N
2026,39134,39,GEOLOGIA,UNIVERSIDAD MAYOR,13,10,10,20,50,0,10.0,10.0,N,480,,50,10.0,,,N,,,S,1.0,N,,0,N,0,13,1.0,S
2026,39141,39,INGENIERIA EN CIENCIA DE DATOS,UNIVERSIDAD MAYOR,13,10,20,10,45,5,10.0,10.0,S,458,,40,30.0,,,N,,,S,1.0,N,,0,N,0,13,1.0,S
2026,39142,39,ADMINISTRACIÓN PÚBLICA,UNIVERSIDAD MAYOR,13,10,20,30,25,0,15.0,15.0,N,458,,45,20.0,,,N,,,S,1.0,N,,0,N,0,13,,N
2026,39143,39,INGENIERIA CIVIL EN MINAS,UNIVERSIDAD MAYOR,13,10,10,10,55,5,10.0,10.0,S,458,,40,30.0,,,N,,,S,1.0,N,,0,N,0,13,1.0,S
2026,39144,39,ENTRENADOR DEPORTIVO,UNIVERSIDAD MAYOR,13,30,40,10,10,0,10.0,10.0,N,458,,40,20.0,,,N,,,S,1.0,N,,0,N,0,13,,N
2026,39398,39,INTERPRETACION MUSICAL SUPERIOR,UNIVERSIDAD MAYOR,13,20,50,10,10,0,10.0,10.0,N,458,,1,,,,S,EXCLUYE,,S,,N,,0,N,0,13,,N
2026,39399,39,COMPOSICION MUSICAL SUPERIOR,UNIVERSIDAD MAYOR,13,20,50,10,10,0,10.0,10.0,N,458,,1,,,,S,EXCLUYE,,S,,N,,0,N,0,13,,N
2026,39401,39,ARQUITECTURA,UNIVERSIDAD MAYOR,13,10,15,25,25,0,25.0,25.0,N,458,,40,10.0,,,N,,,S,1.0,N,,0,N,0,9,,N
2026,39402,39,INGENIERIA EN CONSTRUCCION,UNIVERSIDAD MAYOR,13,10,20,10,45,5,10.0,10.0,S,458,,25,20.0,,,N,,,S,1.0,N,,0,N,0,9,1.0,S
2026,39403,39,DERECHO,UNIVERSIDAD MAYOR,13,10,10,40,10,0,30.0,30.0,N,458,,60,20.0,,,N,,,S,1.0,N,,0,N,0,9,,N
2026,39405,39,ENFERMERIA,UNIVERSIDAD MAYOR,13,10,30,20,20,0,20.0,20.0,N,480,450.0,70,20.0,,,N,,,S,1.0,N,,0,N,0,9,,N
2026,39406,39,FONOAUDIOLOGÍA,UNIVERSIDAD MAYOR,13,10,30,20,20,0,20.0,20.0,N,458,,30,10.0,,,N,,,S,1.0,N,,0,N,0,9,,N
2026,39408,39,INGENIERIA CIVIL INDUSTRIAL,UNIVERSIDAD MAYOR,13,10,20,10,45,5,10.0,10.0,S,458,,70,35.0,,,N,,,S,1.0,N,,0,N,0,9,1.0,S
2026,39409,39,INGENIERIA COMERCIAL,UNIVERSIDAD MAYOR,13,10,20,15,35,0,20.0,20.0,N,458,,140,60.0,,,N,,,S,1.0,N,,0,N,0,9,,N
2026,39410,39,KINESIOLOGIA,UNIVERSIDAD MAYOR,13,10,30,20,20,0,20.0,20.0,N,458,,35,10.0,,,N,,,S,1.0,N,,0,N,0,9,,N
2026,39411,39,MEDICINA,UNIVERSIDAD MAYOR,13,10,20,15,25,0,,30.0,N,480,600.0,70,10.0,,,N,,,N,1.0,N,,0,N,0,9,,N
2026,39412,39,MEDICINA VETERINARIA,UNIVERSIDAD MAYOR,13,10,30,25,25,0,10.0,10.0,N,458,,40,10.0,,,N,,,S,1.0,N,,0,N,0,9,,N
2026,39413,39,NUTRICION Y DIETETICA,UNIVERSIDAD MAYOR,13,10,30,20,20,0,20.0,20.0,N,458,,30,10.0,,,N,,,S,1.0,N,,0,N,0,9,,N
2026,39414,39,OBSTETRICIA Y PUERICULTURA,UNIVERSIDAD MAYOR,13,10,30,20,20,0,20.0,20.0,N,458,450.0,35,10.0,,,N,,,S,1.0,N,,0,N,0,9,,N
2026,39415,39,ODONTOLOGIA,UNIVERSIDAD MAYOR,13,10,30,20,20,0,20.0,20.0,N,480,550.0,50,20.0,,,N,,,S,1.0,N,,0,N,0,9,,N
2026,39419,39,PSICOLOGIA,UNIVERSIDAD MAYOR,13,10,20,40,20,0,10.0,10.0,N,458,,120,20.0,,,N,,,S,1.0,N,,0,N,0,9,,N
2026,39420,39,TECNOLOGIA MEDICA,UNIVERSIDAD MAYOR,13,10,20,15,30,0,25.0,25.0,N,480,,50,10.0,,,N,,,S,1.0,N,,0,N,0,9,,N
2026,39421,39,TERAPIA OCUPACIONAL,UNIVERSIDAD MAYOR,13,10,30,20,20,0,20.0,20.0,N,458,,30,15.0,,,N,,,S,1.0,N,,0,N,0,9,,N
2026,39423,39,ANIMACION DIGITAL,UNIVERSIDAD MAYOR,13,10,20,35,25,0,10.0,10.0,N,458,,30,10.0,,,N,,,S,1.0,N,,0,N,0,9,,N
2026,39425,39,AGRONOMÍA,UNIVERSIDAD MAYOR,13,10,30,25,25,0,10.0,10.0,N,458,,30,10.0,,,N,,,S,1.0,N,,0,N,0,9,,N
2026,40001,40,ARQUITECTURA,UNIVERSIDAD FINIS TERRAE,13,15,25,20,30,0,10.0,10.0,N,458,,85,10.0,,,N,,,S,2.0,N,,0,N,0,13,,N
2026,40002,40,DISEÑO,UNIVERSIDAD FINIS TERRAE,13,15,25,25,25,0,10.0,10.0,N,458,,80,10.0,,,N,,,S,2.0,N,,0,N,0,13,,N
2026,40003,40,DISEÑO DE MODA Y MANAGEMENT,UNIVERSIDAD FINIS TERRAE,13,10,20,25,35,0,10.0,10.0,N,458,,35,5.0,,,N,,,S,1.0,N,,0,N,0,13,,N
2026,40010,40,LICENCIATURA EN ARTES VISUALES,UNIVERSIDAD FINIS TERRAE,13,20,20,25,25,0,10.0,10.0,N,458,,70,5.0,,,N,,,S,2.0,N,,0,N,0,13,,N
2026,40011,40,"BACHILLERATO EN ARTES, ARQUITECTURA Y DISEÑO",UNIVERSIDAD FINIS TERRAE,13,10,30,25,25,0,10.0,,N,458,,20,5.0,,,N,,,N,2.0,N,,0,N,0,13,,N
2026,40020,40,LICENCIATURA EN HISTORIA,UNIVERSIDAD FINIS TERRAE,13,10,20,25,10,0,35.0,,N,458,,20,10.0,,,N,,,N,2.0,N,,0,N,0,13,,N
2026,40021,40,LICENCIATURA EN LITERATURA,UNIVERSIDAD FINIS TERRAE,13,20,25,30,10,0,15.0,,N,458,,20,10.0,,,N,,,N,2.0,N,,0,N,0,13,,N
2026,40022,40,PERIODISMO Y COMUNICACIÓN,UNIVERSIDAD FINIS TERRAE,13,10,30,40,10,0,10.0,10.0,N,458,,65,15.0,,,N,,,S,2.0,N,,0,N,0,13,,N
2026,40023,40,PUBLICIDAD,UNIVERSIDAD FINIS TERRAE,13,10,25,45,10,0,10.0,10.0,N,458,,70,15.0,,,N,,,S,2.0,N,,0,N,0,13,,N
2026,40024,40,BACHILLERATO EN HUMANIDADES,UNIVERSIDAD FINIS TERRAE,13,10,35,30,10,0,15.0,,N,458,,30,5.0,,,N,,,N,2.0,N,,0,N,0,13,,N
2026,40030,40,DERECHO,UNIVERSIDAD FINIS TERRAE,13,20,20,30,10,0,20.0,,N,458,,225,10.0,,,N,,,N,2.0,N,,0,N,0,13,,N
2026,40040,40,INGENIERÍA COMERCIAL,UNIVERSIDAD FINIS TERRAE,13,10,30,10,40,0,10.0,10.0,N,458,,175,10.0,,,N,,,S,2.0,N,,0,N,0,13,,N
2026,40041,40,CONTADOR AUDITOR,UNIVERSIDAD FINIS TERRAE,13,10,30,15,35,0,10.0,10.0,N,458,,45,5.0,,,N,,,S,2.0,N,,0,N,0,13,,N
2026,40042,40,INGENIERÍA EN INFORMACIÓN Y CONTROL DE GESTIÓN,UNIVERSIDAD FINIS TERRAE,13,10,30,15,35,0,10.0,10.0,N,458,,38,2.0,,,N,,,S,2.0,N,,0,N,0,13,,N
2026,40043,40,DIRECCIÓN Y GESTIÓN DE ARTES CULINARIAS,UNIVERSIDAD FINIS TERRAE,13,10,30,20,30,0,10.0,10.0,N,458,,35,,,,N,,,S,1.0,N,,0,N,0,13,,N
2026,40050,40,PEDAGOGÍA EN EDUCACIÓN BÁSICA,UNIVERSIDAD FINIS TERRAE,13,20,25,30,15,0,10.0,10.0,N,458,,25,5.0,,,N,,,S,2.0,S,,1,N,0,13,,N
2026,40051,40,PEDAGOGÍA EN EDUCACIÓN PARVULARIA,UNIVERSIDAD FINIS TERRAE,13,20,25,30,15,0,10.0,10.0,N,458,,25,10.0,,,N,,,S,2.0,S,,1,N,0,13,,N
2026,40054,40,SOCIOLOGÍA,UNIVERSIDAD FINIS TERRAE,13,10,35,20,20,0,15.0,15.0,N,458,,20,5.0,,,N,,,S,2.0,N,,0,N,0,13,,N
2026,40055,40,CIENCIA POLÍTICA,UNIVERSIDAD FINIS TERRAE,13,10,35,20,20,0,15.0,15.0,N,458,,20,5.0,,,N,,,S,2.0,N,,0,N,0,13,,N
2026,40056,40,BACHILLERATO EN CIENCIAS SOCIALES,UNIVERSIDAD FINIS TERRAE,13,10,35,20,20,0,15.0,15.0,N,458,,10,2.0,,,N,,,S,2.0,N,,0,N,0,13,,N
2026,40061,40,INGENIERÍA CIVIL INDUSTRIAL,UNIVERSIDAD FINIS TERRAE,13,10,30,10,35,5,,10.0,S,458,,70,5.0,,,N,,,N,2.0,N,,0,N,0,13,5.0,S
2026,40062,40,INGENIERÍA CIVIL INFORMÁTICA Y TELECOMUNICACIONES,UNIVERSIDAD FINIS TERRAE,13,10,30,10,35,5,,10.0,S,458,,100,10.0,,,N,,,N,2.0,N,,0,N,0,13,5.0,S
2026,40064,40,INGENIERÍA CIVIL BIOMÉDICA,UNIVERSIDAD FINIS TERRAE,13,10,30,10,35,5,,10.0,S,458,,35,,,,N,,,N,2.0,N,,0,N,0,13,5.0,S
2026,40065,40,INGENIERÍA CIVIL EN INTELIGENCIA ARTIFICIAL Y REALIDAD VIRTUAL,UNIVERSIDAD FINIS TERRAE,13,10,30,10,35,5,,10.0,S,458,,35,15.0,,,N,,,N,2.0,N,,0,N,0,13,5.0,S
2026,40070,40,MEDICINA,UNIVERSIDAD FINIS TERRAE,13,15,25,15,30,0,,15.0,N,500,600.0,80,,,,N,,,N,2.0,N,,0,N,0,13,,N
2026,40071,40,KINESIOLOGÍA,UNIVERSIDAD FINIS TERRAE,13,25,15,20,30,0,,10.0,N,458,,80,10.0,,,N,,,N,2.0,N,,0,N,0,13,,N
2026,40072,40,NUTRICIÓN Y DIETÉTICA,UNIVERSIDAD FINIS TERRAE,13,25,20,15,30,0,,10.0,N,458,,70,25.0,,,N,,,N,2.0,N,,0,N,0,13,,N
2026,40073,40,ENFERMERÍA,UNIVERSIDAD FINIS TERRAE,13,20,15,25,30,0,,10.0,N,500,500.0,80,5.0,,,N,,,N,2.0,N,,0,N,0,13,,N
2026,40074,40,PSICOLOGÍA,UNIVERSIDAD FINIS TERRAE,13,20,30,20,20,0,10.0,10.0,N,458,,115,10.0,,,N,,,S,2.0,N,,0,N,0,13,,N
2026,40075,40,BACHILLERATO EN MEDICINA Y CIENCIAS BIOMÉDICAS,UNIVERSIDAD FINIS TERRAE,13,10,20,20,30,0,,20.0,N,500,600.0,40,,,,N,,,N,1.0,N,,0,N,0,13,,N
2026,40080,40,ODONTOLOGÍA,UNIVERSIDAD FINIS TERRAE,13,10,25,20,30,0,,15.0,N,500,500.0,60,10.0,,,N,,,N,2.0,N,,0,N,0,13,,N
2026,40090,40,ACTUACIÓN Y CREACIÓN TEATRAL,UNIVERSIDAD FINIS TERRAE,13,10,10,10,10,0,10.0,10.0,N,458,,24,,,,S,PONDERA,50.0,S,1.0,N,,0,N,0,13,,N
2026,41000,41,ARQUITECTURA,UNIVERSIDAD ANDRES BELLO,13,20,30,10,30,0,10.0,10.0,N,458,,140,155.0,,,N,,,S,5.0,N,,0,N,0,13,,N
2026,41002,41,DISEÑO GRAFICO,UNIVERSIDAD ANDRES BELLO,13,20,10,30,20,0,20.0,20.0,N,458,,80,60.0,,,N,,,S,10.0,N,,0,N,0,13,,N
2026,41003,41,ARTES VISUALES,UNIVERSIDAD ANDRES BELLO,13,20,10,30,20,0,20.0,20.0,N,458,,70,38.0,,,N,,,S,5.0,N,,0,N,0,13,,N
2026,41005,41,BIOQUIMICA,UNIVERSIDAD ANDRES BELLO,13,20,30,10,20,0,,20.0,N,458,,75,61.0,,,N,,,N,5.0,N,,0,N,0,13,10.0,S
2026,41006,41,INGENIERIA EN BIOTECNOLOGIA,UNIVERSIDAD ANDRES BELLO,13,20,25,10,20,5,,20.0,S,458,,90,20.0,,,N,,,N,5.0,N,,0,N,0,13,10.0,S
2026,41007,41,BIOLOGIA,UNIVERSIDAD ANDRES BELLO,13,20,30,10,20,0,,20.0,N,458,,70,20.0,,,N,,,N,5.0,N,,0,N,0,13,10.0,S
2026,41008,41,FONOAUDIOLOGIA,UNIVERSIDAD ANDRES BELLO,13,20,30,10,30,0,10.0,10.0,N,458,,100,30.0,,,N,,,S,5.0,N,,0,N,0,13,,N
2026,41009,41,KINESIOLOGIA,UNIVERSIDAD ANDRES BELLO,13,10,40,20,20,0,,10.0,N,458,,340,220.0,,,N,,,N,5.0,N,,0,N,0,13,,N
2026,41010,41,TERAPIA OCUPACIONAL,UNIVERSIDAD ANDRES BELLO,13,20,30,20,20,0,10.0,10.0,N,458,,180,,,,N,,,S,5.0,N,,0,N,0,13,,N
2026,41011,41,INGENIERIA FISICA,UNIVERSIDAD ANDRES BELLO,13,20,25,10,30,5,,10.0,S,458,,60,,,,N,,,N,5.0,N,,0,N,0,13,10.0,S
2026,41012,41,LICENCIATURA EN ASTRONOMIA,UNIVERSIDAD ANDRES BELLO,13,10,10,10,60,0,,10.0,N,458,,90,40.0,,,N,,,N,5.0,N,,0,N,0,13,10.0,S
2026,41013,41,LICENCIATURA EN FISICA,UNIVERSIDAD ANDRES BELLO,13,20,30,10,30,0,,10.0,N,458,,70,,,,N,,,N,5.0,N,,0,N,0,13,10.0,S
2026,41015,41,PSICOLOGIA,UNIVERSIDAD ANDRES BELLO,13,10,20,40,10,0,20.0,20.0,N,458,,350,340.0,,,N,,,S,5.0,N,,0,N,0,13,,N
2026,41016,41,SOCIOLOGIA,UNIVERSIDAD ANDRES BELLO,13,20,30,10,20,0,20.0,20.0,N,458,,60,,,,N,,,S,5.0,N,,0,N,0,13,,N
2026,41017,41,TRABAJO SOCIAL,UNIVERSIDAD ANDRES BELLO,13,30,20,30,10,0,10.0,10.0,N,458,,100,,,,N,,,S,5.0,N,,0,N,0,13,,N
2026,41019,41,PERIODISMO,UNIVERSIDAD ANDRES BELLO,13,20,30,25,15,0,10.0,10.0,N,458,,80,40.0,,,N,,,S,5.0,N,,0,N,0,13,,N
2026,41020,41,PUBLICIDAD,UNIVERSIDAD ANDRES BELLO,13,30,20,30,10,0,10.0,10.0,N,458,,100,30.0,,,N,,,S,5.0,N,,0,N,0,13,,N
2026,41021,41,DERECHO (BELLAVISTA),UNIVERSIDAD ANDRES BELLO,13,20,30,30,10,0,10.0,,N,458,,350,210.0,,,N,,,N,10.0,N,,0,N,0,13,,N
2026,41022,41,BIOLOGIA MARINA,UNIVERSIDAD ANDRES BELLO,13,20,30,10,30,0,10.0,10.0,N,458,,126,82.0,,,N,,,S,5.0,N,,0,N,0,13,10.0,S
2026,41023,41,ADMINISTRACION EN ECOTURISMO,UNIVERSIDAD ANDRES BELLO,13,20,30,10,30,0,10.0,10.0,N,458,,80,10.0,,,N,,,S,10.0,N,,0,N,0,13,,N
2026,41024,41,INGENIERIA AMBIENTAL,UNIVERSIDAD ANDRES BELLO,13,20,25,10,30,5,10.0,10.0,S,458,,90,,,,N,,,S,5.0,N,,0,N,0,13,10.0,S
2026,41026,41,MEDICINA VETERINARIA,UNIVERSIDAD ANDRES BELLO,13,20,10,10,30,0,,30.0,N,458,,380,290.0,,,N,,,N,1.0,N,,0,N,0,13,,N
2026,41027,41,CONTADOR AUDITOR,UNIVERSIDAD ANDRES BELLO,13,10,40,10,30,0,10.0,10.0,N,458,,140,75.0,,,N,,,S,5.0,N,,0,N,0,13,,N
2026,41028,41,INGENIERIA COMERCIAL (LAS CONDES),UNIVERSIDAD ANDRES BELLO,13,10,40,10,30,0,10.0,10.0,N,458,,500,,,,N,,,S,10.0,N,,0,N,0,13,,N
2026,41029,41,INGENIERIA EN ADMINISTRACION DE EMPRESAS,UNIVERSIDAD ANDRES BELLO,13,10,40,10,30,0,10.0,10.0,N,458,,180,80.0,,,N,,,S,5.0,N,,0,N,0,13,,N
2026,41030,41,INGENIERIA EN ADMINISTRACION HOTELERA INTERNACIONAL,UNIVERSIDAD ANDRES BELLO,13,10,40,10,30,0,10.0,10.0,N,458,,90,,,,N,,,S,5.0,N,,0,N,0,13,,N
2026,41031,41,INGENIERIA EN TURISMO Y HOTELERIA,UNIVERSIDAD ANDRES BELLO,13,10,40,10,30,0,10.0,10.0,N,458,,150,,,,N,,,S,5.0,N,,0,N,0,13,,N
2026,41032,41,ENFERMERIA (REPUBLICA),UNIVERSIDAD ANDRES BELLO,13,10,30,20,20,0,,20.0,N,458,,290,205.0,,,N,,,N,5.0,N,,0,N,0,13,,N
2026,41034,41,PEDAGOGIA EDUCACION FISICA,UNIVERSIDAD ANDRES BELLO,13,20,30,10,30,0,10.0,10.0,N,458,,120,20.0,,,N,,,S,5.0,S,,1,N,0,13,,N
2026,41037,41,EDUCACION PARVULARIA,UNIVERSIDAD ANDRES BELLO,13,20,30,10,30,0,10.0,10.0,N,458,,75,10.0,,,N,,,S,5.0,S,,1,N,0,13,,N
2026,41039,41,LICENCIATURA EN HISTORIA,UNIVERSIDAD ANDRES BELLO,13,20,30,20,20,0,10.0,10.0,N,458,,70,,,,N,,,S,5.0,N,,0,N,0,13,,N
2026,41040,41,LICENCIATURA EN LETRAS,UNIVERSIDAD ANDRES BELLO,13,20,30,20,20,0,10.0,10.0,N,458,,70,,,,N,,,S,5.0,N,,0,N,0,13,,N
2026,41041,41,PEDAGOGIA EN INGLES PARA LA ENSEÑANZA BASICA Y MEDIA,UNIVERSIDAD ANDRES BELLO,13,20,30,15,20,0,15.0,15.0,N,458,,85,10.0,,,N,,,S,5.0,S,,1,N,0,13,,N
2026,41042,41,PSICOPEDAGOGIA,UNIVERSIDAD ANDRES BELLO,13,20,30,20,20,0,10.0,10.0,N,458,,70,,,,N,,,S,5.0,N,,0,N,0,13,,N
2026,41043,41,GEOLOGIA,UNIVERSIDAD ANDRES BELLO,13,20,30,10,30,0,,10.0,N,458,,150,,,,N,,,N,5.0,N,,0,N,0,13,10.0,S
2026,41044,41,INGENIERIA CIVIL,UNIVERSIDAD ANDRES BELLO,13,30,15,10,30,5,,10.0,S,458,,120,,,,N,,,N,5.0,N,,0,N,0,13,10.0,S
2026,41045,41,INGENIERIA CIVIL INFORMATICA (ANTONIO VARAS),UNIVERSIDAD ANDRES BELLO,13,30,10,10,35,5,,10.0,S,458,,400,,,,N,,,N,5.0,N,,0,N,0,13,10.0,S
2026,41046,41,INGENIERIA CIVIL INDUSTRIAL (ANTONIO VARAS),UNIVERSIDAD ANDRES BELLO,13,20,25,10,30,5,,10.0,S,458,,450,,,,N,,,N,5.0,N,,0,N,0,13,10.0,S
2026,41047,41,INGENIERIA EN AUTOMATIZACION Y ROBOTICA,UNIVERSIDAD ANDRES BELLO,13,30,10,10,35,5,10.0,10.0,S,458,,110,10.0,,,N,,,S,5.0,N,,0,N,0,13,10.0,S
2026,41048,41,INGENIERIA EN COMPUTACION E INFORMATICA,UNIVERSIDAD ANDRES BELLO,13,30,15,10,30,5,10.0,10.0,S,458,,320,,,,N,,,S,10.0,N,,0,N,0,13,10.0,S
2026,41049,41,INGENIERIA EN CONSTRUCCION,UNIVERSIDAD ANDRES BELLO,13,30,15,10,30,5,10.0,10.0,S,458,,100,,,,N,,,S,5.0,N,,0,N,0,13,10.0,S
2026,41055,41,INGENIERIA INDUSTRIAL,UNIVERSIDAD ANDRES BELLO,13,30,15,10,30,5,10.0,10.0,S,458,,90,,,,N,,,S,10.0,N,,0,N,0,13,10.0,S
2026,41056,41,MEDICINA,UNIVERSIDAD ANDRES BELLO,13,10,30,15,20,0,,25.0,N,458,,140,22.0,,,N,,,N,1.0,N,,0,N,0,13,,N
2026,41057,41,NUTRICION Y DIETETICA,UNIVERSIDAD ANDRES BELLO,13,20,30,10,30,0,,10.0,N,458,,180,50.0,,,N,,,N,5.0,N,,0,N,0,13,,N
2026,41058,41,QUIMICA Y FARMACIA,UNIVERSIDAD ANDRES BELLO,13,20,30,10,30,0,,10.0,N,458,,240,150.0,,,N,,,N,1.0,N,,0,N,0,13,,N
2026,41059,41,TECNOLOGIA MEDICA,UNIVERSIDAD ANDRES BELLO,13,20,30,10,30,0,,10.0,N,458,,305,150.0,,,N,,,N,1.0,N,,0,N,0,13,,N
2026,41060,41,ODONTOLOGIA,UNIVERSIDAD ANDRES BELLO,13,10,40,10,15,0,,25.0,N,458,,190,175.0,,,N,,,N,1.0,N,,0,N,0,13,,N
2026,41061,41,ARQUITECTURA,UNIVERSIDAD ANDRES BELLO,13,20,30,10,30,0,10.0,10.0,N,458,,80,63.0,,,N,,,S,5.0,N,,0,N,0,5,,N
2026,41064,41,INGENIERIA EN BIOTECNOLOGIA,UNIVERSIDAD ANDRES BELLO,13,20,25,10,20,5,,20.0,S,458,,60,,,,N,,,N,5.0,N,,0,N,0,5,10.0,S
2026,41066,41,KINESIOLOGIA,UNIVERSIDAD ANDRES BELLO,13,10,40,20,20,0,,10.0,N,458,,160,100.0,,,N,,,N,5.0,N,,0,N,0,5,,N
2026,41067,41,TERAPIA OCUPACIONAL,UNIVERSIDAD ANDRES BELLO,13,20,30,20,20,0,10.0,10.0,N,458,,120,,,,N,,,S,5.0,N,,0,N,0,5,,N
2026,41068,41,PSICOLOGIA,UNIVERSIDAD ANDRES BELLO,13,10,20,40,10,0,20.0,20.0,N,458,,340,115.0,,,N,,,S,5.0,N,,0,N,0,5,,N
2026,41070,41,TRABAJO SOCIAL,UNIVERSIDAD ANDRES BELLO,13,30,20,30,10,0,10.0,10.0,N,458,,60,,,,N,,,S,5.0,N,,0,N,0,5,,N
2026,41071,41,DERECHO,UNIVERSIDAD ANDRES BELLO,13,20,30,30,10,0,10.0,,N,458,,300,50.0,,,N,,,N,5.0,N,,0,N,0,5,,N
2026,41072,41,ADMINISTRACION EN ECOTURISMO,UNIVERSIDAD ANDRES BELLO,13,20,30,10,30,0,10.0,10.0,N,458,,70,10.0,,,N,,,S,10.0,N,,0,N,0,5,,N
2026,41075,41,CONTADOR AUDITOR,UNIVERSIDAD ANDRES BELLO,13,10,40,10,30,0,10.0,10.0,N,458,,70,20.0,,,N,,,S,5.0,N,,0,N,0,5,,N
2026,41076,41,INGENIERIA COMERCIAL,UNIVERSIDAD ANDRES BELLO,13,10,40,10,30,0,10.0,10.0,N,458,,230,,,,N,,,S,10.0,N,,0,N,0,5,,N
2026,41077,41,INGENIERIA EN ADMINISTRACION DE EMPRESAS,UNIVERSIDAD ANDRES BELLO,13,10,40,10,30,0,10.0,10.0,N,458,,70,10.0,,,N,,,S,5.0,N,,0,N,0,5,,N
2026,41078,41,ENFERMERIA,UNIVERSIDAD ANDRES BELLO,13,10,30,20,20,0,,20.0,N,458,,170,100.0,,,N,,,N,3.0,N,,0,N,0,5,,N
2026,41080,41,PEDAGOGIA EDUCACION FISICA,UNIVERSIDAD ANDRES BELLO,13,20,30,10,30,0,10.0,10.0,N,458,,80,,,,N,,,S,5.0,S,,1,N,0,5,,N
2026,41082,41,EDUCACION PARVULARIA,UNIVERSIDAD ANDRES BELLO,13,20,30,10,30,0,10.0,10.0,N,458,,60,,,,N,,,S,5.0,S,,1,N,0,5,,N
2026,41086,41,PEDAGOGÍA EN INGLES PARA LA ENSEÑANZA BASICA Y MEDIA,UNIVERSIDAD ANDRES BELLO,13,20,30,15,20,0,15.0,15.0,N,458,,60,,,,N,,,S,5.0,S,,1,N,0,5,,N
2026,41087,41,PSICOPEDAGOGIA,UNIVERSIDAD ANDRES BELLO,13,20,30,20,20,0,10.0,10.0,N,458,,70,,,,N,,,S,5.0,N,,0,N,0,5,,N
2026,41088,41,GEOLOGIA,UNIVERSIDAD ANDRES BELLO,13,20,30,10,30,0,,10.0,N,458,,75,15.0,,,N,,,N,5.0,N,,0,N,0,5,10.0,S
2026,41089,41,INGENIERIA CIVIL INDUSTRIAL,UNIVERSIDAD ANDRES BELLO,13,20,25,10,30,5,,10.0,S,458,,130,,,,N,,,N,5.0,N,,0,N,0,5,10.0,S
2026,41090,41,INGENIERIA EN COMPUTACION E INFORMATICA,UNIVERSIDAD ANDRES BELLO,13,30,15,10,30,5,10.0,10.0,S,458,,95,25.0,,,N,,,S,10.0,N,,0,N,0,5,10.0,S
2026,41091,41,INGENIERIA EN MARINA MERCANTE,UNIVERSIDAD ANDRES BELLO,13,30,15,10,30,5,10.0,10.0,S,458,,95,,,,N,,,S,5.0,N,,0,N,0,5,10.0,S
2026,41095,41,MEDICINA,UNIVERSIDAD ANDRES BELLO,13,10,30,15,20,0,,25.0,N,458,,130,18.0,,,N,,,N,1.0,N,,0,N,0,5,,N
2026,41096,41,NUTRICION Y DIETETICA,UNIVERSIDAD ANDRES BELLO,13,20,30,10,30,0,,10.0,N,458,,80,60.0,,,N,,,N,5.0,N,,0,N,0,5,,N
2026,41097,41,QUIMICA Y FARMACIA,UNIVERSIDAD ANDRES BELLO,13,20,30,10,30,0,,10.0,N,458,,130,80.0,,,N,,,N,1.0,N,,0,N,0,5,,N
2026,41098,41,TECNOLOGIA MEDICA,UNIVERSIDAD ANDRES BELLO,13,20,30,10,30,0,,10.0,N,458,,138,107.0,,,N,,,N,1.0,N,,0,N,0,5,,N
2026,41099,41,ODONTOLOGIA,UNIVERSIDAD ANDRES BELLO,13,10,40,10,15,0,,25.0,N,458,,160,90.0,,,N,,,N,1.0,N,,0,N,0,5,,N
2026,41102,41,KINESIOLOGIA,UNIVERSIDAD ANDRES BELLO,13,10,40,20,20,0,,10.0,N,458,,170,110.0,,,N,,,N,5.0,N,,0,N,0,8,,N
2026,41103,41,TERAPIA OCUPACIONAL,UNIVERSIDAD ANDRES BELLO,13,20,30,20,20,0,10.0,10.0,N,458,,120,,,,N,,,S,5.0,N,,0,N,0,8,,N
2026,41104,41,PSICOLOGIA,UNIVERSIDAD ANDRES BELLO,13,10,20,40,10,0,20.0,20.0,N,458,,250,85.0,,,N,,,S,5.0,N,,0,N,0,8,,N
2026,41106,41,DERECHO,UNIVERSIDAD ANDRES BELLO,13,20,30,30,10,0,10.0,,N,458,,110,70.0,,,N,,,N,5.0,N,,0,N,0,8,,N
2026,41107,41,ADMINISTRACION EN ECOTURISMO,UNIVERSIDAD ANDRES BELLO,13,20,30,10,30,0,10.0,10.0,N,458,,70,10.0,,,N,,,S,10.0,N,,0,N,0,8,,N
2026,41109,41,INGENIERIA COMERCIAL,UNIVERSIDAD ANDRES BELLO,13,10,40,10,30,0,10.0,10.0,N,458,,130,,,,N,,,S,10.0,N,,0,N,0,8,,N
2026,41111,41,ENFERMERIA,UNIVERSIDAD ANDRES BELLO,13,10,30,20,20,0,,20.0,N,458,,160,140.0,,,N,,,N,3.0,N,,0,N,0,8,,N
2026,41116,41,PEDAGOGIA EN INGLES PARA LA ENSEÑANZA BASICA Y MEDIA,UNIVERSIDAD ANDRES BELLO,13,20,30,15,20,0,15.0,15.0,N,458,,80,,,,N,,,S,5.0,S,,1,N,0,8,,N
2026,41118,41,GEOLOGIA,UNIVERSIDAD ANDRES BELLO,13,20,30,10,30,0,,10.0,N,458,,90,,,,N,,,N,5.0,N,,0,N,0,8,10.0,S
2026,41121,41,INGENIERIA CIVIL INDUSTRIAL,UNIVERSIDAD ANDRES BELLO,13,20,25,10,30,5,,10.0,S,458,,80,30.0,,,N,,,N,5.0,N,,0,N,0,8,10.0,S
2026,41123,41,INGENIERIA EN MARINA MERCANTE,UNIVERSIDAD ANDRES BELLO,13,30,15,10,30,5,10.0,10.0,S,458,,70,,,,N,,,S,5.0,N,,0,N,0,8,10.0,S
2026,41125,41,NUTRICION Y DIETETICA,UNIVERSIDAD ANDRES BELLO,13,20,30,10,30,0,,10.0,N,458,,70,40.0,,,N,,,N,5.0,N,,0,N,0,8,,N
2026,41126,41,TECNOLOGIA MEDICA,UNIVERSIDAD ANDRES BELLO,13,20,30,10,30,0,,10.0,N,458,,135,110.0,,,N,,,N,1.0,N,,0,N,0,8,,N
2026,41127,41,ODONTOLOGIA,UNIVERSIDAD ANDRES BELLO,13,10,40,10,15,0,,25.0,N,458,,95,80.0,,,N,,,N,1.0,N,,0,N,0,8,,N
2026,41129,41,INGENIERIA COMERCIAL (BELLAVISTA),UNIVERSIDAD ANDRES BELLO,13,10,40,10,30,0,10.0,10.0,N,458,,500,,,,N,,,S,10.0,N,,0,N,0,13,,N
2026,41130,41,INGENIERIA CIVIL EN MINAS,UNIVERSIDAD ANDRES BELLO,13,10,35,10,30,5,,10.0,S,458,,170,80.0,,,N,,,N,5.0,N,,0,N,0,13,10.0,S
2026,41134,41,INGENIERIA CIVIL EN MINAS,UNIVERSIDAD ANDRES BELLO,13,10,35,10,30,5,,10.0,S,458,,80,45.0,,,N,,,N,5.0,N,,0,N,0,5,10.0,S
2026,41136,41,INGENIERIA EN TURISMO Y HOTELERIA,UNIVERSIDAD ANDRES BELLO,13,10,40,10,30,0,10.0,10.0,N,458,,60,,,,N,,,S,5.0,N,,0,N,0,5,,N
2026,41138,41,DISEÑO DE VESTUARIO Y TEXTIL,UNIVERSIDAD ANDRES BELLO,13,20,10,30,20,0,20.0,20.0,N,458,,100,100.0,,,N,,,S,10.0,N,,0,N,0,13,,N
2026,41139,41,DISEÑO DE JUEGOS DIGITALES,UNIVERSIDAD ANDRES BELLO,13,20,10,30,20,0,20.0,20.0,N,458,,80,50.0,,,N,,,S,10.0,N,,0,N,0,13,,N
2026,41153,41,INGENIERIA CIVIL EN MINAS,UNIVERSIDAD ANDRES BELLO,13,10,35,10,30,5,,10.0,S,458,,105,,,,N,,,N,5.0,N,,0,N,0,8,10.0,S
2026,41156,41,FONOAUDIOLOGIA,UNIVERSIDAD ANDRES BELLO,13,20,30,10,30,0,10.0,10.0,N,458,,70,,,,N,,,S,5.0,N,,0,N,0,8,,N
2026,41159,41,OBSTETRICIA,UNIVERSIDAD ANDRES BELLO,13,10,10,10,40,0,,30.0,N,458,,70,20.0,,,N,,,N,1.0,N,,0,N,0,8,,N
2026,41162,41,INGENIERIA CIVIL INFORMATICA,UNIVERSIDAD ANDRES BELLO,13,30,10,10,35,5,,10.0,S,458,,70,,,,N,,,N,5.0,N,,0,N,0,5,10.0,S
2026,41163,41,FONOAUDIOLOGIA,UNIVERSIDAD ANDRES BELLO,13,20,30,10,30,0,10.0,10.0,N,458,,70,,,,N,,,S,5.0,N,,0,N,0,5,,N
2026,41164,41,MEDICINA,UNIVERSIDAD ANDRES BELLO,13,10,30,15,20,0,,25.0,N,458,,111,12.0,,,N,,,N,1.0,N,,0,N,0,8,,N
2026,41165,41,MEDICINA VETERINARIA,UNIVERSIDAD ANDRES BELLO,13,20,10,10,30,0,,30.0,N,458,,210,110.0,,,N,,,N,1.0,N,,0,N,0,5,,N
2026,41167,41,QUIMICA Y FARMACIA,UNIVERSIDAD ANDRES BELLO,13,20,30,10,30,0,,10.0,N,458,,137,88.0,,,N,,,N,1.0,N,,0,N,0,8,,N
2026,41168,41,OBSTETRICIA,UNIVERSIDAD ANDRES BELLO,13,10,10,10,40,0,,30.0,N,458,,100,40.0,,,N,,,N,1.0,N,,0,N,0,13,,N
2026,41169,41,OBSTETRICIA,UNIVERSIDAD ANDRES BELLO,13,10,10,10,40,0,,30.0,N,458,,85,20.0,,,N,,,N,1.0,N,,0,N,0,5,,N
2026,41197,41,MEDICINA VETERINARIA,UNIVERSIDAD ANDRES BELLO,13,20,10,10,30,0,,30.0,N,458,,150,130.0,,,N,,,N,1.0,N,,0,N,0,8,,N
2026,41199,41,ENTRENADOR DEPORTIVO,UNIVERSIDAD ANDRES BELLO,13,30,40,10,10,0,10.0,10.0,N,458,,110,100.0,,,N,,,S,5.0,N,,0,N,0,13,,N
2026,41200,41,ENTRENADOR DEPORTIVO,UNIVERSIDAD ANDRES BELLO,13,30,40,10,10,0,10.0,10.0,N,458,,60,20.0,,,N,,,S,5.0,N,,0,N,0,5,,N
2026,41201,41,ENTRENADOR DEPORTIVO,UNIVERSIDAD ANDRES BELLO,13,30,40,10,10,0,10.0,10.0,N,458,,70,50.0,,,N,,,S,5.0,N,,0,N,0,8,,N
2026,41203,41,DERECHO (LAS CONDES),UNIVERSIDAD ANDRES BELLO,13,20,30,30,10,0,10.0,,N,458,,160,20.0,,,N,,,N,10.0,N,,0,N,0,13,,N
2026,41204,41,INGENIERIA CIVIL ELECTRICA,UNIVERSIDAD ANDRES BELLO,13,20,25,10,30,5,,10.0,S,458,,107,83.0,,,N,,,N,5.0,N,,0,N,0,13,10.0,S
2026,41206,41,INGENIERIA CIVIL INDUSTRIAL (LAS CONDES),UNIVERSIDAD ANDRES BELLO,13,20,25,10,30,5,,10.0,S,458,,110,20.0,,,N,,,N,5.0,N,,0,N,0,13,,S
2026,41207,41,INGENIERIA CIVIL INFORMATICA (LAS CONDES),UNIVERSIDAD ANDRES BELLO,13,30,10,10,35,5,,10.0,S,458,,100,,,,N,,,N,5.0,N,,0,N,0,13,10.0,S
2026,41208,41,INGENIERIA CIVIL INFORMATICA,UNIVERSIDAD ANDRES BELLO,13,30,10,10,35,5,,10.0,S,458,,90,,,,N,,,N,5.0,N,,0,N,0,8,,S
2026,41209,41,ARQUITECTURA,UNIVERSIDAD ANDRES BELLO,13,20,30,10,30,0,10.0,10.0,N,458,,70,55.0,,,N,,,S,5.0,N,,0,N,0,8,,N
2026,41210,41,PUBLICIDAD,UNIVERSIDAD ANDRES BELLO,13,30,20,30,10,0,10.0,10.0,N,458,,70,10.0,,,N,,,S,5.0,N,,0,N,0,8,,N
2026,41211,41,DISEÑO DE JUEGOS DIGITALES,UNIVERSIDAD ANDRES BELLO,13,20,10,30,20,0,20.0,20.0,N,458,,90,,,,N,,,S,10.0,N,,0,N,0,8,,N
2026,41212,41,BACHILLERATO EN CIENCIAS DE LA SALUD (REPUBLICA),UNIVERSIDAD ANDRES BELLO,13,20,30,10,30,0,,10.0,N,458,,260,75.0,,,N,,,N,5.0,N,,0,N,0,13,,N
2026,41213,41,BACHILLERATO EN CIENCIAS DE LA SALUD,UNIVERSIDAD ANDRES BELLO,13,20,30,10,30,0,,10.0,N,458,,180,30.0,,,N,,,N,5.0,N,,0,N,0,5,,N
2026,41214,41,BACHILLERATO EN CIENCIAS DE LA SALUD,UNIVERSIDAD ANDRES BELLO,13,20,30,10,30,0,,10.0,N,458,,140,86.0,,,N,,,N,5.0,N,,0,N,0,8,,N
2026,41215,41,BACHILLERATO EN CIENCIAS DE LA SALUD (LAS CONDES),UNIVERSIDAD ANDRES BELLO,13,20,30,10,30,0,,10.0,N,458,,130,70.0,,,N,,,N,5.0,N,,0,N,0,13,,N
2026,41216,41,ENFERMERIA (LAS CONDES),UNIVERSIDAD ANDRES BELLO,13,10,30,20,20,0,,20.0,N,458,,150,70.0,,,N,,,N,3.0,N,,0,N,0,13,,N
2026,41217,41,INGENIERÍA EN NEGOCIOS INTERNACIONALES,UNIVERSIDAD ANDRES BELLO,13,10,40,10,30,0,10.0,10.0,N,458,,250,,,,N,,,S,5.0,N,,0,N,0,13,,N
2026,41218,41,INGENIERÍA EN AUTOMATIZACIÓN Y ROBÓTICA,UNIVERSIDAD ANDRES BELLO,13,30,10,10,35,5,10.0,10.0,S,458,,70,,,,N,,,S,5.0,N,,0,N,0,8,10.0,S
2026,41219,41,LICENCIATURA EN ASTRONOMÍA,UNIVERSIDAD ANDRES BELLO,13,10,10,10,60,0,,10.0,N,458,,70,,,,N,,,N,5.0,N,,0,N,0,8,10.0,S
2026,41221,41,INTERNATIONAL BUSINESS,UNIVERSIDAD ANDRES BELLO,13,10,40,10,30,0,10.0,10.0,N,458,,60,,,,N,,,S,5.0,N,,0,N,0,13,,N
2026,41222,41,COMPUTER SCIENCE ENGINEERING,UNIVERSIDAD ANDRES BELLO,13,30,10,10,35,5,,10.0,S,458,,60,,,,N,,,N,5.0,N,,0,N,0,13,10.0,S
2026,41223,41,INGENIERÍA EN NEGOCIOS INTERNACIONALES,UNIVERSIDAD ANDRES BELLO,13,10,40,10,30,0,10.0,10.0,N,458,,90,,,,N,,,S,5.0,N,,0,N,0,8,,N
2026,41224,41,INGENIERÍA EN NEGOCIOS INTERNACIONALES,UNIVERSIDAD ANDRES BELLO,13,10,40,10,30,0,10.0,10.0,N,458,,90,,,,N,,,S,5.0,N,,0,N,0,5,,N
2026,42001,42,INGENIERÍA COMERCIAL,UNIVERSIDAD ADOLFO IBAÑEZ,13,10,30,10,40,0,10.0,10.0,N,500,640.0,430,35.0,,,N,,,S,5.0,N,,0,N,0,13,,N
2026,42002,42,INGENIERÍA CIVIL (PLAN COMÚN) - 7 CARRERAS O ESPECIALIDADES,UNIVERSIDAD ADOLFO IBAÑEZ,13,10,30,10,35,5,10.0,10.0,S,500,640.0,400,22.0,,,N,,,S,4.0,N,,0,N,0,13,50.0,S
2026,42003,42,DERECHO,UNIVERSIDAD ADOLFO IBAÑEZ,13,10,30,40,10,0,10.0,10.0,N,500,640.0,125,29.0,,,N,,,S,2.0,N,,0,N,0,13,,N
2026,42004,42,PSICOLOGÍA,UNIVERSIDAD ADOLFO IBAÑEZ,13,10,30,35,15,0,10.0,10.0,N,500,640.0,80,23.0,,,N,,,S,2.0,N,,0,N,0,13,,N
2026,42005,42,"COMUNICACIÓN ESTRATÉGICA - PERIODISMO, DOBLE TÍTULO",UNIVERSIDAD ADOLFO IBAÑEZ,13,10,30,40,10,0,10.0,10.0,N,500,620.0,35,3.0,,,N,,,S,2.0,N,,0,N,0,13,,N
2026,42007,42,DOBLE TÍTULO INGENIERÍA COMERCIAL + SOCIOLOGÍA,UNIVERSIDAD ADOLFO IBAÑEZ,13,10,30,20,30,0,10.0,10.0,N,500,640.0,30,5.0,,,N,,,S,2.0,N,,0,N,0,13,,N
2026,42011,42,BACHILLERATO DE INGENIERÍA COMERCIAL,UNIVERSIDAD ADOLFO IBAÑEZ,13,10,30,10,40,0,10.0,10.0,N,500,610.0,90,40.0,,,N,,,S,2.0,N,,0,N,0,13,,N
2026,42012,42,BACHILLERATO DE INGENIERÍA CIVIL,UNIVERSIDAD ADOLFO IBAÑEZ,13,10,30,10,40,0,10.0,10.0,N,500,610.0,55,20.0,,,N,,,S,2.0,N,,0,N,0,13,2.0,S
2026,42021,42,INGENIERÍA COMERCIAL,UNIVERSIDAD ADOLFO IBAÑEZ,13,10,30,10,40,0,10.0,10.0,N,500,610.0,175,5.0,,,N,,,S,2.0,N,,0,N,0,5,,N
2026,42022,42,INGENIERÍA CIVIL (PLAN COMÚN) - 4 CARRERAS O ESPECIALIDADES,UNIVERSIDAD ADOLFO IBAÑEZ,13,10,30,10,35,5,10.0,10.0,S,500,610.0,95,11.0,,,N,,,S,2.0,N,,0,N,0,5,10.0,S
2026,42023,42,DERECHO,UNIVERSIDAD ADOLFO IBAÑEZ,13,10,30,40,10,0,10.0,10.0,N,500,610.0,75,9.0,,,N,,,S,2.0,N,,0,N,0,5,,N
2026,42024,42,PSICOLOGÍA,UNIVERSIDAD ADOLFO IBAÑEZ,13,10,30,35,15,0,10.0,10.0,N,500,610.0,55,9.0,,,N,,,S,2.0,N,,0,N,0,5,,N
2026,42025,42,"COMUNICACIÓN ESTRATÉGICA - PERIODISMO, DOBLE TÍTULO",UNIVERSIDAD ADOLFO IBAÑEZ,13,10,30,40,10,0,10.0,10.0,N,500,600.0,35,3.0,,,N,,,S,2.0,N,,0,N,0,5,,N
2026,42101,42,INGENIERÍA EN NEGOCIOS Y TECNOLOGÍA,UNIVERSIDAD ADOLFO IBAÑEZ,13,10,30,15,35,0,10.0,10.0,N,500,640.0,30,2.0,,,N,,,S,2.0,N,,0,N,0,13,,N
2026,42103,42,DOBLE GRADO DERECHO + INGENIERÍA COMERCIAL,UNIVERSIDAD ADOLFO IBAÑEZ,13,10,30,25,25,0,10.0,10.0,N,500,640.0,30,,,,N,,,S,2.0,N,,0,N,0,13,,N
2026,42106,42,DOBLE TÍTULO ARQUITECTURA + INGENIERÍA CIVIL INDUSTRIAL,UNIVERSIDAD ADOLFO IBAÑEZ,13,10,30,10,35,5,10.0,10.0,S,500,640.0,35,,,,N,,,S,2.0,N,,0,N,0,13,2.0,N
2026,42121,42,INGENIERÍA EN NEGOCIOS Y TECNOLOGÍA,UNIVERSIDAD ADOLFO IBAÑEZ,13,10,30,15,35,0,10.0,10.0,N,500,610.0,30,6.0,,,N,,,S,2.0,N,,0,N,0,5,,N
2026,42122,42,INGENIERÍA CIVIL INDUSTRIAL,UNIVERSIDAD ADOLFO IBAÑEZ,13,10,30,10,35,5,10.0,10.0,S,500,610.0,75,12.0,,,N,,,S,2.0,N,,0,N,0,5,7.0,S
2026,42123,42,DOBLE GRADO DERECHO + INGENIERÍA COMERCIAL,UNIVERSIDAD ADOLFO IBAÑEZ,13,10,30,25,25,0,10.0,10.0,N,500,610.0,25,,,,N,,,S,2.0,N,,0,N,0,5,,N
2026,42201,42,INTERNATIONAL MANAGEMENT,UNIVERSIDAD ADOLFO IBAÑEZ,13,10,30,10,40,0,10.0,10.0,N,500,640.0,25,,,,N,,,S,2.0,N,,0,N,0,13,,N
2026,42202,42,INGENIERÍA EN COMPUTER SCIENCE,UNIVERSIDAD ADOLFO IBAÑEZ,13,10,30,10,35,5,10.0,10.0,S,500,640.0,35,,,,N,,,S,1.0,N,,0,N,0,13,6.0,S
2026,42221,42,INTERNATIONAL MANAGEMENT,UNIVERSIDAD ADOLFO IBAÑEZ,13,10,30,10,40,0,10.0,10.0,N,500,610.0,25,,,,N,,,S,2.0,N,,0,N,0,5,,N
2026,43001,43,BACHILLERATO DE MEDICINA,UNIVERSIDAD DE LOS ANDES,13,10,15,20,35,0,,20.0,N,500,680.0,100,23.0,,,N,,,N,2.0,N,,0,N,0,13,,N
2026,43002,43,BACHILLERATO DE ODONTOLOGÍA,UNIVERSIDAD DE LOS ANDES,13,20,20,15,30,0,,15.0,N,500,630.0,36,2.0,,,N,,,N,2.0,N,,0,N,0,13,,N
2026,43003,43,BACHILLERATO DE INGENIERÍA,UNIVERSIDAD DE LOS ANDES,13,10,25,10,40,5,,10.0,S,500,560.0,25,5.0,,,N,,,N,5.0,N,,0,N,0,13,3.0,S
2026,43005,43,BACHILLERATO DE INGENIERÍA COMERCIAL,UNIVERSIDAD DE LOS ANDES,13,10,10,10,60,0,10.0,10.0,N,500,580.0,60,10.0,,,N,,,S,5.0,N,,0,N,0,13,,N
2026,43007,43,BACHILLERATO DE DERECHO,UNIVERSIDAD DE LOS ANDES,13,10,15,30,20,0,25.0,,N,500,560.0,65,5.0,,,N,,,N,2.0,N,,0,N,0,13,,N
2026,43010,43,INGENIERÍA COMERCIAL,UNIVERSIDAD DE LOS ANDES,13,10,25,10,40,5,10.0,10.0,S,600,610.0,160,18.0,,,N,,,S,5.0,N,,0,N,0,13,,N
2026,43012,43,DERECHO,UNIVERSIDAD DE LOS ANDES,13,10,15,30,20,0,25.0,,N,500,620.0,152,16.0,,,N,,,N,2.0,N,,0,N,0,13,,N
2026,43013,43,INGENIERÍA CIVIL (PLAN COMÚN),UNIVERSIDAD DE LOS ANDES,13,10,25,10,40,5,,10.0,S,500,600.0,240,,,,N,,,N,5.0,N,,0,N,0,13,15.0,S
2026,43014,43,MEDICINA,UNIVERSIDAD DE LOS ANDES,13,10,15,20,35,0,,20.0,N,500,770.0,72,5.0,,,N,,,N,,N,,0,N,0,13,,N
2026,43015,43,KINESIOLOGÍA,UNIVERSIDAD DE LOS ANDES,13,15,20,20,35,0,,10.0,N,500,550.0,60,,,,N,,,N,2.0,N,,0,N,0,13,,N
2026,43016,43,TERAPIA OCUPACIONAL,UNIVERSIDAD DE LOS ANDES,13,15,20,25,30,0,,10.0,N,500,540.0,35,5.0,,,N,,,N,2.0,N,,0,N,0,13,,N
2026,43017,43,NUTRICIÓN Y DIETÉTICA,UNIVERSIDAD DE LOS ANDES,13,15,25,20,30,0,,10.0,N,500,550.0,44,4.0,,,N,,,N,2.0,N,,0,N,0,13,,N
2026,43018,43,ODONTOLOGÍA,UNIVERSIDAD DE LOS ANDES,13,20,20,15,30,0,,15.0,N,500,660.0,65,13.0,,,N,,,N,2.0,N,,0,N,0,13,,N
2026,43019,43,ADMINISTRACIÓN DE SERVICIOS,UNIVERSIDAD DE LOS ANDES,13,10,15,25,40,0,10.0,10.0,N,500,600.0,25,5.0,,,N,,,S,2.0,N,,0,N,0,13,,N
2026,43020,43,PEDAGOGÍA BÁSICA CON MECIONES,UNIVERSIDAD DE LOS ANDES,13,20,25,25,20,0,10.0,10.0,N,502,550.0,25,5.0,,,N,,,S,5.0,S,,0,N,0,13,,N
2026,43023,43,EDUCACIÓN DE PÁRVULOS CON MENCIONES,UNIVERSIDAD DE LOS ANDES,13,20,25,25,20,0,10.0,10.0,N,502,550.0,30,5.0,,,N,,,S,5.0,S,,0,N,0,13,,N
2026,43024,43,ENFERMERÍA,UNIVERSIDAD DE LOS ANDES,13,20,20,20,30,0,,10.0,N,500,620.0,95,10.0,,,N,,,N,1.0,N,,0,N,0,13,,N
2026,43025,43,PSICOLOGÍA,UNIVERSIDAD DE LOS ANDES,13,20,25,20,20,0,15.0,15.0,N,500,620.0,80,10.0,,,N,,,S,2.0,N,,0,N,0,13,,N
2026,43026,43,FILOSOFÍA,UNIVERSIDAD DE LOS ANDES,13,10,20,30,20,0,20.0,20.0,N,500,630.0,10,5.0,,,N,,,S,2.0,N,,0,N,0,13,,N
2026,43027,43,HISTORIA,UNIVERSIDAD DE LOS ANDES,13,10,15,30,10,0,35.0,,N,500,600.0,10,5.0,,,N,,,N,2.0,N,,0,N,0,13,,N
2026,43028,43,LITERATURA,UNIVERSIDAD DE LOS ANDES,13,25,25,25,15,0,10.0,10.0,N,500,600.0,10,5.0,,,N,,,S,2.0,N,,0,N,0,13,,N
2026,43030,43,BACHILLERATO DE ENFERMERÍA,UNIVERSIDAD DE LOS ANDES,13,20,20,20,30,0,,10.0,N,500,580.0,40,12.0,,,N,,,N,2.0,N,,0,N,0,13,,N
2026,43032,43,OBSTETRICIA Y PUERICULTURA,UNIVERSIDAD DE LOS ANDES,13,20,20,20,30,0,,10.0,N,500,620.0,36,,,,N,,,N,1.0,N,,0,N,0,13,,N
2026,43034,43,BACHILLERATO DE PSICOLOGÍA,UNIVERSIDAD DE LOS ANDES,13,20,25,20,20,0,15.0,15.0,N,500,550.0,35,,,,N,,,S,2.0,N,,0,N,0,13,,N
2026,43035,43,BACHILLERATO DE OBSTETRICIA Y PUERICULTURA,UNIVERSIDAD DE LOS ANDES,13,20,20,20,30,0,,10.0,N,500,580.0,15,5.0,,,N,,,N,2.0,N,,0,N,0,13,,N
2026,43036,43,PERIODISMO Y COMUNICACIÓN ESTRATÉGICA,UNIVERSIDAD DE LOS ANDES,13,10,20,40,20,0,10.0,10.0,N,500,550.0,56,,,,N,,,S,5.0,N,,0,N,0,13,,N
2026,43037,43,MARKETING Y PUBLICIDAD,UNIVERSIDAD DE LOS ANDES,13,10,25,40,15,0,10.0,10.0,N,500,550.0,40,,,,N,,,S,5.0,N,,0,N,0,13,,N
2026,43039,43,PEDAGOGÍA BÁSICA BILINGÜE INGLÉS/ESPAÑOL,UNIVERSIDAD DE LOS ANDES,13,10,15,30,35,0,10.0,10.0,N,502,550.0,50,,,,N,,,S,5.0,S,,0,N,0,13,,N
2026,43040,43,INTERNATIONAL BUSINESS,UNIVERSIDAD DE LOS ANDES,13,10,25,10,40,5,10.0,10.0,S,600,610.0,80,5.0,,,S,EXCLUYE,,S,,N,,0,N,0,13,,N
2026,43041,43,DERECHO Y FILOSOFÍA,UNIVERSIDAD DE LOS ANDES,13,10,15,30,20,0,25.0,,N,500,790.0,10,,,,N,,,N,,N,,0,N,0,13,,N
2026,43042,43,DERECHO E HISTORIA,UNIVERSIDAD DE LOS ANDES,13,10,15,30,20,0,25.0,,N,500,790.0,10,,,,N,,,N,,N,,0,N,0,13,,N
2026,44001,44,ARQUITECTURA,UNIVERSIDAD DEL DESARROLLO,8,10,25,25,30,0,10.0,10.0,N,500,500.0,170,20.0,,,N,,,S,2.0,N,,0,N,0,13,,N
2026,44003,44,CINE Y COMUNICACIÓN AUDIOVISUAL,UNIVERSIDAD DEL DESARROLLO,8,25,25,30,10,0,10.0,10.0,N,500,500.0,90,,,,N,,,S,2.0,N,,0,N,0,13,,N
2026,44004,44,PERIODISMO Y COMUNICACIÓN,UNIVERSIDAD DEL DESARROLLO,8,25,25,30,10,0,10.0,10.0,N,500,500.0,90,,,,N,,,S,2.0,N,,0,N,0,13,,N
2026,44005,44,PUBLICIDAD Y MARKETING,UNIVERSIDAD DEL DESARROLLO,8,25,25,30,10,0,10.0,10.0,N,500,500.0,130,,,,N,,,S,2.0,N,,0,N,0,13,,N
2026,44006,44,DERECHO,UNIVERSIDAD DEL DESARROLLO,8,10,30,40,10,0,10.0,10.0,N,500,500.0,100,20.0,,,N,,,S,2.0,N,,0,N,0,13,,N
2026,44007,44,DISEÑO,UNIVERSIDAD DEL DESARROLLO,8,25,25,20,20,0,10.0,10.0,N,500,500.0,240,,,,N,,,S,2.0,N,,0,N,0,13,,N
2026,44008,44,INGENIERÍA COMERCIAL,UNIVERSIDAD DEL DESARROLLO,8,10,30,10,40,0,10.0,10.0,N,500,500.0,135,10.0,,,N,,,S,2.0,N,,0,N,0,13,,N
2026,44009,44,BACHILLERATO EN INGENIERÍA COMERCIAL,UNIVERSIDAD DEL DESARROLLO,8,10,30,10,40,0,10.0,10.0,N,500,500.0,230,,,,N,,,S,2.0,N,,0,N,0,13,,N
2026,44010,44,BACHILLERATO EN PSICOLOGÍA,UNIVERSIDAD DEL DESARROLLO,8,10,25,35,20,0,10.0,10.0,N,500,500.0,150,,,,N,,,S,2.0,N,,0,N,0,13,,N
2026,44011,44,PEDAGOGÍA EN EDUCACIÓN BÁSICA CON MENCIONES,UNIVERSIDAD DEL DESARROLLO,8,25,25,20,20,0,10.0,10.0,N,500,500.0,50,,,,N,,,S,2.0,S,,0,N,0,13,,N
2026,44012,44,PEDAGOGÍA EN EDUCACIÓN DE PÁRVULOS,UNIVERSIDAD DEL DESARROLLO,8,25,25,25,15,0,10.0,10.0,N,500,500.0,55,,,,N,,,S,2.0,S,,0,N,0,13,,N
2026,44013,44,CIENCIA POLÍTICA Y POLÍTICAS PÚBLICAS,UNIVERSIDAD DEL DESARROLLO,8,10,30,25,20,0,15.0,15.0,N,500,500.0,70,,,,N,,,S,2.0,N,,0,N,0,13,,N
2026,44014,44,INGENIERÍA CIVIL EN OBRAS CIVILES,UNIVERSIDAD DEL DESARROLLO,8,10,25,10,40,5,10.0,10.0,S,500,500.0,50,,,,N,,,S,2.0,N,,0,N,0,13,5.0,S
2026,44015,44,INGENIERÍA CIVIL INDUSTRIAL,UNIVERSIDAD DEL DESARROLLO,8,10,25,10,40,5,10.0,10.0,S,500,500.0,80,,,,N,,,S,2.0,N,,0,N,0,13,5.0,S
2026,44016,44,ENFERMERÍA,UNIVERSIDAD DEL DESARROLLO,8,25,25,20,20,0,10.0,10.0,N,500,550.0,100,40.0,,,N,,,S,2.0,N,,0,N,0,13,,N
2026,44018,44,KINESIOLOGÍA,UNIVERSIDAD DEL DESARROLLO,8,10,35,15,30,0,10.0,10.0,N,500,500.0,120,,,,N,,,S,2.0,N,,0,N,0,13,,N
2026,44019,44,MEDICINA,UNIVERSIDAD DEL DESARROLLO,8,20,20,10,40,0,,10.0,N,500,650.0,90,10.0,,,N,,,N,2.0,N,,0,N,0,13,,N
2026,44020,44,NUTRICIÓN Y DIETÉTICA,UNIVERSIDAD DEL DESARROLLO,8,25,10,30,25,0,10.0,10.0,N,500,500.0,100,,,,N,,,S,2.0,N,,0,N,0,13,,N
2026,44021,44,ODONTOLOGÍA,UNIVERSIDAD DEL DESARROLLO,8,20,20,20,25,0,15.0,15.0,N,500,620.0,120,,,,N,,,S,2.0,N,,0,N,0,13,,N
2026,44022,44,TECNOLOGÍA MÉDICA,UNIVERSIDAD DEL DESARROLLO,8,20,20,20,30,0,10.0,10.0,N,500,500.0,175,,,,N,,,S,2.0,N,,0,N,0,13,,N
2026,44023,44,PSICOLOGÍA,UNIVERSIDAD DEL DESARROLLO,8,25,25,20,20,0,10.0,10.0,N,500,500.0,80,,,,N,,,S,2.0,N,,0,N,0,13,,N
2026,44024,44,ARQUITECTURA,UNIVERSIDAD DEL DESARROLLO,8,10,40,15,25,0,10.0,10.0,N,475,500.0,90,,,,N,,,S,2.0,N,,0,N,0,8,,N
2026,44025,44,PERIODISMO Y COMUNICACIÓN,UNIVERSIDAD DEL DESARROLLO,8,25,25,30,10,0,10.0,10.0,N,475,500.0,70,,,,N,,,S,2.0,N,,0,N,0,8,,N
2026,44026,44,DERECHO,UNIVERSIDAD DEL DESARROLLO,8,20,25,35,10,0,10.0,10.0,N,500,500.0,180,,,,N,,,S,2.0,N,,0,N,0,8,,N
2026,44027,44,DISEÑO,UNIVERSIDAD DEL DESARROLLO,8,10,10,35,35,0,10.0,10.0,N,500,500.0,70,,,,N,,,S,2.0,N,,0,N,0,8,,N
2026,44028,44,INGENIERÍA COMERCIAL,UNIVERSIDAD DEL DESARROLLO,8,20,20,10,40,0,10.0,10.0,N,500,500.0,150,,,,N,,,S,2.0,N,,0,N,0,8,,N
2026,44031,44,INGENIERÍA CIVIL INDUSTRIAL,UNIVERSIDAD DEL DESARROLLO,8,10,25,10,40,5,10.0,10.0,S,500,500.0,150,,,,N,,,S,2.0,N,,0,N,0,8,5.0,S
2026,44032,44,ENFERMERÍA,UNIVERSIDAD DEL DESARROLLO,8,25,25,20,20,0,10.0,10.0,N,475,500.0,120,25.0,,,N,,,S,2.0,N,,0,N,0,8,,N
2026,44034,44,KINESIOLOGÍA,UNIVERSIDAD DEL DESARROLLO,8,20,30,20,20,0,10.0,10.0,N,475,500.0,90,,,,N,,,S,2.0,N,,0,N,0,8,,N
2026,44036,44,ODONTOLOGÍA,UNIVERSIDAD DEL DESARROLLO,8,10,40,15,25,0,10.0,10.0,N,500,500.0,105,10.0,,,N,,,S,2.0,N,,0,N,0,8,,N
2026,44037,44,PSICOLOGÍA,UNIVERSIDAD DEL DESARROLLO,8,25,25,20,20,0,10.0,10.0,N,500,500.0,170,,,,N,,,S,2.0,N,,0,N,0,8,,N
2026,44039,44,INGENIERÍA CIVIL EN MINERÍA,UNIVERSIDAD DEL DESARROLLO,8,10,25,10,40,5,10.0,10.0,S,500,500.0,100,,,,N,,,S,2.0,N,,0,N,0,13,5.0,S
2026,44041,44,GEOLOGÍA,UNIVERSIDAD DEL DESARROLLO,8,10,25,10,45,0,10.0,10.0,N,500,500.0,90,,,,N,,,S,2.0,N,,0,N,0,13,5.0,S
2026,44042,44,"BACHILLERATO EN DERECHO, CIENCIAS SOCIALES Y HUMANIDADES",UNIVERSIDAD DEL DESARROLLO,8,10,30,40,10,0,10.0,10.0,N,500,500.0,100,,,,N,,,S,2.0,N,,0,N,0,13,,N
2026,44043,44,INGENIERÍA CIVIL PLAN COMÚN,UNIVERSIDAD DEL DESARROLLO,8,10,25,10,40,5,10.0,10.0,S,500,500.0,180,,,,N,,,S,2.0,N,,0,N,0,13,5.0,S
2026,44044,44,OBSTETRICIA,UNIVERSIDAD DEL DESARROLLO,8,20,30,20,20,0,10.0,10.0,N,500,500.0,90,10.0,,,N,,,S,2.0,N,,0,N,0,13,,N
2026,44045,44,TERAPIA OCUPACIONAL,UNIVERSIDAD DEL DESARROLLO,8,10,20,35,25,0,10.0,10.0,N,475,500.0,70,,,,N,,,S,2.0,N,,0,N,0,13,,N
2026,44046,44,INGENIERÍA CIVIL EN INFORMÁTICA E INNOVACIÓN TECNOLÓGICA,UNIVERSIDAD DEL DESARROLLO,8,10,25,10,40,5,10.0,10.0,S,500,500.0,25,,,,N,,,S,2.0,N,,0,N,0,13,5.0,S
2026,44047,44,INGENIERÍA CIVIL EN INFORMÁTICA E INNOVACIÓN TECNOLÓGICA,UNIVERSIDAD DEL DESARROLLO,8,10,25,10,40,5,10.0,10.0,S,500,500.0,65,,,,N,,,S,2.0,N,,0,N,0,8,5.0,S
2026,44048,44,GLOBAL BUSINESS ADMINISTRATION,UNIVERSIDAD DEL DESARROLLO,8,10,30,10,40,0,10.0,10.0,N,500,600.0,25,5.0,,,N,,,S,2.0,N,,0,N,0,13,,N
2026,44049,44,NEGOCIOS Y CIENCIA DE DATOS,UNIVERSIDAD DEL DESARROLLO,8,10,30,10,40,0,10.0,10.0,N,500,600.0,20,5.0,,,N,,,S,2.0,N,,0,N,0,13,,N
2026,44050,44,BACHILLERATO EN DISEÑO,UNIVERSIDAD DEL DESARROLLO,8,10,10,35,35,0,10.0,10.0,N,500,500.0,45,,,,N,,,S,2.0,N,,0,N,0,13,,N
2026,44051,44,INGENIERÍA CIVIL EN BIOMEDICINA,UNIVERSIDAD DEL DESARROLLO,8,10,25,10,40,5,10.0,10.0,S,500,650.0,25,,,,N,,,S,2.0,N,,0,N,0,13,5.0,S
2026,44052,44,INGENIERÍA CIVIL EN INFORMÁTICA E INTELIGENCIA ARTIFICIAL,UNIVERSIDAD DEL DESARROLLO,8,10,25,10,40,5,10.0,10.0,S,500,500.0,25,,,,N,,,S,2.0,N,,0,N,0,13,5.0,S
2026,44053,44,QUÍMICA Y FARMACIA,UNIVERSIDAD DEL DESARROLLO,8,20,30,10,30,0,10.0,10.0,N,500,550.0,50,5.0,,,N,,,S,2.0,N,,0,N,0,13,,N
2026,44054,44,BACHILLERATO EN ENFERMERÍA,UNIVERSIDAD DEL DESARROLLO,8,25,25,20,20,0,10.0,10.0,N,500,500.0,45,,,,N,,,S,2.0,N,,0,N,0,13,,N
2026,45001,45,INGENIERÍA COMERCIAL,UNIVERSIDAD ALBERTO HURTADO,13,10,35,10,25,0,20.0,20.0,N,458,,145,50.0,,,N,,,S,2.0,N,,0,S,28,13,,N
2026,45002,45,SOCIOLOGÍA,UNIVERSIDAD ALBERTO HURTADO,13,10,40,10,25,0,15.0,15.0,N,458,,40,20.0,,,N,,,S,2.0,N,,0,S,20,13,,N
2026,45004,45,TRABAJO SOCIAL,UNIVERSIDAD ALBERTO HURTADO,13,10,40,20,20,0,10.0,10.0,N,458,,85,20.0,,,N,,,S,2.0,N,,0,S,20,13,,N
2026,45005,45,PSICOLOGÍA,UNIVERSIDAD ALBERTO HURTADO,13,10,20,30,30,0,10.0,10.0,N,570,,190,30.0,,,N,,,S,2.0,N,,0,S,12,13,,N
2026,45006,45,PERIODISMO,UNIVERSIDAD ALBERTO HURTADO,13,10,35,30,15,0,10.0,10.0,N,458,,60,25.0,,,N,,,S,2.0,N,,0,S,19,13,,N
2026,45008,45,PEDAGOGÍA EN EDUCACIÓN BÁSICA,UNIVERSIDAD ALBERTO HURTADO,13,10,40,25,15,0,10.0,10.0,N,458,,30,10.0,,,N,,,S,2.0,S,,1,S,16,13,,N
2026,45009,45,DERECHO,UNIVERSIDAD ALBERTO HURTADO,13,10,30,25,10,0,25.0,,N,500,,210,50.0,,,N,,,N,2.0,N,,0,S,30,13,,N
2026,45010,45,LICENCIATURA EN FILOSOFÍA,UNIVERSIDAD ALBERTO HURTADO,13,10,35,30,15,0,10.0,10.0,N,458,,10,5.0,,,N,,,S,2.0,N,,0,S,18,13,,N
2026,45011,45,LICENCIATURA EN LENGUA Y LITERATURA,UNIVERSIDAD ALBERTO HURTADO,13,10,35,25,15,0,15.0,15.0,N,458,,20,10.0,,,N,,,S,2.0,N,,0,S,20,13,,N
2026,45014,45,BACHILLERATO EN HUMANIDADES,UNIVERSIDAD ALBERTO HURTADO,13,10,40,20,15,0,15.0,15.0,N,458,,60,10.0,,,N,,,S,2.0,N,,0,S,18,13,,N
2026,45016,45,EDUCACIÓN PARVULARIA,UNIVERSIDAD ALBERTO HURTADO,13,10,40,25,15,0,10.0,10.0,N,458,,35,20.0,,,N,,,S,2.0,S,,1,S,16,13,,N
2026,45017,45,LICENCIATURA EN HISTORIA,UNIVERSIDAD ALBERTO HURTADO,13,10,40,15,10,0,25.0,,N,458,,20,10.0,,,N,,,N,2.0,N,,0,S,18,13,,N
2026,45018,45,PEDAGOGÍA EN FILOSOFÍA,UNIVERSIDAD ALBERTO HURTADO,13,10,35,30,15,0,10.0,10.0,N,458,,10,5.0,,,N,,,S,2.0,S,,1,S,18,13,,N
2026,45019,45,PEDAGOGÍA EN LENGUA CASTELLANA Y COMUNICACIÓN,UNIVERSIDAD ALBERTO HURTADO,13,10,35,30,15,0,10.0,10.0,N,458,,45,20.0,,,N,,,S,2.0,S,,1,S,19,13,,N
2026,45020,45,PEDAGOGÍA EN HISTORIA Y CIENCIAS SOCIALES,UNIVERSIDAD ALBERTO HURTADO,13,10,35,20,10,0,25.0,,N,458,,65,15.0,,,N,,,N,2.0,S,,1,S,19,13,,N
2026,45021,45,PEDAGOGÍA EN INGLÉS,UNIVERSIDAD ALBERTO HURTADO,13,10,35,35,10,0,10.0,10.0,N,458,,90,15.0,,,N,,,S,2.0,S,,1,S,18,13,,N
2026,45024,45,CIENCIA POLÍTICA Y RELACIONES INTERNACIONALES,UNIVERSIDAD ALBERTO HURTADO,13,10,40,20,20,0,10.0,,N,458,,100,25.0,,,N,,,N,2.0,N,,0,S,25,13,,N
2026,45025,45,PEDAGOGÍA EN MÚSICA,UNIVERSIDAD ALBERTO HURTADO,13,10,40,25,15,0,10.0,10.0,N,458,,70,20.0,,,N,,,S,2.0,S,,1,S,19,13,,N
2026,45028,45,"GESTIÓN DE INFORMACIÓN, BIBLIOTECOLOGÍA Y ARCHIVÍSTICA",UNIVERSIDAD ALBERTO HURTADO,13,10,40,30,10,0,10.0,10.0,N,458,,20,5.0,,,N,,,S,2.0,N,,0,S,20,13,,N
2026,45029,45,PEDAGOGÍA EN MATEMÁTICA,UNIVERSIDAD ALBERTO HURTADO,13,10,20,20,35,5,10.0,10.0,S,458,,25,15.0,,,N,,,S,2.0,S,,1,S,19,13,,N
2026,45031,45,ANTROPOLOGÍA,UNIVERSIDAD ALBERTO HURTADO,13,10,35,25,10,0,20.0,20.0,N,458,,55,15.0,,,N,,,S,2.0,N,,0,S,20,13,,N
2026,45033,45,GEOGRAFÍA,UNIVERSIDAD ALBERTO HURTADO,13,10,35,15,20,0,20.0,20.0,N,458,,20,10.0,,,N,,,S,2.0,N,,0,S,20,13,,N
2026,45034,45,LICENCIATURA EN TEORÍA E HISTORIA DEL ARTE,UNIVERSIDAD ALBERTO HURTADO,13,10,40,20,15,0,15.0,,N,458,,20,10.0,,,N,,,N,2.0,N,,0,S,20,13,,N
2026,45035,45,PEDAGOGÍA EN ARTES VISUALES,UNIVERSIDAD ALBERTO HURTADO,13,10,40,25,15,0,10.0,,N,458,,40,15.0,,,N,,,N,2.0,S,,1,S,16,13,,N
2026,45036,45,ARQUEOLOGÍA,UNIVERSIDAD ALBERTO HURTADO,13,10,35,20,15,0,20.0,20.0,N,458,,90,25.0,,,N,,,S,2.0,N,,0,S,20,13,,N
2026,45037,45,ADMINISTRACIÓN PÚBLICA,UNIVERSIDAD ALBERTO HURTADO,13,10,40,20,15,0,15.0,,N,458,,75,25.0,,,N,,,N,2.0,N,,0,S,20,13,,N
2026,45038,45,PEDAGOGIA EN EDUCACION DIFERENCIAL CON MENCION EN DIFICULTADES DEL APRENDIZAJE ESCOLAR,UNIVERSIDAD ALBERTO HURTADO,13,10,35,25,20,0,10.0,10.0,N,458,,45,10.0,,,N,,,S,2.0,S,,1,S,16,13,,N
2026,45039,45,PEDAGOGÍA EN BIOLOGÍA Y CIENCIAS NATURALES EN EDUCACIÓN MEDIA,UNIVERSIDAD ALBERTO HURTADO,13,10,40,15,15,0,,20.0,N,458,,10,10.0,,,N,,,N,2.0,S,,1,S,16,13,,N
2026,45041,45,CONTADOR PÚBLICO AUDITOR,UNIVERSIDAD ALBERTO HURTADO,13,10,40,20,20,0,10.0,10.0,N,458,,45,30.0,,,N,,,S,2.0,N,,0,S,25,13,,N
2026,45046,45,INGENIERÍA CIVIL PLAN COMÚN,UNIVERSIDAD ALBERTO HURTADO,13,10,35,10,30,5,10.0,10.0,S,458,,110,50.0,,,N,,,S,2.0,N,,0,S,27,13,6.0,S
2026,46101,46,PEDAGOGÍA EN EDUCACIÓN BÁSICA,UNIVERSIDAD CATOLICA SILVA HENRIQUEZ,13,30,40,10,10,0,10.0,10.0,N,458,,45,20.0,,,N,,,S,2.0,S,,0,S,30,13,,N
2026,46103,46,EDUCACIÓN PARVULARIA,UNIVERSIDAD CATOLICA SILVA HENRIQUEZ,13,30,40,10,10,0,10.0,10.0,N,458,,45,20.0,,,N,,,S,2.0,S,,0,S,20,13,,N
2026,46104,46,PEDAGOGÍA EN EDUCACIÓN DIFERENCIAL,UNIVERSIDAD CATOLICA SILVA HENRIQUEZ,13,30,40,10,10,0,10.0,10.0,N,458,,50,10.0,,,N,,,S,2.0,S,,0,S,30,13,,N
2026,46105,46,PEDAGOGÍA EN CASTELLANO,UNIVERSIDAD CATOLICA SILVA HENRIQUEZ,13,30,40,10,10,0,10.0,,N,458,,35,10.0,,,N,,,N,2.0,S,,0,S,30,13,,N
2026,46106,46,PEDAGOGÍA EN HISTORIA Y GEOGRAFÍA,UNIVERSIDAD CATOLICA SILVA HENRIQUEZ,13,30,40,10,10,0,10.0,,N,458,,35,10.0,,,N,,,N,2.0,S,,0,S,20,13,,N
2026,46107,46,PEDAGOGÍA EN EDUCACIÓN FÍSICA,UNIVERSIDAD CATOLICA SILVA HENRIQUEZ,13,30,40,10,10,0,10.0,10.0,N,458,,50,20.0,,,N,,,S,2.0,S,,0,S,35,13,,N
2026,46110,46,PEDAGOGÍA EN EDUCACIÓN ARTÍSTICA MENCIÓN ARTES MUSICALES O ARTES VISUALES,UNIVERSIDAD CATOLICA SILVA HENRIQUEZ,13,30,40,10,10,0,10.0,10.0,N,458,,25,15.0,,,N,,,S,2.0,S,,0,S,20,13,,N
2026,46120,46,ENTRENADOR DEPORTIVO,UNIVERSIDAD CATOLICA SILVA HENRIQUEZ,13,30,40,10,10,0,10.0,10.0,N,458,,90,10.0,,,N,,,S,2.0,N,,0,S,20,13,,N
2026,46301,46,TRABAJO SOCIAL,UNIVERSIDAD CATOLICA SILVA HENRIQUEZ,13,30,40,10,10,0,10.0,10.0,N,458,,50,20.0,,,N,,,S,2.0,N,,0,S,30,13,,N
2026,46302,46,SOCIOLOGÍA,UNIVERSIDAD CATOLICA SILVA HENRIQUEZ,13,30,40,10,10,0,10.0,10.0,N,458,,20,10.0,,,N,,,S,2.0,N,,0,S,28,13,,N
2026,46303,46,INGENIERÍA COMERCIAL,UNIVERSIDAD CATOLICA SILVA HENRIQUEZ,13,30,40,10,10,0,10.0,10.0,N,458,,100,10.0,,,N,,,S,2.0,N,,0,S,25,13,,N
2026,46304,46,CONTADOR PÚBLICO Y AUDITOR,UNIVERSIDAD CATOLICA SILVA HENRIQUEZ,13,30,40,10,10,0,10.0,10.0,N,458,,50,10.0,,,N,,,S,2.0,N,,0,S,30,13,,N
2026,46305,46,PSICOLOGÍA,UNIVERSIDAD CATOLICA SILVA HENRIQUEZ,13,30,40,10,10,0,10.0,10.0,N,458,,280,40.0,,,N,,,S,2.0,N,,0,S,15,13,,N
2026,46306,46,DERECHO,UNIVERSIDAD CATOLICA SILVA HENRIQUEZ,13,30,40,10,10,0,10.0,,N,458,,100,20.0,,,N,,,N,2.0,N,,0,S,35,13,,N
2026,46313,46,ADMINISTRACIÓN PÚBLICA,UNIVERSIDAD CATOLICA SILVA HENRIQUEZ,13,30,40,10,10,0,10.0,10.0,N,458,,45,10.0,,,N,,,S,2.0,N,,0,S,15,13,,N
2026,46401,46,KINESIOLOGÍA,UNIVERSIDAD CATOLICA SILVA HENRIQUEZ,13,30,40,10,10,0,,10.0,N,458,,160,20.0,,,N,,,N,2.0,N,,0,S,15,13,,N
2026,46402,46,FONOAUDIOLOGÍA,UNIVERSIDAD CATOLICA SILVA HENRIQUEZ,13,30,40,10,10,0,10.0,10.0,N,458,,45,10.0,,,N,,,S,2.0,N,,0,S,25,13,,N
2026,46403,46,ENFERMERÍA,UNIVERSIDAD CATOLICA SILVA HENRIQUEZ,13,30,40,10,10,0,,10.0,N,458,,140,20.0,,,N,,,N,2.0,N,,0,S,30,13,,N
2026,46405,46,NUTRICIÓN Y DIETÉTICA,UNIVERSIDAD CATOLICA SILVA HENRIQUEZ,13,30,40,10,10,0,10.0,10.0,N,458,,45,10.0,,,N,,,S,2.0,N,,0,S,20,13,,N
2026,46406,46,TERAPIA OCUPACIONAL,UNIVERSIDAD CATOLICA SILVA HENRIQUEZ,13,30,40,10,10,0,10.0,10.0,N,458,,60,10.0,,,N,,,S,2.0,N,,0,S,20,13,,N
2026,46500,46,BACHILLERATO EN CIENCIAS Y HUMANIDADES,UNIVERSIDAD CATOLICA SILVA HENRIQUEZ,13,30,40,10,10,0,10.0,10.0,N,458,,20,2.0,,,N,,,S,2.0,N,,0,S,5,13,2.0,S
2026,46501,46,INGENIERÍA CIVIL EN COMPUTACIÓN E INFORMÁTICA,UNIVERSIDAD CATOLICA SILVA HENRIQUEZ,13,25,40,10,10,5,10.0,10.0,S,458,,100,10.0,,,N,,,S,2.0,N,,0,S,40,13,5.0,S
2026,46502,46,INGENIERÍA CIVIL INDUSTRIAL,UNIVERSIDAD CATOLICA SILVA HENRIQUEZ,13,25,40,10,10,5,10.0,10.0,S,458,,100,10.0,,,N,,,S,2.0,N,,0,S,30,13,5.0,S
2026,46504,46,INGENIERÍA EN CONTROL DE GESTIÓN,UNIVERSIDAD CATOLICA SILVA HENRIQUEZ,13,30,40,10,10,0,10.0,10.0,N,458,,30,10.0,,,N,,,S,2.0,N,,0,S,20,13,,N
2026,46505,46,PEDAGOGÍA EN MATEMÁTICAS,UNIVERSIDAD CATOLICA SILVA HENRIQUEZ,13,25,40,10,10,5,10.0,10.0,S,458,,25,10.0,,,N,,,S,2.0,S,,0,S,30,13,,N
2026,47001,47,PEDAGOGÍA EN EDUCACIÓN PARVULARIA,UNIVERSIDAD DE O'HIGGINS,6,10,40,25,15,0,10.0,10.0,N,458,,65,20.0,,,N,,,S,10.0,S,,0,S,50,6,,N
2026,47002,47,PEDAGOGÍA EN EDUCACIÓN BÁSICA,UNIVERSIDAD DE O'HIGGINS,6,10,40,20,20,0,10.0,10.0,N,458,,65,32.0,,,N,,,S,10.0,S,,0,S,50,6,,N
2026,47003,47,PEDAGOGÍA EN INGLÉS PARA ENSEÑANZA BÁSICA Y MEDIA,UNIVERSIDAD DE O'HIGGINS,6,10,40,30,10,0,10.0,10.0,N,458,,95,25.0,,,N,,,S,5.0,S,,0,S,50,6,,N
2026,47004,47,PEDAGOGÍA EN LENGUAJE Y COMUNICACIÓN,UNIVERSIDAD DE O'HIGGINS,6,10,40,30,10,0,10.0,10.0,N,458,,60,15.0,,,N,,,S,10.0,S,,0,S,50,6,,N
2026,47005,47,PEDAGOGÍA EN MATEMÁTICA,UNIVERSIDAD DE O'HIGGINS,6,10,40,10,25,5,10.0,10.0,S,458,,30,38.0,,,N,,,S,10.0,S,,0,S,50,6,,N
2026,47006,47,PEDAGOGÍA EN EDUCACIÓN ESPECIAL CON MENCIONES,UNIVERSIDAD DE O'HIGGINS,6,10,40,25,15,0,10.0,10.0,N,458,,90,30.0,,,N,,,S,10.0,S,,0,S,50,6,,N
2026,47007,47,PEDAGOGÍA EN CIENCIAS NATURALES CON MENCIONES,UNIVERSIDAD DE O'HIGGINS,6,10,40,20,15,0,,15.0,N,458,,30,31.0,,,N,,,N,10.0,S,,0,S,50,6,,N
2026,47101,47,INGENIERÍA AGRONÓMICA (SAN FERNANDO),UNIVERSIDAD DE O'HIGGINS,6,10,40,20,20,0,,10.0,N,458,,70,32.0,,,N,,,N,10.0,N,,0,S,129,6,,N
2026,47131,47,INGENIERÍA AMBIENTAL (SAN FERNANDO),UNIVERSIDAD DE O'HIGGINS,6,10,40,20,15,5,,10.0,S,458,,30,43.0,,,N,,,N,10.0,N,,0,S,129,6,6.0,S
2026,47151,47,MEDICINA VETERINARIA (SAN FERNANDO),UNIVERSIDAD DE O'HIGGINS,6,10,30,20,20,0,,20.0,N,458,,85,17.0,,,N,,,N,5.0,N,,0,S,40,6,,N
2026,47201,47,INGENIERÍA CIVIL - PLAN COMÚN,UNIVERSIDAD DE O'HIGGINS,6,10,30,15,30,5,,10.0,S,458,,280,20.0,,,N,,,N,10.0,N,,0,S,224,6,50.0,S
2026,47301,47,ENFERMERÍA,UNIVERSIDAD DE O'HIGGINS,6,10,40,15,20,0,,15.0,N,458,,120,10.0,,,N,,,N,4.0,N,,0,S,15,6,,N
2026,47302,47,MEDICINA,UNIVERSIDAD DE O'HIGGINS,6,10,40,15,25,0,,10.0,N,458,,80,3.0,,,N,,,N,1.0,N,,0,S,8,6,,N
2026,47303,47,TERAPIA OCUPACIONAL,UNIVERSIDAD DE O'HIGGINS,6,10,40,15,20,0,,15.0,N,458,,80,13.0,,,N,,,N,3.0,N,,0,S,35,6,,N
2026,47304,47,NUTRICIÓN Y DIETÉTICA,UNIVERSIDAD DE O'HIGGINS,6,10,40,15,20,0,,15.0,N,458,,65,12.0,,,N,,,N,2.0,N,,0,S,25,6,,N
2026,47305,47,KINESIOLOGÍA,UNIVERSIDAD DE O'HIGGINS,6,10,40,15,20,0,,15.0,N,458,,65,8.0,,,N,,,N,1.0,N,,0,S,15,6,,N
2026,47306,47,TECNOLOGÍA MÉDICA,UNIVERSIDAD DE O'HIGGINS,6,10,40,15,20,0,,15.0,N,458,,65,8.0,,,N,,,N,2.0,N,,0,S,15,6,,N
2026,47401,47,ADMINISTRACIÓN PÚBLICA,UNIVERSIDAD DE O'HIGGINS,6,10,40,20,15,0,15.0,,N,458,,120,38.0,,,N,,,N,10.0,N,,0,S,47,6,,N
2026,47431,47,DERECHO,UNIVERSIDAD DE O'HIGGINS,6,10,40,25,10,0,15.0,,N,458,,150,25.0,,,N,,,N,10.0,N,,0,S,154,6,,N
2026,47461,47,INGENIERÍA COMERCIAL,UNIVERSIDAD DE O'HIGGINS,6,10,30,20,30,0,10.0,10.0,N,458,,150,27.0,,,N,,,S,10.0,N,,0,S,45,6,,N
2026,47462,47,CONTABILIDAD Y AUDITORÍA,UNIVERSIDAD DE O'HIGGINS,6,10,30,20,30,0,10.0,10.0,N,458,,150,30.0,,,N,,,S,10.0,N,,0,S,40,6,,N
2026,47491,47,PSICOLOGÍA,UNIVERSIDAD DE O'HIGGINS,6,10,30,25,25,0,10.0,10.0,N,458,,100,14.0,,,N,,,S,5.0,N,,0,S,20,6,,N
2026,48001,48,ENFERMERÍA,UNIVERSIDAD DE AYSEN,11,10,40,10,30,0,10.0,10.0,N,465,465.0,37,10.0,,,N,,,S,1.0,N,,0,S,7,11,,N
2026,48002,48,OBSTETRICIA,UNIVERSIDAD DE AYSEN,11,10,40,10,30,0,10.0,10.0,N,465,465.0,26,8.0,,,N,,,S,1.0,N,,0,S,5,11,,N
2026,48003,48,INGENIERIA CIVIL EN ENERGIAS RENOVABLES,UNIVERSIDAD DE AYSEN,11,10,40,10,25,5,,10.0,S,458,458.0,20,5.0,,,N,,,N,1.0,N,,0,S,4,11,3.0,S
2026,48004,48,INGENIERÍA CIVIL INDUSTRIAL,UNIVERSIDAD DE AYSEN,11,10,40,10,25,5,,10.0,S,458,458.0,20,5.0,,,N,,,N,1.0,N,,0,S,4,11,4.0,S
2026,48005,48,INGENIERIA FORESTAL,UNIVERSIDAD DE AYSEN,11,10,40,10,30,0,,10.0,N,458,458.0,15,5.0,,,N,,,N,1.0,N,,0,S,8,11,,N
2026,48006,48,AGRONOMÍA,UNIVERSIDAD DE AYSEN,11,10,40,10,30,0,,10.0,N,458,458.0,15,5.0,,,N,,,N,1.0,N,,0,S,5,11,,N
2026,48007,48,ADMINISTRACIÓN PÚBLICA,UNIVERSIDAD DE AYSEN,11,10,40,20,20,0,10.0,10.0,N,458,458.0,25,5.0,,,N,,,S,1.0,N,,0,S,5,11,,N
2026,48008,48,TRABAJO SOCIAL,UNIVERSIDAD DE AYSEN,11,10,40,25,10,0,15.0,,N,458,458.0,20,8.0,,,N,,,N,1.0,N,,0,S,4,11,,N
2026,48009,48,PSICOLOGIA,UNIVERSIDAD DE AYSEN,11,10,40,25,15,0,10.0,10.0,N,458,458.0,38,10.0,,,N,,,S,1.0,N,,0,S,6,11,,N
2026,48010,48,INGENIERÍA CIVIL INFORMÁTICA,UNIVERSIDAD DE AYSEN,11,10,40,10,25,5,,10.0,S,458,458.0,20,5.0,,,N,,,N,1.0,N,,0,S,4,11,4.0,S
2026,48011,48,INGENIERÍA COMERCIAL,UNIVERSIDAD DE AYSEN,11,10,40,15,25,0,10.0,10.0,N,458,458.0,30,10.0,,,N,,,S,1.0,N,,0,S,5,11,,N
2026,48012,48,TERAPIA OCUPACIONAL,UNIVERSIDAD DE AYSEN,11,10,40,10,30,0,10.0,10.0,N,458,458.0,30,8.0,,,N,,,S,1.0,N,,0,S,4,11,,N
2026,48013,48,DERECHO,UNIVERSIDAD DE AYSEN,11,10,40,20,10,0,20.0,,N,458,458.0,30,7.0,,,N,,,N,1.0,N,,0,S,5,11,,N
2026,49001,49,ENFERMERÍA,UNIVERSIDAD AUTONOMA DE CHILE,9,10,20,35,25,0,10.0,10.0,N,458,,85,25.0,,,N,,,S,2.0,N,,0,N,0,13,,N
2026,49002,49,FONOAUDIOLOGÍA,UNIVERSIDAD AUTONOMA DE CHILE,9,10,30,30,20,0,10.0,10.0,N,458,,45,15.0,,,N,,,S,2.0,N,,0,N,0,13,,N
2026,49003,49,KINESIOLOGÍA,UNIVERSIDAD AUTONOMA DE CHILE,9,10,20,30,30,0,10.0,10.0,N,458,,80,15.0,,,N,,,S,2.0,N,,0,N,0,13,,N
2026,49004,49,MEDICINA,UNIVERSIDAD AUTONOMA DE CHILE,9,10,20,35,25,0,,10.0,N,625,625.0,50,10.0,,,N,,,N,2.0,N,,0,N,0,13,,N
2026,49005,49,NUTRICIÓN Y DIETÉTICA,UNIVERSIDAD AUTONOMA DE CHILE,9,10,20,30,30,0,10.0,10.0,N,458,,95,30.0,,,N,,,S,2.0,N,,0,N,0,13,,N
2026,49006,49,OBSTETRICIA Y PUERICULTURA,UNIVERSIDAD AUTONOMA DE CHILE,9,10,20,35,25,0,10.0,10.0,N,458,,45,15.0,,,N,,,S,2.0,N,,0,N,0,13,,N
2026,49008,49,QUÍMICA Y FARMACIA,UNIVERSIDAD AUTONOMA DE CHILE,9,10,25,25,30,0,10.0,10.0,N,458,,90,25.0,,,N,,,S,2.0,N,,0,N,0,13,,N
2026,49009,49,TERAPIA OCUPACIONAL,UNIVERSIDAD AUTONOMA DE CHILE,9,10,30,35,15,0,10.0,10.0,N,458,,100,25.0,,,N,,,S,2.0,N,,0,N,0,13,,N
2026,49010,49,INGENIERÍA EN CONTROL DE GESTIÓN,UNIVERSIDAD AUTONOMA DE CHILE,9,10,30,20,30,0,10.0,10.0,N,458,,60,15.0,,,N,,,S,2.0,N,,0,N,0,13,,N
2026,49011,49,INGENIERÍA COMERCIAL,UNIVERSIDAD AUTONOMA DE CHILE,9,10,30,20,30,0,10.0,10.0,N,458,,120,45.0,,,N,,,S,2.0,N,,0,N,0,13,,N
2026,49012,49,DERECHO,UNIVERSIDAD AUTONOMA DE CHILE,9,10,30,40,10,0,10.0,10.0,N,458,,120,35.0,,,N,,,S,2.0,N,,0,N,0,13,,N
2026,49013,49,ADMINISTRACIÓN PÚBLICA,UNIVERSIDAD AUTONOMA DE CHILE,9,10,30,30,20,0,10.0,10.0,N,458,,40,30.0,,,N,,,S,2.0,N,,0,N,0,13,,N
2026,49014,49,PSICOLOGÍA,UNIVERSIDAD AUTONOMA DE CHILE,9,10,30,40,10,0,10.0,10.0,N,458,,125,30.0,,,N,,,S,2.0,N,,0,N,0,13,,N
2026,49015,49,PUBLICIDAD Y COMUNICACIÓN INTEGRAL,UNIVERSIDAD AUTONOMA DE CHILE,9,10,30,40,10,0,10.0,10.0,N,458,,95,20.0,,,N,,,S,2.0,N,,0,N,0,13,,N
2026,49016,49,INGENIERÍA CIVIL INDUSTRIAL,UNIVERSIDAD AUTONOMA DE CHILE,9,10,30,20,25,5,10.0,10.0,S,458,,80,20.0,,,N,,,S,2.0,N,,0,N,0,13,8.0,S
2026,49017,49,INGENIERÍA CIVIL INFORMÁTICA,UNIVERSIDAD AUTONOMA DE CHILE,9,10,30,20,25,5,10.0,10.0,S,458,,125,20.0,,,N,,,S,2.0,N,,0,N,0,13,13.0,S
2026,49022,49,INGENIERÍA CIVIL QUÍMICA,UNIVERSIDAD AUTONOMA DE CHILE,9,10,30,20,25,5,10.0,10.0,S,458,,35,5.0,,,N,,,S,2.0,N,,0,N,0,13,4.0,S
2026,49023,49,PERIODISMO,UNIVERSIDAD AUTONOMA DE CHILE,9,10,30,40,10,0,10.0,10.0,N,458,,45,15.0,,,N,,,S,2.0,N,,0,N,0,13,,N
2026,49029,49,INGENIERÍA CIVIL PLAN COMÚN,UNIVERSIDAD AUTONOMA DE CHILE,9,10,30,20,25,5,10.0,10.0,S,458,,55,10.0,,,N,,,S,2.0,N,,0,N,0,13,6.0,S
2026,49101,49,ENFERMERÍA,UNIVERSIDAD AUTONOMA DE CHILE,9,10,20,35,25,0,10.0,10.0,N,458,,85,20.0,,,N,,,S,2.0,N,,0,N,0,13,,N
2026,49102,49,FONOAUDIOLOGÍA,UNIVERSIDAD AUTONOMA DE CHILE,9,10,30,30,20,0,10.0,10.0,N,458,,40,25.0,,,N,,,S,2.0,N,,0,N,0,13,,N
2026,49103,49,KINESIOLOGÍA,UNIVERSIDAD AUTONOMA DE CHILE,9,10,20,30,30,0,10.0,10.0,N,458,,75,15.0,,,N,,,S,2.0,N,,0,N,0,13,,N
2026,49104,49,NUTRICIÓN Y DIETÉTICA,UNIVERSIDAD AUTONOMA DE CHILE,9,10,20,30,30,0,10.0,10.0,N,458,,85,35.0,,,N,,,S,2.0,N,,0,N,0,13,,N
2026,49105,49,TERAPIA OCUPACIONAL,UNIVERSIDAD AUTONOMA DE CHILE,9,10,30,35,15,0,10.0,10.0,N,458,,95,20.0,,,N,,,S,2.0,N,,0,N,0,13,,N
2026,49106,49,INGENIERÍA EN CONSTRUCCIÓN,UNIVERSIDAD AUTONOMA DE CHILE,9,10,30,20,25,5,10.0,10.0,S,458,,50,10.0,,,N,,,S,2.0,N,,0,N,0,13,5.0,S
2026,49107,49,INGENIERÍA COMERCIAL,UNIVERSIDAD AUTONOMA DE CHILE,9,10,30,20,30,0,10.0,10.0,N,458,,50,30.0,,,N,,,S,2.0,N,,0,N,0,13,,N
2026,49108,49,DERECHO,UNIVERSIDAD AUTONOMA DE CHILE,9,10,30,40,10,0,10.0,10.0,N,458,,110,45.0,,,N,,,S,2.0,N,,0,N,0,13,,N
2026,49109,49,PSICOLOGÍA,UNIVERSIDAD AUTONOMA DE CHILE,9,10,30,40,10,0,10.0,10.0,N,458,,130,25.0,,,N,,,S,2.0,N,,0,N,0,13,,N
2026,49110,49,TRABAJO SOCIAL,UNIVERSIDAD AUTONOMA DE CHILE,9,10,30,40,10,0,10.0,10.0,N,458,,70,25.0,,,N,,,S,2.0,N,,0,N,0,13,,N
2026,49111,49,PEDAGOGÍA EN EDUCACIÓN BÁSICA,UNIVERSIDAD AUTONOMA DE CHILE,9,10,30,25,25,0,10.0,10.0,N,458,,30,10.0,,,N,,,S,2.0,S,,1,N,0,13,,N
2026,49112,49,PEDAGOGÍA EN EDUCACIÓN FÍSICA,UNIVERSIDAD AUTONOMA DE CHILE,9,10,30,35,15,0,10.0,10.0,N,458,,35,15.0,,,N,,,S,2.0,S,,1,N,0,13,,N
2026,49113,49,PEDAGOGÍA EN EDUCACIÓN PARVULARIA,UNIVERSIDAD AUTONOMA DE CHILE,9,10,30,35,15,0,10.0,10.0,N,458,,40,15.0,,,N,,,S,2.0,S,,1,N,0,13,,N
2026,49114,49,PEDAGOGÍA EN INGLÉS,UNIVERSIDAD AUTONOMA DE CHILE,9,10,30,40,10,0,10.0,10.0,N,458,,40,15.0,,,N,,,S,2.0,S,,1,N,0,13,,N
2026,49119,49,ADMINISTRACIÓN PÚBLICA,UNIVERSIDAD AUTONOMA DE CHILE,9,10,30,30,20,0,10.0,10.0,N,458,,30,10.0,,,N,,,S,2.0,N,,0,N,0,13,,N
2026,49120,49,ODONTOLOGÍA,UNIVERSIDAD AUTONOMA DE CHILE,9,10,20,30,30,0,,10.0,N,505,505.0,50,20.0,,,N,,,N,2.0,N,,0,N,0,13,,N
2026,49201,49,ENFERMERÍA,UNIVERSIDAD AUTONOMA DE CHILE,9,10,20,35,25,0,10.0,10.0,N,458,,85,25.0,,,N,,,S,2.0,N,,0,N,0,7,,N
2026,49202,49,FONOAUDIOLOGÍA,UNIVERSIDAD AUTONOMA DE CHILE,9,10,30,30,20,0,10.0,10.0,N,458,,50,30.0,,,N,,,S,2.0,N,,0,N,0,7,,N
2026,49203,49,KINESIOLOGÍA,UNIVERSIDAD AUTONOMA DE CHILE,9,10,20,30,30,0,10.0,10.0,N,458,,80,30.0,,,N,,,S,2.0,N,,0,N,0,7,,N
2026,49204,49,MEDICINA,UNIVERSIDAD AUTONOMA DE CHILE,9,10,20,35,25,0,,10.0,N,625,625.0,50,15.0,,,N,,,N,2.0,N,,0,N,0,7,,N
2026,49205,49,OBSTETRICIA Y PUERICULTURA,UNIVERSIDAD AUTONOMA DE CHILE,9,10,20,35,25,0,10.0,10.0,N,458,,65,15.0,,,N,,,S,2.0,N,,0,N,0,7,,N
2026,49206,49,QUÍMICA Y FARMACIA,UNIVERSIDAD AUTONOMA DE CHILE,9,10,25,25,30,0,10.0,10.0,N,458,,90,30.0,,,N,,,S,2.0,N,,0,N,0,7,,N
2026,49207,49,TERAPIA OCUPACIONAL,UNIVERSIDAD AUTONOMA DE CHILE,9,10,30,35,15,0,10.0,10.0,N,458,,80,25.0,,,N,,,S,2.0,N,,0,N,0,7,,N
2026,49208,49,INGENIERÍA EN CONSTRUCCIÓN,UNIVERSIDAD AUTONOMA DE CHILE,9,10,30,20,25,5,10.0,10.0,S,458,,50,15.0,,,N,,,S,2.0,N,,0,N,0,7,5.0,S
2026,49209,49,INGENIERÍA EN CONTROL DE GESTIÓN,UNIVERSIDAD AUTONOMA DE CHILE,9,10,30,20,30,0,10.0,10.0,N,458,,40,20.0,,,N,,,S,2.0,N,,0,N,0,7,,N
2026,49210,49,INGENIERÍA COMERCIAL,UNIVERSIDAD AUTONOMA DE CHILE,9,10,30,20,30,0,10.0,10.0,N,458,,85,45.0,,,N,,,S,2.0,N,,0,N,0,7,,N
2026,49211,49,DERECHO,UNIVERSIDAD AUTONOMA DE CHILE,9,10,30,40,10,0,10.0,10.0,N,458,,120,30.0,,,N,,,S,2.0,N,,0,N,0,7,,N
2026,49212,49,PSICOLOGÍA,UNIVERSIDAD AUTONOMA DE CHILE,9,10,30,40,10,0,10.0,10.0,N,458,,120,25.0,,,N,,,S,2.0,N,,0,N,0,7,,N
2026,49213,49,TRABAJO SOCIAL,UNIVERSIDAD AUTONOMA DE CHILE,9,10,30,40,10,0,10.0,10.0,N,458,,50,35.0,,,N,,,S,2.0,N,,0,N,0,7,,N
2026,49214,49,PEDAGOGÍA EN EDUCACIÓN BÁSICA,UNIVERSIDAD AUTONOMA DE CHILE,9,10,30,25,25,0,10.0,10.0,N,458,,35,15.0,,,N,,,S,2.0,S,,1,N,0,7,,N
2026,49215,49,PEDAGOGÍA EN EDUCACIÓN FÍSICA,UNIVERSIDAD AUTONOMA DE CHILE,9,10,30,35,15,0,10.0,10.0,N,458,,45,20.0,,,N,,,S,2.0,S,,1,N,0,7,,N
2026,49216,49,PEDAGOGÍA EN EDUCACIÓN PARVULARIA,UNIVERSIDAD AUTONOMA DE CHILE,9,10,30,35,15,0,10.0,10.0,N,458,,50,15.0,,,N,,,S,2.0,S,,1,N,0,7,,N
2026,49217,49,"PEDAGOGÍA EN HISTORIA, GEOGRAFÍA Y CIENCIAS SOCIALES",UNIVERSIDAD AUTONOMA DE CHILE,9,10,30,40,10,0,10.0,10.0,N,458,,25,10.0,,,N,,,S,2.0,S,,1,N,0,7,,N
2026,49218,49,PEDAGOGÍA EN INGLÉS,UNIVERSIDAD AUTONOMA DE CHILE,9,10,30,40,10,0,10.0,10.0,N,458,,35,10.0,,,N,,,S,2.0,S,,1,N,0,7,,N
2026,49219,49,PEDAGOGÍA EN LENGUA CASTELLANA Y COMUNICACIÓN,UNIVERSIDAD AUTONOMA DE CHILE,9,10,30,40,10,0,10.0,10.0,N,458,,35,10.0,,,N,,,S,2.0,S,,1,N,0,7,,N
2026,49220,49,INGENIERÍA CIVIL INDUSTRIAL,UNIVERSIDAD AUTONOMA DE CHILE,9,10,30,20,25,5,10.0,10.0,S,458,,50,10.0,,,N,,,S,2.0,N,,0,N,0,7,6.0,S
2026,49222,49,INGENIERÍA CIVIL INFORMÁTICA,UNIVERSIDAD AUTONOMA DE CHILE,9,10,30,20,25,5,10.0,10.0,S,458,,65,25.0,,,N,,,S,2.0,N,,0,N,0,7,8.0,S
2026,49223,49,LICENCIATURA EN ARTES VISUALES,UNIVERSIDAD AUTONOMA DE CHILE,9,10,30,40,10,0,10.0,10.0,N,458,,40,15.0,,,N,,,S,2.0,N,,0,N,0,7,,N
2026,49224,49,PEDAGOGÍA EN EDUCACIÓN DIFERENCIAL,UNIVERSIDAD AUTONOMA DE CHILE,9,10,30,35,15,0,10.0,10.0,N,458,,35,20.0,,,N,,,S,2.0,S,,1,N,0,7,,N
2026,49225,49,ADMINISTRACIÓN PÚBLICA,UNIVERSIDAD AUTONOMA DE CHILE,9,10,30,30,20,0,10.0,10.0,N,458,,40,35.0,,,N,,,S,2.0,N,,0,N,0,7,,N
2026,49229,49,PERIODISMO,UNIVERSIDAD AUTONOMA DE CHILE,9,10,30,40,10,0,10.0,10.0,N,458,,40,25.0,,,N,,,S,2.0,N,,0,N,0,7,,N
2026,49231,49,ARQUITECTURA,UNIVERSIDAD AUTONOMA DE CHILE,9,10,25,25,30,0,10.0,10.0,N,458,,60,25.0,,,N,,,S,2.0,N,,0,N,0,7,,N
2026,49301,49,ENFERMERÍA,UNIVERSIDAD AUTONOMA DE CHILE,9,10,20,35,25,0,10.0,10.0,N,458,,90,25.0,,,N,,,S,2.0,N,,0,N,0,9,,N
2026,49302,49,FONOAUDIOLOGÍA,UNIVERSIDAD AUTONOMA DE CHILE,9,10,30,30,20,0,10.0,10.0,N,458,,45,20.0,,,N,,,S,2.0,N,,0,N,0,9,,N
2026,49303,49,KINESIOLOGÍA,UNIVERSIDAD AUTONOMA DE CHILE,9,10,20,30,30,0,10.0,10.0,N,458,,65,10.0,,,N,,,S,2.0,N,,0,N,0,9,,N
2026,49304,49,NUTRICIÓN Y DIETÉTICA,UNIVERSIDAD AUTONOMA DE CHILE,9,10,20,30,30,0,10.0,10.0,N,458,,80,40.0,,,N,,,S,2.0,N,,0,N,0,9,,N
2026,49305,49,ODONTOLOGÍA,UNIVERSIDAD AUTONOMA DE CHILE,9,10,20,30,30,0,,10.0,N,505,505.0,50,20.0,,,N,,,N,2.0,N,,0,N,0,9,,N
2026,49306,49,QUÍMICA Y FARMACIA,UNIVERSIDAD AUTONOMA DE CHILE,9,10,25,25,30,0,10.0,10.0,N,458,,90,25.0,,,N,,,S,2.0,N,,0,N,0,9,,N
2026,49307,49,TERAPIA OCUPACIONAL,UNIVERSIDAD AUTONOMA DE CHILE,9,10,30,35,15,0,10.0,10.0,N,458,,75,20.0,,,N,,,S,2.0,N,,0,N,0,9,,N
2026,49308,49,ARQUITECTURA,UNIVERSIDAD AUTONOMA DE CHILE,9,10,25,25,30,0,10.0,10.0,N,458,,70,15.0,,,N,,,S,2.0,N,,0,N,0,9,,N
2026,49309,49,INGENIERÍA EN CONSTRUCCIÓN,UNIVERSIDAD AUTONOMA DE CHILE,9,10,30,20,25,5,10.0,10.0,S,458,,50,10.0,,,N,,,S,2.0,N,,0,N,0,9,5.0,S
2026,49310,49,INGENIERÍA EN CONTROL DE GESTIÓN,UNIVERSIDAD AUTONOMA DE CHILE,9,10,30,20,30,0,10.0,10.0,N,458,,40,15.0,,,N,,,S,2.0,N,,0,N,0,9,,N
2026,49311,49,INGENIERÍA COMERCIAL,UNIVERSIDAD AUTONOMA DE CHILE,9,10,30,20,30,0,10.0,10.0,N,458,,95,35.0,,,N,,,S,2.0,N,,0,N,0,9,,N
2026,49313,49,DERECHO,UNIVERSIDAD AUTONOMA DE CHILE,9,10,30,40,10,0,10.0,10.0,N,458,,120,25.0,,,N,,,S,2.0,N,,0,N,0,9,,N
2026,49314,49,PSICOLOGÍA,UNIVERSIDAD AUTONOMA DE CHILE,9,10,30,40,10,0,10.0,10.0,N,458,,120,35.0,,,N,,,S,2.0,N,,0,N,0,9,,N
2026,49316,49,TRABAJO SOCIAL,UNIVERSIDAD AUTONOMA DE CHILE,9,10,30,40,10,0,10.0,10.0,N,458,,50,25.0,,,N,,,S,2.0,N,,0,N,0,9,,N
2026,49317,49,PEDAGOGÍA EN EDUCACIÓN BÁSICA,UNIVERSIDAD AUTONOMA DE CHILE,9,10,30,25,25,0,10.0,10.0,N,458,,35,20.0,,,N,,,S,2.0,S,,1,N,0,9,,N
2026,49318,49,PEDAGOGÍA EN EDUCACIÓN FÍSICA,UNIVERSIDAD AUTONOMA DE CHILE,9,10,30,35,15,0,10.0,10.0,N,458,,40,20.0,,,N,,,S,2.0,S,,1,N,0,9,,N
2026,49319,49,PEDAGOGÍA EN EDUCACIÓN PARVULARIA,UNIVERSIDAD AUTONOMA DE CHILE,9,10,30,35,15,0,10.0,10.0,N,458,,40,10.0,,,N,,,S,2.0,S,,1,N,0,9,,N
2026,49320,49,PEDAGOGÍA EN INGLÉS,UNIVERSIDAD AUTONOMA DE CHILE,9,10,30,40,10,0,10.0,10.0,N,458,,30,15.0,,,N,,,S,2.0,S,,1,N,0,9,,N
2026,49321,49,INGENIERÍA CIVIL INDUSTRIAL,UNIVERSIDAD AUTONOMA DE CHILE,9,10,30,20,25,5,10.0,10.0,S,458,,45,10.0,,,N,,,S,2.0,N,,0,N,0,9,5.0,S
2026,49327,49,PEDAGOGÍA EN EDUCACIÓN DIFERENCIAL,UNIVERSIDAD AUTONOMA DE CHILE,9,10,30,35,15,0,10.0,10.0,N,458,,30,20.0,,,N,,,S,2.0,S,,1,N,0,9,,N
2026,49328,49,INGENIERÍA EN ADMINISTRACIÓN,UNIVERSIDAD AUTONOMA DE CHILE,9,10,30,20,30,0,10.0,10.0,N,458,,40,15.0,,,N,,,S,2.0,N,,0,N,0,9,,N
2026,49330,49,INGENIERÍA CIVIL INFORMÁTICA,UNIVERSIDAD AUTONOMA DE CHILE,9,10,30,20,25,5,10.0,10.0,S,458,,45,5.0,,,N,,,S,2.0,N,,0,N,0,9,5.0,S
2026,49332,49,PERIODISMO,UNIVERSIDAD AUTONOMA DE CHILE,9,10,30,40,10,0,10.0,10.0,N,458,,35,30.0,,,N,,,S,2.0,N,,0,N,0,9,,N
2026,49334,49,MEDICINA,UNIVERSIDAD AUTONOMA DE CHILE,9,10,20,35,25,0,,10.0,N,625,625.0,50,10.0,,,N,,,N,2.0,N,,0,N,0,9,,N
2026,49335,49,PSICOPEDAGOGÍA,UNIVERSIDAD AUTONOMA DE CHILE,9,10,30,25,25,0,10.0,10.0,N,458,,30,15.0,,,N,,,S,2.0,N,,0,N,0,9,,N
2026,49339,49,INGENIERÍA CIVIL PLAN COMÚN,UNIVERSIDAD AUTONOMA DE CHILE,9,10,30,20,25,5,10.0,10.0,S,458,,45,15.0,,,N,,,S,2.0,N,,0,N,0,9,5.0,S
2026,50101,50,ARQUITECTURA,UNIVERSIDAD SAN SEBASTIAN,13,10,20,30,30,0,10.0,10.0,N,458,,120,74.0,,,N,,,S,2.0,N,,0,N,0,8,,N
2026,50102,50,DERECHO,UNIVERSIDAD SAN SEBASTIAN,13,10,20,40,10,0,20.0,20.0,N,458,,300,60.0,,,N,,,S,2.0,N,,0,N,0,8,,N
2026,50104,50,INGENIERÍA CIVIL,UNIVERSIDAD SAN SEBASTIAN,13,10,20,20,35,5,10.0,10.0,S,458,,40,10.0,,,N,,,S,2.0,N,,0,N,0,8,8.0,S
2026,50105,50,INGENIERÍA CIVIL EN MINAS,UNIVERSIDAD SAN SEBASTIAN,13,10,25,10,40,5,10.0,10.0,S,458,,120,20.0,,,N,,,S,2.0,N,,0,N,0,8,24.0,S
2026,50106,50,INGENIERÍA CIVIL INDUSTRIAL,UNIVERSIDAD SAN SEBASTIAN,13,10,25,15,35,5,10.0,10.0,S,458,,140,50.0,,,N,,,S,2.0,N,,0,N,0,8,28.0,S
2026,50107,50,INGENIERÍA CIVIL INFORMÁTICA,UNIVERSIDAD SAN SEBASTIAN,13,10,25,10,40,5,10.0,10.0,S,458,,120,40.0,,,N,,,S,2.0,N,,0,N,0,8,24.0,S
2026,50108,50,INGENIERÍA COMERCIAL,UNIVERSIDAD SAN SEBASTIAN,13,20,25,15,30,0,10.0,10.0,N,458,,180,70.0,,,N,,,S,2.0,N,,0,N,0,8,,N
2026,50110,50,ODONTOLOGÍA,UNIVERSIDAD SAN SEBASTIAN,13,20,20,20,30,0,10.0,10.0,N,458,,260,60.0,,,N,,,S,2.0,N,,0,N,0,8,,N
2026,50112,50,PEDAGOGÍA EN EDUCACIÓN DIFERENCIAL,UNIVERSIDAD SAN SEBASTIAN,13,20,30,25,15,0,10.0,10.0,N,458,,45,,,,N,,,S,2.0,S,,1,N,0,8,,N
2026,50115,50,PEDAGOGÍA EN INGLÉS,UNIVERSIDAD SAN SEBASTIAN,13,20,30,25,15,0,10.0,10.0,N,458,,50,,,,N,,,S,2.0,S,,1,N,0,8,,N
2026,50119,50,BACHILLERATO EN CIENCIAS DE LA SALUD,UNIVERSIDAD SAN SEBASTIAN,13,20,25,15,30,0,10.0,10.0,N,458,,260,100.0,,,N,,,S,2.0,N,,0,N,0,8,,N
2026,50121,50,ENFERMERÍA,UNIVERSIDAD SAN SEBASTIAN,13,10,20,40,20,0,10.0,10.0,N,458,,285,135.0,,,N,,,S,2.0,N,,0,N,0,8,,N
2026,50122,50,FONOAUDIOLOGÍA,UNIVERSIDAD SAN SEBASTIAN,13,20,30,30,10,0,10.0,10.0,N,458,,60,,,,N,,,S,2.0,N,,0,N,0,8,,N
2026,50124,50,KINESIOLOGÍA,UNIVERSIDAD SAN SEBASTIAN,13,15,20,35,20,0,10.0,10.0,N,458,,170,42.0,,,N,,,S,2.0,N,,0,N,0,8,,N
2026,50125,50,MEDICINA,UNIVERSIDAD SAN SEBASTIAN,13,10,30,20,30,0,,10.0,N,500,,120,20.0,,,N,,,N,,N,,0,N,0,8,,N
2026,50126,50,NUTRICIÓN Y DIETÉTICA,UNIVERSIDAD SAN SEBASTIAN,13,15,30,35,10,0,10.0,10.0,N,458,,90,60.0,,,N,,,S,2.0,N,,0,N,0,8,,N
2026,50127,50,OBSTETRICIA,UNIVERSIDAD SAN SEBASTIAN,13,10,10,35,35,0,10.0,10.0,N,458,,170,30.0,,,N,,,S,2.0,N,,0,N,0,8,,N
2026,50128,50,PSICOLOGÍA,UNIVERSIDAD SAN SEBASTIAN,13,10,20,40,20,0,10.0,10.0,N,458,,330,65.0,,,N,,,S,2.0,N,,0,N,0,8,,N
2026,50129,50,QUÍMICA Y FARMACIA,UNIVERSIDAD SAN SEBASTIAN,13,10,25,25,30,0,10.0,10.0,N,458,,280,30.0,,,N,,,S,2.0,N,,0,N,0,8,,N
2026,50130,50,TECNOLOGÍA MÉDICA,UNIVERSIDAD SAN SEBASTIAN,13,10,20,30,25,0,15.0,15.0,N,458,,220,94.0,,,N,,,S,2.0,N,,0,N,0,8,,N
2026,50131,50,TERAPIA OCUPACIONAL,UNIVERSIDAD SAN SEBASTIAN,13,10,30,30,20,0,10.0,10.0,N,458,,140,29.0,,,N,,,S,2.0,N,,0,N,0,8,,N
2026,50132,50,ADMINISTRACIÓN PÚBLICA,UNIVERSIDAD SAN SEBASTIAN,13,10,10,40,10,0,30.0,30.0,N,458,,50,,,,N,,,S,2.0,N,,0,N,0,8,,N
2026,50133,50,MEDICINA VETERINARIA,UNIVERSIDAD SAN SEBASTIAN,13,10,20,30,20,0,20.0,20.0,N,458,,220,40.0,,,N,,,S,2.0,N,,0,N,0,8,,N
2026,50135,50,ANIMACIÓN DIGITAL,UNIVERSIDAD SAN SEBASTIAN,13,10,25,35,20,0,10.0,10.0,N,458,,80,5.0,,,N,,,S,2.0,N,,0,N,0,8,,N
2026,50142,50,GEOLOGÍA,UNIVERSIDAD SAN SEBASTIAN,13,10,25,20,30,5,10.0,10.0,S,458,,60,20.0,,,N,,,S,2.0,N,,0,N,0,8,12.0,S
2026,50201,50,ARQUITECTURA,UNIVERSIDAD SAN SEBASTIAN,13,10,20,30,30,0,10.0,10.0,N,458,,90,20.0,,,N,,,S,2.0,N,,0,N,0,10,,N
2026,50202,50,DERECHO,UNIVERSIDAD SAN SEBASTIAN,13,10,20,40,10,0,20.0,20.0,N,458,,150,30.0,,,N,,,S,2.0,N,,0,N,0,10,,N
2026,50206,50,INGENIERÍA CIVIL INDUSTRIAL,UNIVERSIDAD SAN SEBASTIAN,13,10,25,15,35,5,10.0,10.0,S,458,,90,35.0,,,N,,,S,2.0,N,,0,N,0,10,18.0,S
2026,50207,50,INGENIERÍA CIVIL INFORMÁTICA,UNIVERSIDAD SAN SEBASTIAN,13,10,25,10,40,5,10.0,10.0,S,458,,60,20.0,,,N,,,S,2.0,N,,0,N,0,10,12.0,S
2026,50208,50,INGENIERÍA COMERCIAL,UNIVERSIDAD SAN SEBASTIAN,13,20,25,15,30,0,10.0,10.0,N,458,,120,30.0,,,N,,,S,2.0,N,,0,N,0,10,,N
2026,50210,50,ODONTOLOGÍA,UNIVERSIDAD SAN SEBASTIAN,13,20,20,20,30,0,10.0,10.0,N,458,,120,15.0,,,N,,,S,2.0,N,,0,N,0,10,,N
2026,50215,50,PEDAGOGÍA EN INGLÉS,UNIVERSIDAD SAN SEBASTIAN,13,20,30,25,15,0,10.0,10.0,N,458,,50,,,,N,,,S,2.0,S,,1,N,0,10,,N
2026,50218,50,ADMINISTRACIÓN EN ECOTURISMO,UNIVERSIDAD SAN SEBASTIAN,13,10,30,30,20,0,10.0,10.0,N,458,,60,10.0,,,N,,,S,2.0,N,,0,N,0,10,,N
2026,50219,50,BACHILLERATO EN CIENCIAS DE LA SALUD,UNIVERSIDAD SAN SEBASTIAN,13,20,25,15,30,0,10.0,10.0,N,458,,110,30.0,,,N,,,S,2.0,N,,0,N,0,10,,N
2026,50221,50,ENFERMERÍA,UNIVERSIDAD SAN SEBASTIAN,13,10,30,30,20,0,10.0,10.0,N,458,,90,40.0,,,N,,,S,2.0,N,,0,N,0,10,,N
2026,50222,50,FONOAUDIOLOGÍA,UNIVERSIDAD SAN SEBASTIAN,13,20,30,30,10,0,10.0,10.0,N,458,,50,,,,N,,,S,2.0,N,,0,N,0,10,,N
2026,50224,50,KINESIOLOGÍA,UNIVERSIDAD SAN SEBASTIAN,13,15,20,35,20,0,10.0,10.0,N,458,,100,20.0,,,N,,,S,2.0,N,,0,N,0,10,,N
2026,50225,50,MEDICINA,UNIVERSIDAD SAN SEBASTIAN,13,10,30,20,30,0,,10.0,N,500,,90,20.0,,,N,,,N,,N,,0,N,0,10,,N
2026,50226,50,NUTRICIÓN Y DIETÉTICA,UNIVERSIDAD SAN SEBASTIAN,13,15,30,35,10,0,10.0,10.0,N,458,,70,10.0,,,N,,,S,2.0,N,,0,N,0,10,,N
2026,50227,50,OBSTETRICIA,UNIVERSIDAD SAN SEBASTIAN,13,10,25,35,20,0,10.0,10.0,N,458,,110,35.0,,,N,,,S,2.0,N,,0,N,0,10,,N
2026,50228,50,PSICOLOGÍA,UNIVERSIDAD SAN SEBASTIAN,13,10,25,40,15,0,10.0,10.0,N,458,,150,25.0,,,N,,,S,2.0,N,,0,N,0,10,,N
2026,50229,50,QUÍMICA Y FARMACIA,UNIVERSIDAD SAN SEBASTIAN,13,10,25,25,30,0,10.0,10.0,N,458,,120,20.0,,,N,,,S,2.0,N,,0,N,0,10,,N
2026,50230,50,TECNOLOGÍA MÉDICA,UNIVERSIDAD SAN SEBASTIAN,13,10,20,30,25,0,15.0,15.0,N,458,,80,40.0,,,N,,,S,2.0,N,,0,N,0,10,,N
2026,50231,50,TERAPIA OCUPACIONAL,UNIVERSIDAD SAN SEBASTIAN,13,10,30,30,20,0,10.0,10.0,N,458,,60,10.0,,,N,,,S,2.0,N,,0,N,0,10,,N
2026,50232,50,ADMINISTRACIÓN PÚBLICA,UNIVERSIDAD SAN SEBASTIAN,13,10,20,30,10,0,30.0,30.0,N,458,,50,,,,N,,,S,2.0,N,,0,N,0,10,,N
2026,50233,50,MEDICINA VETERINARIA,UNIVERSIDAD SAN SEBASTIAN,13,10,40,25,15,0,10.0,10.0,N,458,,160,40.0,,,N,,,S,2.0,N,,0,N,0,10,,N
2026,50501,50,ARQUITECTURA,UNIVERSIDAD SAN SEBASTIAN,13,10,20,30,30,0,10.0,10.0,N,458,,60,30.0,,,N,,,S,2.0,N,,0,N,0,14,,N
2026,50502,50,DERECHO,UNIVERSIDAD SAN SEBASTIAN,13,10,20,40,10,0,20.0,20.0,N,458,,140,30.0,,,N,,,S,2.0,N,,0,N,0,14,,N
2026,50506,50,INGENIERÍA CIVIL INDUSTRIAL,UNIVERSIDAD SAN SEBASTIAN,13,10,25,15,35,5,10.0,10.0,S,458,,60,30.0,,,N,,,S,2.0,N,,0,N,0,14,12.0,S
2026,50507,50,INGENIERÍA CIVIL INFORMÁTICA,UNIVERSIDAD SAN SEBASTIAN,13,10,25,10,40,5,10.0,10.0,S,458,,60,15.0,,,N,,,S,2.0,N,,0,N,0,14,12.0,S
2026,50508,50,INGENIERÍA COMERCIAL,UNIVERSIDAD SAN SEBASTIAN,13,20,25,15,30,0,10.0,10.0,N,458,,90,30.0,,,N,,,S,2.0,N,,0,N,0,14,,N
2026,50510,50,ODONTOLOGÍA,UNIVERSIDAD SAN SEBASTIAN,13,20,20,20,30,0,10.0,10.0,N,458,,100,60.0,,,N,,,S,2.0,N,,0,N,0,14,,N
2026,50519,50,BACHILLERATO EN CIENCIAS DE LA SALUD,UNIVERSIDAD SAN SEBASTIAN,13,20,25,20,25,0,10.0,10.0,N,458,,110,30.0,,,N,,,S,2.0,N,,0,N,0,14,,N
2026,50521,50,ENFERMERÍA,UNIVERSIDAD SAN SEBASTIAN,13,10,30,30,20,0,10.0,10.0,N,458,,125,65.0,,,N,,,S,2.0,N,,0,N,0,14,,N
2026,50522,50,FONOAUDIOLOGÍA,UNIVERSIDAD SAN SEBASTIAN,13,20,30,30,10,0,10.0,10.0,N,458,,50,,,,N,,,S,2.0,N,,0,N,0,14,,N
2026,50524,50,KINESIOLOGÍA,UNIVERSIDAD SAN SEBASTIAN,13,15,20,35,20,0,10.0,10.0,N,458,,100,25.0,,,N,,,S,2.0,N,,0,N,0,14,,N
2026,50525,50,MEDICINA,UNIVERSIDAD SAN SEBASTIAN,13,10,20,15,40,0,,15.0,N,500,,78,11.0,,,N,,,N,,N,,0,N,0,14,,N
2026,50526,50,NUTRICIÓN Y DIETÉTICA,UNIVERSIDAD SAN SEBASTIAN,13,15,30,35,10,0,10.0,10.0,N,458,,70,10.0,,,N,,,S,2.0,N,,0,N,0,14,,N
2026,50527,50,OBSTETRICIA,UNIVERSIDAD SAN SEBASTIAN,13,10,30,30,20,0,10.0,10.0,N,458,,90,49.0,,,N,,,S,2.0,N,,0,N,0,14,,N
2026,50528,50,PSICOLOGÍA,UNIVERSIDAD SAN SEBASTIAN,13,10,25,40,15,0,10.0,10.0,N,458,,150,36.0,,,N,,,S,2.0,N,,0,N,0,14,,N
2026,50529,50,QUÍMICA Y FARMACIA,UNIVERSIDAD SAN SEBASTIAN,13,10,25,25,30,0,10.0,10.0,N,458,,90,30.0,,,N,,,S,2.0,N,,0,N,0,14,,N
2026,50530,50,TECNOLOGÍA MÉDICA,UNIVERSIDAD SAN SEBASTIAN,13,10,20,30,25,0,15.0,15.0,N,458,,80,30.0,,,N,,,S,2.0,N,,0,N,0,14,,N
2026,50531,50,TERAPIA OCUPACIONAL,UNIVERSIDAD SAN SEBASTIAN,13,10,30,30,20,0,10.0,10.0,N,458,,60,10.0,,,N,,,S,2.0,N,,0,N,0,14,,N
2026,50533,50,MEDICINA VETERINARIA,UNIVERSIDAD SAN SEBASTIAN,13,10,20,35,25,0,10.0,10.0,N,458,,66,15.0,,,N,,,S,2.0,N,,0,N,0,14,,N
2026,50801,50,ARQUITECTURA,UNIVERSIDAD SAN SEBASTIAN,13,10,15,35,30,0,10.0,10.0,N,458,,120,32.0,,,N,,,S,2.0,N,,0,N,0,13,,N
2026,50802,50,DERECHO,UNIVERSIDAD SAN SEBASTIAN,13,10,20,40,10,0,20.0,20.0,N,458,,300,70.0,,,N,,,S,2.0,N,,0,N,0,13,,N
2026,50804,50,INGENIERÍA CIVIL,UNIVERSIDAD SAN SEBASTIAN,13,10,10,20,45,5,10.0,10.0,S,458,,40,18.0,,,N,,,S,2.0,N,,0,N,0,13,8.0,S
2026,50805,50,INGENIERÍA CIVIL EN MINAS,UNIVERSIDAD SAN SEBASTIAN,13,10,25,10,40,5,10.0,10.0,S,458,,140,60.0,,,N,,,S,2.0,N,,0,N,0,13,28.0,S
2026,50806,50,INGENIERÍA CIVIL INDUSTRIAL,UNIVERSIDAD SAN SEBASTIAN,13,10,25,15,35,5,10.0,10.0,S,458,,120,120.0,,,N,,,S,2.0,N,,0,N,0,13,24.0,S
2026,50807,50,INGENIERÍA CIVIL INFORMÁTICA,UNIVERSIDAD SAN SEBASTIAN,13,10,25,10,40,5,10.0,10.0,S,458,,150,70.0,,,N,,,S,2.0,N,,0,N,0,13,30.0,S
2026,50808,50,INGENIERÍA COMERCIAL,UNIVERSIDAD SAN SEBASTIAN,13,20,25,15,30,0,10.0,10.0,N,458,,220,80.0,,,N,,,S,2.0,N,,0,N,0,13,,N
2026,50810,50,ODONTOLOGÍA,UNIVERSIDAD SAN SEBASTIAN,13,10,10,40,30,0,10.0,10.0,N,458,,290,180.0,,,N,,,S,2.0,N,,0,N,0,13,,N
2026,50811,50,PEDAGOGÍA EN EDUCACIÓN BÁSICA,UNIVERSIDAD SAN SEBASTIAN,13,20,25,30,15,0,10.0,10.0,N,458,,35,,,,N,,,S,2.0,S,,1,N,0,13,,N
2026,50812,50,PEDAGOGÍA EN EDUCACIÓN DIFERENCIAL,UNIVERSIDAD SAN SEBASTIAN,13,20,30,25,15,0,10.0,10.0,N,458,,30,,,,N,,,S,2.0,S,,1,N,0,13,,N
2026,50815,50,PEDAGOGÍA EN INGLÉS,UNIVERSIDAD SAN SEBASTIAN,13,20,30,25,15,0,10.0,10.0,N,458,,50,,,,N,,,S,2.0,S,,1,N,0,13,,N
2026,50832,50,ADMINISTRACIÓN PÚBLICA,UNIVERSIDAD SAN SEBASTIAN,13,10,20,30,10,0,30.0,30.0,N,458,,50,11.0,,,N,,,S,2.0,N,,0,N,0,13,,N
2026,50833,50,MEDICINA VETERINARIA,UNIVERSIDAD SAN SEBASTIAN,13,10,20,35,25,0,10.0,10.0,N,458,,334,170.0,,,N,,,S,2.0,N,,0,N,0,13,,N
2026,50835,50,ANIMACIÓN DIGITAL,UNIVERSIDAD SAN SEBASTIAN,13,10,25,35,20,0,10.0,10.0,N,458,,100,36.0,,,N,,,S,2.0,N,,0,N,0,13,,N
2026,50842,50,GEOLOGÍA,UNIVERSIDAD SAN SEBASTIAN,13,10,25,20,30,5,10.0,10.0,S,458,,60,30.0,,,N,,,S,2.0,N,,0,N,0,13,12.0,S
2026,50918,50,ADMINISTRACIÓN EN ECOTURISMO,UNIVERSIDAD SAN SEBASTIAN,13,10,30,30,20,0,10.0,10.0,N,458,,80,10.0,,,N,,,S,2.0,N,,0,N,0,13,,N
2026,50919,50,BACHILLERATO EN CIENCIAS DE LA SALUD,UNIVERSIDAD SAN SEBASTIAN,13,20,20,20,30,0,10.0,10.0,N,458,,330,150.0,,,N,,,S,2.0,N,,0,N,0,13,,N
2026,50920,50,BIOQUÍMICA,UNIVERSIDAD SAN SEBASTIAN,13,20,20,25,25,0,10.0,10.0,N,458,,85,15.0,,,N,,,S,2.0,N,,0,N,0,13,17.0,S
2026,50921,50,ENFERMERÍA,UNIVERSIDAD SAN SEBASTIAN,13,10,20,40,20,0,10.0,10.0,N,458,,235,165.0,,,N,,,S,2.0,N,,0,N,0,13,,N
2026,50922,50,FONOAUDIOLOGÍA,UNIVERSIDAD SAN SEBASTIAN,13,20,30,30,10,0,10.0,10.0,N,458,,60,,,,N,,,S,2.0,N,,0,N,0,13,,N
2026,50924,50,KINESIOLOGÍA,UNIVERSIDAD SAN SEBASTIAN,13,15,20,35,20,0,10.0,10.0,N,458,,190,125.0,,,N,,,S,2.0,N,,0,N,0,13,,N
2026,50925,50,MEDICINA,UNIVERSIDAD SAN SEBASTIAN,13,10,10,30,40,0,,10.0,N,500,,130,20.0,,,N,,,N,,N,,0,N,0,13,,N
2026,50926,50,NUTRICIÓN Y DIETÉTICA,UNIVERSIDAD SAN SEBASTIAN,13,15,30,35,10,0,10.0,10.0,N,458,,100,40.0,,,N,,,S,2.0,N,,0,N,0,13,,N
2026,50927,50,OBSTETRICIA,UNIVERSIDAD SAN SEBASTIAN,13,10,15,35,30,0,10.0,10.0,N,458,,165,58.0,,,N,,,S,,N,,0,N,0,13,,N
2026,50928,50,PSICOLOGÍA,UNIVERSIDAD SAN SEBASTIAN,13,10,10,50,20,0,10.0,10.0,N,458,,290,255.0,,,N,,,S,2.0,N,,0,N,0,13,,N
2026,50929,50,QUÍMICA Y FARMACIA,UNIVERSIDAD SAN SEBASTIAN,13,10,25,25,30,0,10.0,10.0,N,458,,260,45.0,,,N,,,S,2.0,N,,0,N,0,13,,N
2026,50930,50,TECNOLOGÍA MÉDICA,UNIVERSIDAD SAN SEBASTIAN,13,10,20,30,25,0,15.0,15.0,N,458,,210,90.0,,,N,,,S,2.0,N,,0,N,0,13,,N
2026,50931,50,TERAPIA OCUPACIONAL,UNIVERSIDAD SAN SEBASTIAN,13,10,30,30,20,0,10.0,10.0,N,458,,100,17.0,,,N,,,S,2.0,N,,0,N,0,13,,N
2026,50932,50,LICENCIATURA EN CIENCIAS DE LA ACTIVIDAD FÍSICA,UNIVERSIDAD SAN SEBASTIAN,13,10,20,30,30,0,10.0,10.0,N,458,,60,15.0,,,N,,,S,2.0,N,,0,N,0,13,,N
2026,50939,50,LICENCIATURA EN ARTE Y CONSERVACIÓN DEL PATRIMONIO,UNIVERSIDAD SAN SEBASTIAN,13,10,10,40,30,0,10.0,10.0,N,458,,30,12.0,,,N,,,S,2.0,N,,0,N,0,13,,N
2026,51100,51,ADMINISTRACIÓN PÚBLICA - SANTIAGO,UNIVERSIDAD CENTRAL,13,10,40,20,10,0,20.0,20.0,N,458,,60,20.0,,,N,,,S,2.0,N,,0,N,0,13,,N
2026,51101,51,CIENCIA POLÍTICA - SANTIAGO,UNIVERSIDAD CENTRAL,13,10,40,25,10,0,15.0,15.0,N,458,,40,15.0,,,N,,,S,2.0,N,,0,N,0,13,,N
2026,51110,51,ARQUITECTURA - SANTIAGO,UNIVERSIDAD CENTRAL,13,10,40,15,25,0,10.0,10.0,N,458,,100,20.0,,,N,,,S,2.0,N,,0,N,0,13,,N
2026,51111,51,ARQUITECTURA DEL PAISAJE - SANTIAGO,UNIVERSIDAD CENTRAL,13,10,40,20,10,0,20.0,20.0,N,458,,30,15.0,,,N,,,S,2.0,N,,0,N,0,13,,N
2026,51120,51,PERIODISMO - SANTIAGO,UNIVERSIDAD CENTRAL,13,10,40,30,10,0,10.0,10.0,N,458,,40,15.0,,,N,,,S,2.0,N,,0,N,0,13,,N
2026,51121,51,PUBLICIDAD - SANTIAGO,UNIVERSIDAD CENTRAL,13,10,40,30,10,0,10.0,10.0,N,458,,45,15.0,,,N,,,S,2.0,N,,0,N,0,13,,N
2026,51130,51,DERECHO - SANTIAGO,UNIVERSIDAD CENTRAL,13,10,40,30,10,0,10.0,10.0,N,458,,195,50.0,,,N,,,S,2.0,N,,0,N,0,13,,N
2026,51140,51,PSICOLOGÍA - SANTIAGO,UNIVERSIDAD CENTRAL,13,10,40,30,10,0,10.0,10.0,N,458,,230,50.0,,,N,,,S,2.0,N,,0,N,0,13,,N
2026,51141,51,SOCIOLOGÍA - SANTIAGO,UNIVERSIDAD CENTRAL,13,10,40,20,10,0,20.0,20.0,N,458,,25,10.0,,,N,,,S,2.0,N,,0,N,0,13,,N
2026,51142,51,TRABAJO SOCIAL - SANTIAGO,UNIVERSIDAD CENTRAL,13,10,40,25,10,0,15.0,15.0,N,458,,45,15.0,,,N,,,S,2.0,N,,0,N,0,13,,N
2026,51150,51,ENFERMERÍA - SANTIAGO,UNIVERSIDAD CENTRAL,13,10,35,20,25,0,10.0,10.0,N,458,,150,40.0,,,N,,,S,2.0,N,,0,N,0,13,,N
2026,51151,51,TECNOLOGÍA MÉDICA - SANTIAGO,UNIVERSIDAD CENTRAL,13,10,35,15,30,0,10.0,10.0,N,458,,100,20.0,,,N,,,S,2.0,N,,0,N,0,13,,N
2026,51152,51,TERAPIA OCUPACIONAL - SANTIAGO,UNIVERSIDAD CENTRAL,13,10,40,25,15,0,10.0,10.0,N,458,,85,20.0,,,N,,,S,2.0,N,,0,N,0,13,,N
2026,51153,51,NUTRICIÓN Y DIETÉTICA - SANTIAGO,UNIVERSIDAD CENTRAL,13,10,40,20,20,0,10.0,10.0,N,458,,45,20.0,,,N,,,S,2.0,N,,0,N,0,13,,N
2026,51154,51,KINESIOLOGÍA - SANTIAGO,UNIVERSIDAD CENTRAL,13,10,40,20,20,0,10.0,10.0,N,458,,70,10.0,,,N,,,S,2.0,N,,0,N,0,13,,N
2026,51156,51,MEDICINA - SANTIAGO,UNIVERSIDAD CENTRAL,13,10,25,20,25,0,,20.0,N,500,,50,,,,N,,,N,,N,,0,N,0,13,,N
2026,51160,51,INGENIERÍA COMERCIAL - SANTIAGO,UNIVERSIDAD CENTRAL,13,10,40,10,30,0,10.0,10.0,N,458,,75,25.0,,,N,,,S,2.0,N,,0,N,0,13,,N
2026,51161,51,CONTADOR AUDITOR - SANTIAGO,UNIVERSIDAD CENTRAL,13,10,40,10,30,0,10.0,10.0,N,458,,50,15.0,,,N,,,S,2.0,N,,0,N,0,13,,N
2026,51163,51,INGENIERÍA EN ADMINISTRACIÓN DE EMPRESAS - SANTIAGO,UNIVERSIDAD CENTRAL,13,10,40,10,30,0,10.0,10.0,N,458,,40,30.0,,,N,,,S,2.0,N,,0,N,0,13,,N
2026,51165,51,INGENIERÍA EN INFORMACIÓN Y CONTROL DE GESTIÓN - SANTIAGO,UNIVERSIDAD CENTRAL,13,10,40,20,20,0,10.0,10.0,N,458,,25,15.0,,,N,,,S,2.0,N,,0,N,0,13,,N
2026,51170,51,GEOLOGÍA - SANTIAGO,UNIVERSIDAD CENTRAL,13,10,40,10,30,0,10.0,10.0,N,458,,55,15.0,,,N,,,S,2.0,N,,0,N,0,13,9.0,S
2026,51171,51,INGENIERÍA CIVIL EN OBRAS CIVILES - SANTIAGO,UNIVERSIDAD CENTRAL,13,10,40,10,25,5,10.0,10.0,S,458,,30,20.0,,,N,,,S,2.0,N,,0,N,0,13,,S
2026,51172,51,INGENIERÍA EN CONSTRUCCIÓN - SANTIAGO,UNIVERSIDAD CENTRAL,13,10,40,10,25,5,10.0,10.0,S,458,,30,15.0,,,N,,,S,2.0,N,,0,N,0,13,6.0,S
2026,51173,51,INGENIERÍA CIVIL EN COMPUTACIÓN E INFORMÁTICA - SANTIAGO,UNIVERSIDAD CENTRAL,13,10,40,10,25,5,10.0,10.0,S,458,,90,20.0,,,N,,,S,2.0,N,,0,N,0,13,14.0,S
2026,51174,51,INGENIERÍA CIVIL INDUSTRIAL - SANTIAGO,UNIVERSIDAD CENTRAL,13,10,40,10,25,5,10.0,10.0,S,458,,60,30.0,,,N,,,S,2.0,N,,0,N,0,13,10.0,S
2026,51175,51,INGENIERÍA CIVIL EN MINAS - SANTIAGO,UNIVERSIDAD CENTRAL,13,10,40,10,25,5,10.0,10.0,S,458,,70,20.0,,,N,,,S,2.0,N,,0,N,0,13,8.0,S
2026,51180,51,EDUCACIÓN PARVULARIA - SANTIAGO,UNIVERSIDAD CENTRAL,13,10,40,20,20,0,10.0,10.0,N,458,,35,10.0,,,N,,,S,2.0,S,,1,N,0,13,,N
2026,51181,51,PEDAGOGÍA EN EDUCACIÓN GENERAL BÁSICA - SANTIAGO,UNIVERSIDAD CENTRAL,13,10,40,20,20,0,10.0,10.0,N,458,,20,10.0,,,N,,,S,2.0,S,,1,N,0,13,,N
2026,51182,51,PEDAGOGÍA EN EDUCACIÓN DIFERENCIAL - SANTIAGO,UNIVERSIDAD CENTRAL,13,10,40,20,20,0,10.0,10.0,N,458,,45,15.0,,,N,,,S,2.0,S,,1,N,0,13,,N
2026,51184,51,PEDAGOGÍA EN EDUCACIÓN FÍSICA - SANTIAGO,UNIVERSIDAD CENTRAL,13,10,40,20,20,0,10.0,10.0,N,458,,60,20.0,,,N,,,S,2.0,S,,1,N,0,13,,N
2026,51185,51,PEDAGOGÍA EN MATEMÁTICA Y ESTADÍSTICA - SANTIAGO,UNIVERSIDAD CENTRAL,13,10,40,10,25,5,10.0,10.0,S,458,,15,10.0,,,N,,,S,2.0,S,,1,N,0,13,,N
2026,51186,51,PEDAGOGÍA EN LENGUAJE Y COMUNICACIÓN - SANTIAGO,UNIVERSIDAD CENTRAL,13,10,40,30,10,0,10.0,10.0,N,458,,20,10.0,,,N,,,S,2.0,S,,1,N,0,13,,N
2026,51200,51,ADMINISTRACIÓN PÚBLICA - LA SERENA,UNIVERSIDAD CENTRAL,13,10,40,20,10,0,20.0,20.0,N,458,,30,15.0,,,N,,,S,2.0,N,,0,N,0,4,,N
2026,51210,51,ARQUITECTURA - LA SERENA,UNIVERSIDAD CENTRAL,13,10,40,15,25,0,10.0,10.0,N,458,,60,10.0,,,N,,,S,2.0,N,,0,N,0,4,,N
2026,51230,51,DERECHO - LA SERENA,UNIVERSIDAD CENTRAL,13,10,40,30,10,0,10.0,10.0,N,458,,120,15.0,,,N,,,S,2.0,N,,0,N,0,4,,N
2026,51240,51,PSICOLOGÍA - LA SERENA,UNIVERSIDAD CENTRAL,13,10,40,30,10,0,10.0,10.0,N,458,,170,10.0,,,N,,,S,2.0,N,,0,N,0,4,,N
2026,51241,51,SOCIOLOGÍA - LA SERENA,UNIVERSIDAD CENTRAL,13,10,40,20,10,0,20.0,20.0,N,458,,25,10.0,,,N,,,S,2.0,N,,0,N,0,4,,N
2026,51242,51,TRABAJO SOCIAL - LA SERENA,UNIVERSIDAD CENTRAL,13,10,40,25,10,0,15.0,15.0,N,458,,35,10.0,,,N,,,S,2.0,N,,0,N,0,4,,N
2026,51250,51,ENFERMERÍA - LA SERENA,UNIVERSIDAD CENTRAL,13,10,35,20,25,0,10.0,10.0,N,458,,45,5.0,,,N,,,S,2.0,N,,0,N,0,4,,N
2026,51252,51,TERAPIA OCUPACIONAL - LA SERENA,UNIVERSIDAD CENTRAL,13,10,40,25,15,0,10.0,10.0,N,458,,55,5.0,,,N,,,S,2.0,N,,0,N,0,4,,N
2026,51253,51,NUTRICIÓN Y DIETÉTICA - LA SERENA,UNIVERSIDAD CENTRAL,13,10,40,20,20,0,10.0,10.0,N,458,,60,5.0,,,N,,,S,2.0,N,,0,N,0,4,,N
2026,51254,51,KINESIOLOGÍA - LA SERENA,UNIVERSIDAD CENTRAL,13,10,40,20,20,0,10.0,10.0,N,458,,60,5.0,,,N,,,S,2.0,N,,0,N,0,4,,N
2026,51255,51,OBSTETRICIA Y PUERICULTURA - LA SERENA,UNIVERSIDAD CENTRAL,13,10,40,20,20,0,10.0,10.0,N,458,,45,5.0,,,N,,,S,2.0,N,,0,N,0,4,,N
2026,51260,51,INGENIERÍA COMERCIAL - LA SERENA,UNIVERSIDAD CENTRAL,13,10,40,10,30,0,10.0,10.0,N,458,,50,10.0,,,N,,,S,2.0,N,,0,N,0,4,,N
2026,51270,51,GEOLOGÍA - LA SERENA,UNIVERSIDAD CENTRAL,13,10,40,10,30,0,10.0,10.0,N,458,,40,10.0,,,N,,,S,2.0,N,,0,N,0,4,4.0,S
2026,51273,51,INGENIERÍA CIVIL EN COMPUTACIÓN E INFORMÁTICA - LA SERENA,UNIVERSIDAD CENTRAL,13,10,40,10,25,5,10.0,10.0,S,458,,50,10.0,,,N,,,S,2.0,N,,0,N,0,4,8.0,S
2026,51274,51,INGENIERÍA CIVIL INDUSTRIAL - LA SERENA,UNIVERSIDAD CENTRAL,13,10,40,10,25,5,10.0,10.0,S,458,,55,10.0,,,N,,,S,2.0,N,,0,N,0,4,8.0,S
2026,51275,51,INGENIERÍA CIVIL EN MINAS - LA SERENA,UNIVERSIDAD CENTRAL,13,10,40,10,25,5,10.0,10.0,S,458,,55,10.0,,,N,,,S,2.0,N,,0,N,0,4,8.0,S
2026,51276,51,LICENCIATURA EN ASTRONOMÍA - LA SERENA,UNIVERSIDAD CENTRAL,13,10,40,10,25,5,10.0,10.0,S,458,,25,10.0,,,N,,,S,2.0,N,,0,N,0,4,4.0,S
2026,51282,51,PEDAGOGÍA EN EDUCACIÓN DIFERENCIAL - LA SERENA,UNIVERSIDAD CENTRAL,13,10,40,20,20,0,10.0,10.0,N,458,,40,10.0,,,N,,,S,2.0,S,,1,N,0,4,,N
2026,51284,51,PEDAGOGÍA EN EDUCACIÓN FÍSICA - LA SERENA,UNIVERSIDAD CENTRAL,13,10,40,20,20,0,10.0,10.0,N,458,,40,5.0,,,N,,,S,2.0,S,,1,N,0,4,,N
2026,52010,52,ANTROPOLOGÍA,UNIVERSIDAD ACADEMIA DE HUMANISMO CRISTIANO,13,10,25,35,10,0,20.0,20.0,N,458,,15,10.0,,,N,,,S,1.0,N,,0,N,0,13,,N
2026,52020,52,DANZA,UNIVERSIDAD ACADEMIA DE HUMANISMO CRISTIANO,13,10,40,30,10,0,10.0,10.0,N,458,,40,,,,S,EXCLUYE,,S,1.0,N,,0,N,0,13,,N
2026,52070,52,PSICOLOGÍA,UNIVERSIDAD ACADEMIA DE HUMANISMO CRISTIANO,13,10,30,30,10,0,20.0,20.0,N,458,,140,20.0,,,N,,,S,3.0,N,,0,N,0,13,,N
2026,52090,52,TRABAJO SOCIAL,UNIVERSIDAD ACADEMIA DE HUMANISMO CRISTIANO,13,10,30,30,10,0,20.0,20.0,N,458,,20,10.0,,,N,,,S,1.0,N,,0,N,0,13,,N
2026,52100,52,DERECHO,UNIVERSIDAD ACADEMIA DE HUMANISMO CRISTIANO,13,10,30,30,10,0,20.0,20.0,N,458,,60,10.0,,,N,,,S,1.0,N,,0,N,0,13,,N
2026,52150,52,CIENCIA POLÍTICA Y RELACIONES INTERNACIONALES,UNIVERSIDAD ACADEMIA DE HUMANISMO CRISTIANO,13,10,30,30,10,0,20.0,20.0,N,458,,15,10.0,,,N,,,S,1.0,N,,0,N,0,13,,N
2026,52175,52,PRODUCCIÓN MUSICAL,UNIVERSIDAD ACADEMIA DE HUMANISMO CRISTIANO,13,10,40,30,10,0,10.0,10.0,N,458,,40,10.0,,,N,,,S,1.0,N,,0,N,0,13,,N
2026,52176,52,TEATRO,UNIVERSIDAD ACADEMIA DE HUMANISMO CRISTIANO,13,10,40,30,10,0,10.0,10.0,N,458,,20,10.0,,,N,,,S,1.0,N,,0,N,0,13,,N
2026,52258,52,CINE Y ARTES AUDIOVISUALES,UNIVERSIDAD ACADEMIA DE HUMANISMO CRISTIANO,13,10,40,30,10,0,10.0,10.0,N,458,,20,10.0,,,N,,,S,1.0,N,,0,N,0,13,,N
2026,52443,52,COMPOSICIÓN MUSICAL,UNIVERSIDAD ACADEMIA DE HUMANISMO CRISTIANO,13,10,40,30,10,0,10.0,10.0,N,458,,20,10.0,,,N,,,S,1.0,N,,0,N,0,13,,N
2026,52445,52,INTERPRETACIÓN MUSICAL,UNIVERSIDAD ACADEMIA DE HUMANISMO CRISTIANO,13,10,40,30,10,0,10.0,10.0,N,458,,20,,,,N,,,S,1.0,N,,0,N,0,13,,N
2026,52495,52,TERAPIA OCUPACIONAL,UNIVERSIDAD ACADEMIA DE HUMANISMO CRISTIANO,13,10,40,25,15,0,10.0,10.0,N,458,,20,5.0,,,N,,,S,1.0,N,,0,N,0,13,,N
2026,52497,52,ARTES Y OFICIOS,UNIVERSIDAD ACADEMIA DE HUMANISMO CRISTIANO,13,10,40,30,10,0,10.0,10.0,N,458,,20,,,,N,,,S,1.0,N,,0,N,0,13,,N
2026,52498,52,ARQUITECTURA,UNIVERSIDAD ACADEMIA DE HUMANISMO CRISTIANO,13,10,40,20,20,0,10.0,10.0,N,458,,20,,,,N,,,S,1.0,N,,0,N,0,13,,N
2026,52504,52,ENFERMERÍA,UNIVERSIDAD ACADEMIA DE HUMANISMO CRISTIANO,13,10,35,25,15,0,15.0,15.0,N,458,,60,10.0,,,N,,,S,2.0,N,,0,N,0,13,,N
2026,52505,52,KINESIOLOGÍA,UNIVERSIDAD ACADEMIA DE HUMANISMO CRISTIANO,13,10,40,25,15,0,10.0,10.0,N,458,,40,10.0,,,N,,,S,2.0,N,,0,N,0,13,,N
2026,52507,52,OBSTETRICIA,UNIVERSIDAD ACADEMIA DE HUMANISMO CRISTIANO,13,10,35,25,15,0,15.0,15.0,N,458,,40,,,,N,,,S,1.0,N,,0,N,0,13,,N
2026,52588,52,TECNOLOGÍA MÉDICA,UNIVERSIDAD ACADEMIA DE HUMANISMO CRISTIANO,13,10,40,25,15,0,10.0,10.0,N,458,,40,10.0,,,N,,,S,1.0,N,,0,N,0,13,,N
2026,52594,52,INGENIERIA CIVIL INDUSTRIAL,UNIVERSIDAD ACADEMIA DE HUMANISMO CRISTIANO,13,10,40,15,20,5,10.0,10.0,S,458,,20,10.0,,,N,,,S,1.0,N,,0,N,0,13,1.0,S
2026,52595,52,MEDICINA VETERINARIA,UNIVERSIDAD ACADEMIA DE HUMANISMO CRISTIANO,13,10,40,25,15,0,10.0,10.0,N,458,,49,10.0,,,N,,,S,1.0,N,,0,N,0,13,,N
2026,52596,52,QUIMICA Y FARMACIA,UNIVERSIDAD ACADEMIA DE HUMANISMO CRISTIANO,13,10,40,25,15,0,10.0,10.0,N,458,,50,20.0,,,N,,,S,1.0,N,,0,N,0,13,,N
2026,52600,52,INGENIERIA EN INFORMATICA Y CIENCIA DE DATOS,UNIVERSIDAD ACADEMIA DE HUMANISMO CRISTIANO,13,10,40,15,20,5,10.0,10.0,S,458,,15,5.0,,,N,,,S,1.0,N,,0,N,0,13,1.0,S
2026,53101,53,INGENIERÍA COMERCIAL,UNIVERSIDAD BERNARDO O'HIGGINS,13,10,30,25,25,0,10.0,10.0,N,458,,40,15.0,,,N,,,S,1.0,N,,0,N,0,13,,N
2026,53102,53,INGENIERÍA CIVIL INDUSTRIAL,UNIVERSIDAD BERNARDO O'HIGGINS,13,15,25,10,35,5,10.0,10.0,S,458,,40,15.0,,,N,,,S,1.0,N,,0,N,0,13,8.0,S
2026,53103,53,INGENIERÍA CIVIL EN MEDIO AMBIENTE Y SUSTENTABILIDAD,UNIVERSIDAD BERNARDO O'HIGGINS,13,15,25,10,35,5,10.0,10.0,S,458,,25,4.0,,,N,,,S,1.0,N,,0,N,0,13,5.0,S
2026,53106,53,INGENIERÍA EN INFORMÁTICA,UNIVERSIDAD BERNARDO O'HIGGINS,13,15,25,20,25,5,10.0,10.0,S,458,,90,30.0,,,N,,,S,1.0,N,,0,N,0,13,18.0,S
2026,53107,53,QUÍMICA Y FARMACIA,UNIVERSIDAD BERNARDO O'HIGGINS,13,20,30,15,25,0,,10.0,N,458,,90,30.0,,,N,,,N,1.0,N,,0,N,0,13,,N
2026,53109,53,CONTADOR AUDITOR,UNIVERSIDAD BERNARDO O'HIGGINS,13,15,30,15,30,0,10.0,10.0,N,458,,40,20.0,,,N,,,S,1.0,N,,0,N,0,13,,N
2026,53110,53,INGENIERÍA EN REALIDAD VIRTUAL Y DISEÑO DE JUEGOS DIGITALES,UNIVERSIDAD BERNARDO O'HIGGINS,13,20,25,15,25,5,10.0,10.0,S,458,,55,10.0,,,N,,,S,1.0,N,,0,N,0,13,11.0,S
2026,53111,53,INGENIERÍA EN MECATRÓNICA,UNIVERSIDAD BERNARDO O'HIGGINS,13,20,25,10,30,5,10.0,10.0,S,458,,80,20.0,,,N,,,S,1.0,N,,0,N,0,13,16.0,S
2026,53201,53,PEDAGOGÍA EN EDUCACIÓN DIFERENCIAL CON MENCIÓN,UNIVERSIDAD BERNARDO O'HIGGINS,13,20,25,30,15,0,10.0,10.0,N,458,,20,4.0,,,N,,,S,1.0,S,,1,N,0,13,,N
2026,53202,53,"PEDAGOGÍA EN EDUCACIÓN FÍSICA, DEPORTE Y RECREACIÓN PARA ENSEÑANZA BÁSICA Y MEDIA",UNIVERSIDAD BERNARDO O'HIGGINS,13,20,30,25,15,0,10.0,10.0,N,458,,20,5.0,,,N,,,S,1.0,S,,1,N,0,13,,N
2026,53206,53,PEDAGOGÍA EN EDUCACIÓN PARVULARIA,UNIVERSIDAD BERNARDO O'HIGGINS,13,20,30,25,15,0,10.0,10.0,N,458,,20,5.0,,,N,,,S,1.0,S,,1,N,0,13,,N
2026,53207,53,ENTRENADOR EN ACTIVIDAD FÍSICA Y DEPORTE/LICENCIATURA EN CIENCIAS DE LA ACTIVIDAD FÍSICA Y DEPORTE,UNIVERSIDAD BERNARDO O'HIGGINS,13,20,30,25,15,0,10.0,10.0,N,458,,70,15.0,,,N,,,S,1.0,N,,0,N,0,13,,N
2026,53301,53,ENFERMERÍA,UNIVERSIDAD BERNARDO O'HIGGINS,13,15,35,20,20,0,,10.0,N,458,,90,20.0,,,N,,,N,1.0,N,,0,N,0,13,,N
2026,53302,53,FONOAUDIOLOGÍA,UNIVERSIDAD BERNARDO O'HIGGINS,13,10,30,30,20,0,10.0,10.0,N,458,,30,15.0,,,N,,,S,1.0,N,,0,N,0,13,,N
2026,53303,53,KINESIOLOGÍA,UNIVERSIDAD BERNARDO O'HIGGINS,13,20,30,20,20,0,10.0,10.0,N,458,,80,25.0,,,N,,,S,1.0,N,,0,N,0,13,,N
2026,53304,53,NUTRICIÓN Y DIETÉTICA,UNIVERSIDAD BERNARDO O'HIGGINS,13,15,30,20,25,0,10.0,10.0,N,458,,40,20.0,,,N,,,S,1.0,N,,0,N,0,13,,N
2026,53305,53,OBSTETRICIA Y PUERICULTURA,UNIVERSIDAD BERNARDO O'HIGGINS,13,15,30,25,20,0,,10.0,N,458,,40,20.0,,,N,,,N,1.0,N,,0,N,0,13,,N
2026,53306,53,TECNOLOGÍA MÉDICA,UNIVERSIDAD BERNARDO O'HIGGINS,13,15,25,20,30,0,10.0,10.0,N,458,,80,30.0,,,N,,,S,1.0,N,,0,N,0,13,,N
2026,53307,53,TERAPIA OCUPACIONAL,UNIVERSIDAD BERNARDO O'HIGGINS,13,20,25,25,20,0,10.0,10.0,N,458,,60,25.0,,,N,,,S,1.0,N,,0,N,0,13,,N
2026,53309,53,MEDICINA VETERINARIA,UNIVERSIDAD BERNARDO O'HIGGINS,13,20,30,20,20,0,,10.0,N,458,,100,33.0,,,N,,,N,1.0,N,,0,N,0,13,,N
2026,53310,53,MEDICINA,UNIVERSIDAD BERNARDO O'HIGGINS,13,10,30,10,25,0,,25.0,N,500,600.0,60,25.0,,,N,,,N,1.0,N,,0,N,0,13,,N
2026,53401,53,DERECHO,UNIVERSIDAD BERNARDO O'HIGGINS,13,15,35,30,10,0,10.0,10.0,N,458,,70,25.0,,,N,,,S,1.0,N,,0,N,0,13,,N
2026,53402,53,PERIODISMO,UNIVERSIDAD BERNARDO O'HIGGINS,13,15,35,30,10,0,10.0,10.0,N,458,,25,10.0,,,N,,,S,1.0,N,,0,N,0,13,,N
2026,53403,53,PSICOLOGÍA,UNIVERSIDAD BERNARDO O'HIGGINS,13,15,35,30,10,0,10.0,10.0,N,458,,90,20.0,,,N,,,S,1.0,N,,0,N,0,13,,N
2026,53406,53,TRABAJO SOCIAL,UNIVERSIDAD BERNARDO O'HIGGINS,13,15,35,25,10,0,15.0,15.0,N,458,,30,10.0,,,N,,,S,1.0,N,,0,N,0,13,,N
2026,54101,54,INGENIERÍA COMERCIAL,UNIVERSIDAD GABRIELA MISTRAL,13,30,40,10,10,0,10.0,10.0,N,458,,40,8.0,,,N,,,S,,N,,0,N,0,13,,N
2026,54120,54,INGENIERÍA CIVIL INDUSTRIAL,UNIVERSIDAD GABRIELA MISTRAL,13,30,35,10,10,5,10.0,10.0,S,458,,35,8.0,,,N,,,S,,N,,0,N,0,13,7.0,S
2026,54121,54,INGENIERÍA CIVIL INFORMÁTICA,UNIVERSIDAD GABRIELA MISTRAL,13,30,35,10,10,5,10.0,10.0,S,458,,60,8.0,,,N,,,S,,N,,0,N,0,13,4.0,S
2026,54201,54,ARQUITECTURA,UNIVERSIDAD GABRIELA MISTRAL,13,30,40,10,10,0,10.0,10.0,N,458,,80,25.0,,,N,,,S,,N,,0,N,0,13,,N
2026,54202,54,DISEÑO EN ANIMACIÓN DIGITAL,UNIVERSIDAD GABRIELA MISTRAL,13,30,40,10,10,0,10.0,10.0,N,458,,60,15.0,,,N,,,S,,N,,0,N,0,13,,N
2026,54203,54,DISEÑO EN INTERACCIÓN DIGITAL,UNIVERSIDAD GABRIELA MISTRAL,13,30,40,10,10,0,10.0,10.0,N,458,,20,5.0,,,N,,,S,,N,,0,N,0,13,,N
2026,54204,54,DISEÑO DE VIDEOJUEGOS,UNIVERSIDAD GABRIELA MISTRAL,13,30,40,10,10,0,10.0,10.0,N,458,,30,15.0,,,N,,,S,,N,,0,N,0,13,,N
2026,54206,54,DISEÑO EN MARKETING DIGITAL,UNIVERSIDAD GABRIELA MISTRAL,13,30,40,10,10,0,10.0,10.0,N,458,,20,5.0,,,N,,,S,,N,,0,N,0,13,,N
2026,54301,54,PSICOLOGÍA,UNIVERSIDAD GABRIELA MISTRAL,13,30,40,10,10,0,10.0,10.0,N,458,,200,100.0,,,N,,,S,,N,,0,N,0,13,,N
2026,54303,54,DERECHO,UNIVERSIDAD GABRIELA MISTRAL,13,30,40,10,10,0,10.0,10.0,N,458,,90,20.0,,,N,,,S,,N,,0,N,0,13,,N
2026,55001,55,AGRONOMÍA,UNIVERSIDAD SANTO TOMAS,13,10,10,30,40,0,10.0,10.0,N,458,,45,18.0,,,N,,,S,,N,,0,N,0,13,,N
2026,55004,55,CIENCIAS DEL DEPORTE Y ACTIVIDAD FÍSICA,UNIVERSIDAD SANTO TOMAS,13,10,10,35,35,0,10.0,10.0,N,458,,45,12.0,,,N,,,S,,N,,0,N,0,13,,N
2026,55005,55,DERECHO,UNIVERSIDAD SANTO TOMAS,13,10,10,40,20,0,20.0,20.0,N,458,,35,11.0,,,N,,,S,,N,,0,N,0,2,,N
2026,55006,55,DERECHO,UNIVERSIDAD SANTO TOMAS,13,10,10,40,20,0,20.0,20.0,N,458,,45,5.0,,,N,,,S,,N,,0,N,0,1,,N
2026,55007,55,DERECHO,UNIVERSIDAD SANTO TOMAS,13,10,10,40,20,0,20.0,20.0,N,458,,45,8.0,,,N,,,S,,N,,0,N,0,4,,N
2026,55008,55,DERECHO,UNIVERSIDAD SANTO TOMAS,13,10,10,40,20,0,20.0,20.0,N,458,,45,6.0,,,N,,,S,,N,,0,N,0,8,,N
2026,55009,55,DERECHO,UNIVERSIDAD SANTO TOMAS,13,10,10,40,20,0,20.0,20.0,N,458,,90,16.0,,,N,,,S,,N,,0,N,0,13,,N
2026,55010,55,DERECHO,UNIVERSIDAD SANTO TOMAS,13,10,10,40,20,0,20.0,20.0,N,458,,90,25.0,,,N,,,S,,N,,0,N,0,7,,N
2026,55011,55,DERECHO,UNIVERSIDAD SANTO TOMAS,13,10,10,40,20,0,20.0,20.0,N,458,,65,8.0,,,N,,,S,,N,,0,N,0,5,,N
2026,55012,55,ENFERMERÍA,UNIVERSIDAD SANTO TOMAS,13,10,10,35,35,0,10.0,10.0,N,458,,45,6.0,,,N,,,S,,N,,0,N,0,2,,N
2026,55013,55,ENFERMERÍA,UNIVERSIDAD SANTO TOMAS,13,10,10,35,35,0,10.0,10.0,N,458,,45,4.0,,,N,,,S,,N,,0,N,0,15,,N
2026,55014,55,ENFERMERÍA,UNIVERSIDAD SANTO TOMAS,13,10,10,35,35,0,10.0,10.0,N,458,,45,10.0,,,N,,,S,,N,,0,N,0,8,,N
2026,55015,55,ENFERMERÍA,UNIVERSIDAD SANTO TOMAS,13,10,10,35,35,0,10.0,10.0,N,458,,70,,,,N,,,S,,N,,0,N,0,1,,N
2026,55016,55,ENFERMERÍA,UNIVERSIDAD SANTO TOMAS,13,10,10,35,35,0,10.0,10.0,N,458,,65,10.0,,,N,,,S,,N,,0,N,0,4,,N
2026,55017,55,ENFERMERÍA,UNIVERSIDAD SANTO TOMAS,13,10,10,35,35,0,10.0,10.0,N,458,,60,7.0,,,N,,,S,,N,,0,N,0,8,,N
2026,55019,55,ENFERMERÍA,UNIVERSIDAD SANTO TOMAS,13,10,10,35,35,0,10.0,10.0,N,458,,45,1.0,,,N,,,S,,N,,0,N,0,10,,N
2026,55020,55,ENFERMERÍA,UNIVERSIDAD SANTO TOMAS,13,10,10,35,35,0,10.0,10.0,N,458,,120,8.0,,,N,,,S,,N,,0,N,0,13,,N
2026,55021,55,ENFERMERÍA,UNIVERSIDAD SANTO TOMAS,13,10,10,35,35,0,10.0,10.0,N,458,,80,5.0,,,N,,,S,,N,,0,N,0,7,,N
2026,55022,55,ENFERMERÍA,UNIVERSIDAD SANTO TOMAS,13,10,10,35,35,0,10.0,10.0,N,458,,45,1.0,,,N,,,S,,N,,0,N,0,9,,N
2026,55023,55,ENFERMERÍA,UNIVERSIDAD SANTO TOMAS,13,10,10,35,35,0,10.0,10.0,N,458,,45,3.0,,,N,,,S,,N,,0,N,0,14,,N
2026,55024,55,ENFERMERÍA,UNIVERSIDAD SANTO TOMAS,13,10,10,35,35,0,10.0,10.0,N,458,,90,11.0,,,N,,,S,,N,,0,N,0,5,,N
2026,55026,55,FONOAUDIOLOGÍA,UNIVERSIDAD SANTO TOMAS,13,10,10,35,35,0,10.0,10.0,N,458,,32,6.0,,,N,,,S,,N,,0,N,0,7,,N
2026,55027,55,INGENIERÍA COMERCIAL,UNIVERSIDAD SANTO TOMAS,13,10,10,30,40,0,10.0,10.0,N,458,,35,10.0,,,N,,,S,,N,,0,N,0,2,,N
2026,55028,55,INGENIERÍA COMERCIAL,UNIVERSIDAD SANTO TOMAS,13,10,10,30,40,0,10.0,10.0,N,458,,45,10.0,,,N,,,S,,N,,0,N,0,1,,N
2026,55029,55,INGENIERÍA COMERCIAL,UNIVERSIDAD SANTO TOMAS,13,10,10,30,40,0,10.0,10.0,N,458,,80,25.0,,,N,,,S,,N,,0,N,0,4,,N
2026,55030,55,KINESIOLOGÍA,UNIVERSIDAD SANTO TOMAS,13,10,10,35,35,0,10.0,10.0,N,458,,45,11.0,,,N,,,S,,N,,0,N,0,2,,N
2026,55031,55,KINESIOLOGÍA,UNIVERSIDAD SANTO TOMAS,13,10,10,35,35,0,10.0,10.0,N,458,,35,8.0,,,N,,,S,,N,,0,N,0,15,,N
2026,55032,55,KINESIOLOGÍA,UNIVERSIDAD SANTO TOMAS,13,10,10,35,35,0,10.0,10.0,N,458,,45,9.0,,,N,,,S,,N,,0,N,0,8,,N
2026,55033,55,KINESIOLOGÍA,UNIVERSIDAD SANTO TOMAS,13,10,10,35,35,0,10.0,10.0,N,458,,48,8.0,,,N,,,S,,N,,0,N,0,1,,N
2026,55034,55,KINESIOLOGÍA,UNIVERSIDAD SANTO TOMAS,13,10,10,35,35,0,10.0,10.0,N,458,,60,10.0,,,N,,,S,,N,,0,N,0,4,,N
2026,55035,55,KINESIOLOGÍA,UNIVERSIDAD SANTO TOMAS,13,10,10,35,35,0,10.0,10.0,N,458,,45,2.0,,,N,,,S,,N,,0,N,0,8,,N
2026,55036,55,KINESIOLOGÍA,UNIVERSIDAD SANTO TOMAS,13,10,10,35,35,0,10.0,10.0,N,458,,45,8.0,,,N,,,S,,N,,0,N,0,13,,N
2026,55037,55,KINESIOLOGÍA,UNIVERSIDAD SANTO TOMAS,13,10,10,35,35,0,10.0,10.0,N,458,,45,5.0,,,N,,,S,,N,,0,N,0,7,,N
2026,55038,55,KINESIOLOGÍA,UNIVERSIDAD SANTO TOMAS,13,10,10,35,35,0,10.0,10.0,N,458,,45,6.0,,,N,,,S,,N,,0,N,0,5,,N
2026,55039,55,MEDICINA VETERINARIA,UNIVERSIDAD SANTO TOMAS,13,10,10,30,40,0,10.0,10.0,N,458,,45,12.0,,,N,,,S,,N,,0,N,0,8,,N
2026,55040,55,MEDICINA VETERINARIA,UNIVERSIDAD SANTO TOMAS,13,10,10,30,40,0,10.0,10.0,N,458,,45,5.0,,,N,,,S,,N,,0,N,0,10,,N
2026,55041,55,MEDICINA VETERINARIA,UNIVERSIDAD SANTO TOMAS,13,10,10,30,40,0,10.0,10.0,N,458,,130,18.0,,,N,,,S,,N,,0,N,0,13,,N
2026,55042,55,MEDICINA VETERINARIA,UNIVERSIDAD SANTO TOMAS,13,10,10,30,40,0,10.0,10.0,N,458,,85,12.0,,,N,,,S,,N,,0,N,0,7,,N
2026,55043,55,MEDICINA VETERINARIA,UNIVERSIDAD SANTO TOMAS,13,10,10,30,40,0,10.0,10.0,N,458,,45,7.0,,,N,,,S,,N,,0,N,0,9,,N
2026,55044,55,MEDICINA VETERINARIA,UNIVERSIDAD SANTO TOMAS,13,10,10,30,40,0,10.0,10.0,N,458,,90,7.0,,,N,,,S,,N,,0,N,0,5,,N
2026,55045,55,NUTRICIÓN Y DIETÉTICA,UNIVERSIDAD SANTO TOMAS,13,10,10,35,35,0,10.0,10.0,N,458,,35,14.0,,,N,,,S,,N,,0,N,0,2,,N
2026,55046,55,NUTRICIÓN Y DIETÉTICA,UNIVERSIDAD SANTO TOMAS,13,10,10,35,35,0,10.0,10.0,N,458,,40,15.0,,,N,,,S,,N,,0,N,0,4,,N
2026,55047,55,NUTRICIÓN Y DIETÉTICA,UNIVERSIDAD SANTO TOMAS,13,10,10,35,35,0,10.0,10.0,N,458,,45,12.0,,,N,,,S,,N,,0,N,0,8,,N
2026,55048,55,NUTRICIÓN Y DIETÉTICA,UNIVERSIDAD SANTO TOMAS,13,10,10,35,35,0,10.0,10.0,N,458,,40,7.0,,,N,,,S,,N,,0,N,0,13,,N
2026,55049,55,NUTRICIÓN Y DIETÉTICA,UNIVERSIDAD SANTO TOMAS,13,10,10,35,35,0,10.0,10.0,N,458,,45,22.0,,,N,,,S,,N,,0,N,0,7,,N
2026,55050,55,NUTRICIÓN Y DIETÉTICA,UNIVERSIDAD SANTO TOMAS,13,10,10,35,35,0,10.0,10.0,N,458,,35,7.0,,,N,,,S,,N,,0,N,0,5,,N
2026,55051,55,PEDAGOGÍA EN EDUCACIÓN FÍSICA,UNIVERSIDAD SANTO TOMAS,13,10,30,25,25,0,10.0,10.0,N,458,,20,10.0,,,N,,,S,,S,,1,N,0,4,,N
2026,55052,55,PEDAGOGÍA EN EDUCACIÓN FÍSICA,UNIVERSIDAD SANTO TOMAS,13,10,30,25,25,0,10.0,10.0,N,458,,20,10.0,,,N,,,S,,S,,1,N,0,13,,N
2026,55054,55,PSICOLOGÍA,UNIVERSIDAD SANTO TOMAS,13,10,10,40,30,0,10.0,10.0,N,458,,90,20.0,,,N,,,S,,N,,0,N,0,2,,N
2026,55055,55,PSICOLOGÍA,UNIVERSIDAD SANTO TOMAS,13,10,10,40,30,0,10.0,10.0,N,458,,40,5.0,,,N,,,S,,N,,0,N,0,15,,N
2026,55056,55,PSICOLOGÍA,UNIVERSIDAD SANTO TOMAS,13,10,10,40,30,0,10.0,10.0,N,458,,90,17.0,,,N,,,S,,N,,0,N,0,8,,N
2026,55057,55,PSICOLOGÍA,UNIVERSIDAD SANTO TOMAS,13,10,10,40,30,0,10.0,10.0,N,458,,90,19.0,,,N,,,S,,N,,0,N,0,1,,N
2026,55058,55,PSICOLOGÍA,UNIVERSIDAD SANTO TOMAS,13,10,10,40,30,0,10.0,10.0,N,458,,90,19.0,,,N,,,S,,N,,0,N,0,4,,N
2026,55059,55,PSICOLOGÍA,UNIVERSIDAD SANTO TOMAS,13,10,10,40,30,0,10.0,10.0,N,458,,80,8.0,,,N,,,S,,N,,0,N,0,8,,N
2026,55061,55,PSICOLOGÍA,UNIVERSIDAD SANTO TOMAS,13,10,10,40,30,0,10.0,10.0,N,458,,45,6.0,,,N,,,S,,N,,0,N,0,10,,N
2026,55062,55,PSICOLOGÍA,UNIVERSIDAD SANTO TOMAS,13,10,10,40,30,0,10.0,10.0,N,458,,135,36.0,,,N,,,S,,N,,0,N,0,13,,N
2026,55063,55,PSICOLOGÍA,UNIVERSIDAD SANTO TOMAS,13,10,10,40,30,0,10.0,10.0,N,458,,90,31.0,,,N,,,S,,N,,0,N,0,7,,N
2026,55064,55,PSICOLOGÍA,UNIVERSIDAD SANTO TOMAS,13,10,10,40,30,0,10.0,10.0,N,458,,45,9.0,,,N,,,S,,N,,0,N,0,9,,N
2026,55065,55,PSICOLOGÍA,UNIVERSIDAD SANTO TOMAS,13,10,10,40,30,0,10.0,10.0,N,458,,90,14.0,,,N,,,S,,N,,0,N,0,5,,N
2026,55066,55,TECNOLOGÍA MÉDICA,UNIVERSIDAD SANTO TOMAS,13,10,10,35,35,0,10.0,10.0,N,458,,35,3.0,,,N,,,S,,N,,0,N,0,1,,N
2026,55067,55,TECNOLOGÍA MÉDICA,UNIVERSIDAD SANTO TOMAS,13,10,10,35,35,0,10.0,10.0,N,458,,35,7.0,,,N,,,S,,N,,0,N,0,4,,N
2026,55069,55,TECNOLOGÍA MÉDICA,UNIVERSIDAD SANTO TOMAS,13,10,10,35,35,0,10.0,10.0,N,458,,40,3.0,,,N,,,S,,N,,0,N,0,10,,N
2026,55070,55,TECNOLOGÍA MÉDICA,UNIVERSIDAD SANTO TOMAS,13,10,10,35,35,0,10.0,10.0,N,458,,90,18.0,,,N,,,S,,N,,0,N,0,13,,N
2026,55071,55,TECNOLOGÍA MÉDICA,UNIVERSIDAD SANTO TOMAS,13,10,10,35,35,0,10.0,10.0,N,458,,40,12.0,,,N,,,S,,N,,0,N,0,9,,N
2026,55072,55,TECNOLOGÍA MÉDICA,UNIVERSIDAD SANTO TOMAS,13,10,10,35,35,0,10.0,10.0,N,458,,35,8.0,,,N,,,S,,N,,0,N,0,5,,N
2026,55074,55,TERAPIA OCUPACIONAL,UNIVERSIDAD SANTO TOMAS,13,10,10,40,30,0,10.0,10.0,N,458,,45,6.0,,,N,,,S,,N,,0,N,0,8,,N
2026,55075,55,TERAPIA OCUPACIONAL,UNIVERSIDAD SANTO TOMAS,13,10,10,40,30,0,10.0,10.0,N,458,,40,4.0,,,N,,,S,,N,,0,N,0,1,,N
2026,55076,55,TERAPIA OCUPACIONAL,UNIVERSIDAD SANTO TOMAS,13,10,10,40,30,0,10.0,10.0,N,458,,40,5.0,,,N,,,S,,N,,0,N,0,4,,N
2026,55077,55,TERAPIA OCUPACIONAL,UNIVERSIDAD SANTO TOMAS,13,10,10,40,30,0,10.0,10.0,N,458,,40,2.0,,,N,,,S,,N,,0,N,0,8,,N
2026,55079,55,TERAPIA OCUPACIONAL,UNIVERSIDAD SANTO TOMAS,13,10,10,40,30,0,10.0,10.0,N,458,,35,2.0,,,N,,,S,,N,,0,N,0,10,,N
2026,55080,55,TERAPIA OCUPACIONAL,UNIVERSIDAD SANTO TOMAS,13,10,10,40,30,0,10.0,10.0,N,458,,45,6.0,,,N,,,S,,N,,0,N,0,13,,N
2026,55081,55,TERAPIA OCUPACIONAL,UNIVERSIDAD SANTO TOMAS,13,10,10,40,30,0,10.0,10.0,N,458,,35,8.0,,,N,,,S,,N,,0,N,0,9,,N
2026,55082,55,TERAPIA OCUPACIONAL,UNIVERSIDAD SANTO TOMAS,13,10,10,40,30,0,10.0,10.0,N,458,,35,5.0,,,N,,,S,,N,,0,N,0,14,,N
2026,55083,55,TERAPIA OCUPACIONAL,UNIVERSIDAD SANTO TOMAS,13,10,10,40,30,0,10.0,10.0,N,458,,45,4.0,,,N,,,S,,N,,0,N,0,5,,N
2026,55084,55,TRABAJO SOCIAL,UNIVERSIDAD SANTO TOMAS,13,10,10,50,20,0,10.0,10.0,N,458,,45,16.0,,,N,,,S,,N,,0,N,0,4,,N
2026,55085,55,TRABAJO SOCIAL,UNIVERSIDAD SANTO TOMAS,13,10,10,50,20,0,10.0,10.0,N,458,,35,11.0,,,N,,,S,,N,,0,N,0,8,,N
2026,55086,55,TRABAJO SOCIAL,UNIVERSIDAD SANTO TOMAS,13,10,10,50,20,0,10.0,10.0,N,458,,40,8.0,,,N,,,S,,N,,0,N,0,13,,N
2026,55088,55,INGENIERÍA CIVIL INDUSTRIAL,UNIVERSIDAD SANTO TOMAS,13,10,10,10,50,10,10.0,10.0,S,458,,43,8.0,,,N,,,S,,N,,0,N,0,13,5.0,S
2026,55089,55,GEOLOGÍA,UNIVERSIDAD SANTO TOMAS,13,10,20,10,50,0,10.0,10.0,N,458,,35,8.0,,,N,,,S,,N,,0,N,0,13,5.0,S
2026,55090,55,BIOTECNOLOGÍA,UNIVERSIDAD SANTO TOMAS,13,20,30,10,20,0,20.0,20.0,N,458,,35,13.0,,,N,,,S,,N,,0,N,0,13,5.0,S
2026,55091,55,CONTADOR PÚBLICO Y AUDITOR,UNIVERSIDAD SANTO TOMAS,13,20,30,10,30,0,10.0,10.0,N,458,,40,15.0,,,N,,,S,,N,,0,N,0,13,,N
2026,55092,55,DERECHO,UNIVERSIDAD SANTO TOMAS,13,10,10,40,20,0,20.0,20.0,N,458,,40,10.0,,,N,,,S,,N,,0,N,0,8,,N
2026,55093,55,EDUCACIÓN DIFERENCIAL,UNIVERSIDAD SANTO TOMAS,13,10,30,25,25,0,10.0,10.0,N,458,,20,10.0,,,N,,,S,,S,,1,N,0,4,,N
2026,55094,55,EDUCACIÓN DIFERENCIAL,UNIVERSIDAD SANTO TOMAS,13,10,30,25,25,0,10.0,10.0,N,458,,20,10.0,,,N,,,S,,S,,1,N,0,13,,N
2026,55095,55,FONOAUDIOLOGÍA,UNIVERSIDAD SANTO TOMAS,13,10,10,35,35,0,10.0,10.0,N,458,,32,8.0,,,N,,,S,,N,,0,N,0,13,,N
2026,55097,55,FONOAUDIOLOGÍA,UNIVERSIDAD SANTO TOMAS,13,10,10,35,35,0,10.0,10.0,N,458,,32,9.0,,,N,,,S,,N,,0,N,0,8,,N
2026,55099,55,INGENIERÍA CIVIL EN MINAS,UNIVERSIDAD SANTO TOMAS,13,10,10,10,50,10,10.0,10.0,S,458,,45,5.0,,,N,,,S,,N,,0,N,0,13,5.0,S
2026,55100,55,INGENIERÍA COMERCIAL,UNIVERSIDAD SANTO TOMAS,13,10,10,30,40,0,10.0,10.0,N,458,,90,22.0,,,N,,,S,,N,,0,N,0,13,,N
2026,55101,55,INGENIERÍA COMERCIAL,UNIVERSIDAD SANTO TOMAS,13,10,10,30,40,0,10.0,10.0,N,458,,35,5.0,,,N,,,S,,N,,0,N,0,8,,N
2026,55103,55,KINESIOLOGÍA,UNIVERSIDAD SANTO TOMAS,13,10,10,35,35,0,10.0,10.0,N,458,,45,8.0,,,N,,,S,,N,,0,N,0,9,,N
2026,55104,55,KINESIOLOGÍA,UNIVERSIDAD SANTO TOMAS,13,10,10,35,35,0,10.0,10.0,N,458,,45,2.0,,,N,,,S,,N,,0,N,0,10,,N
2026,55105,55,KINESIOLOGÍA,UNIVERSIDAD SANTO TOMAS,13,10,10,35,35,0,10.0,10.0,N,458,,35,6.0,,,N,,,S,,N,,0,N,0,14,,N
2026,55107,55,NUTRICIÓN Y DIETÉTICA,UNIVERSIDAD SANTO TOMAS,13,10,10,35,35,0,10.0,10.0,N,458,,35,17.0,,,N,,,S,,N,,0,N,0,8,,N
2026,55108,55,NUTRICIÓN Y DIETÉTICA,UNIVERSIDAD SANTO TOMAS,13,10,10,35,35,0,10.0,10.0,N,458,,35,10.0,,,N,,,S,,N,,0,N,0,9,,N
2026,55109,55,NUTRICIÓN Y DIETÉTICA,UNIVERSIDAD SANTO TOMAS,13,10,10,35,35,0,10.0,10.0,N,458,,35,3.0,,,N,,,S,,N,,0,N,0,10,,N
2026,55110,55,TECNOLOGÍA MÉDICA,UNIVERSIDAD SANTO TOMAS,13,10,10,35,35,0,10.0,10.0,N,458,,35,1.0,,,N,,,S,,N,,0,N,0,14,,N
2026,55111,55,TRABAJO SOCIAL,UNIVERSIDAD SANTO TOMAS,13,10,10,50,20,0,10.0,10.0,N,458,,40,13.0,,,N,,,S,,N,,0,N,0,5,,N
2026,55113,55,INGENIERÍA COMERCIAL,UNIVERSIDAD SANTO TOMAS,13,10,10,30,40,0,10.0,10.0,N,458,,45,22.0,,,N,,,S,,N,,0,N,0,7,,N
2026,55114,55,DERECHO,UNIVERSIDAD SANTO TOMAS,13,10,10,40,20,0,20.0,20.0,N,458,,40,2.0,,,N,,,S,,N,,0,N,0,10,,N
2026,55115,55,DERECHO,UNIVERSIDAD SANTO TOMAS,13,10,10,40,20,0,20.0,20.0,N,458,,40,7.0,,,N,,,S,,N,,0,N,0,14,,N
2026,55116,55,CIENCIAS DEL DEPORTE Y ACTIVIDAD FÍSICA,UNIVERSIDAD SANTO TOMAS,13,10,10,35,35,0,10.0,10.0,N,458,,45,25.0,,,N,,,S,,N,,0,N,0,7,,N
2026,55117,55,PSICOLOGÍA,UNIVERSIDAD SANTO TOMAS,13,10,10,40,30,0,10.0,10.0,N,458,,45,3.0,,,N,,,S,,N,,0,N,0,14,,N
2026,55118,55,FONOAUDIOLOGÍA,UNIVERSIDAD SANTO TOMAS,13,10,10,35,35,0,10.0,10.0,N,458,,32,7.0,,,N,,,S,,N,,0,N,0,5,,N
2026,55119,55,INGENIERÍA CIVIL INDUSTRIAL,UNIVERSIDAD SANTO TOMAS,13,10,10,10,50,10,10.0,10.0,S,458,,35,8.0,,,N,,,S,,N,,0,N,0,8,5.0,S
2026,55120,55,INGENIERÍA CIVIL INFORMÁTICA Y SISTEMAS INTELIGENTES,UNIVERSIDAD SANTO TOMAS,13,10,10,10,50,10,10.0,10.0,S,458,,90,26.0,,,N,,,S,,N,,0,N,0,13,10.0,S
2026,55121,55,TRABAJO SOCIAL,UNIVERSIDAD SANTO TOMAS,13,10,10,50,20,0,10.0,10.0,N,458,,35,8.0,,,N,,,S,,N,,0,N,0,15,,N
2026,55122,55,DERECHO,UNIVERSIDAD SANTO TOMAS,13,10,10,40,20,0,20.0,20.0,N,458,,45,10.0,,,N,,,S,,N,,0,N,0,9,,N
2026,55123,55,INGENIERÍA CIVIL INFORMÁTICA Y SISTEMAS INTELIGENTES,UNIVERSIDAD SANTO TOMAS,13,10,10,10,50,10,10.0,10.0,S,458,,35,12.0,,,N,,,S,,N,,0,N,0,8,5.0,S
2026,55124,55,GEOLOGÍA,UNIVERSIDAD SANTO TOMAS,13,10,20,10,50,0,10.0,10.0,N,458,,45,8.0,,,N,,,S,,N,,0,N,0,4,5.0,S
2026,55125,55,INGENIERÍA CIVIL EN MINAS,UNIVERSIDAD SANTO TOMAS,13,10,10,10,50,10,10.0,10.0,S,458,,45,10.0,,,N,,,S,,N,,0,N,0,4,5.0,S
2026,55126,55,PEDAGOGÍA EN EDUCACIÓN PARVULARIA,UNIVERSIDAD SANTO TOMAS,13,10,30,25,25,0,10.0,10.0,N,458,,20,10.0,,,N,,,S,,S,,1,N,0,13,,N
2026,55127,55,AGRONOMÍA,UNIVERSIDAD SANTO TOMAS,13,10,10,30,40,0,10.0,10.0,N,458,,40,10.0,,,N,,,S,,N,,0,N,0,7,,N
2026,55128,55,INGENIERÍA COMERCIAL,UNIVERSIDAD SANTO TOMAS,13,10,10,30,40,0,10.0,10.0,N,458,,35,8.0,,,N,,,S,,N,,0,N,0,15,,N
2026,55129,55,INGENIERÍA CIVIL INFORMÁTICA Y SISTEMAS INTELIGENTES,UNIVERSIDAD SANTO TOMAS,13,10,10,10,50,10,10.0,10.0,S,458,,45,8.0,,,N,,,S,,N,,0,N,0,4,5.0,S
2026,56102,56,AGRONOMÍA,UNIVERSIDAD DE LAS AMÉRICAS,13,30,40,10,10,0,10.0,10.0,N,458,,37,21.0,,,N,,,S,1.0,N,,0,N,0,13,,N
2026,56103,56,ANIMACIÓN DIGITAL,UNIVERSIDAD DE LAS AMÉRICAS,13,10,30,25,25,0,10.0,10.0,N,458,,170,32.0,,,N,,,S,1.0,N,,0,N,0,13,,N
2026,56104,56,ARQUITECTURA,UNIVERSIDAD DE LAS AMÉRICAS,13,10,30,25,25,0,10.0,10.0,N,458,,94,34.0,,,N,,,S,1.0,N,,0,N,0,13,,N
2026,56106,56,CONSTRUCCIÓN CIVIL,UNIVERSIDAD DE LAS AMÉRICAS,13,30,40,10,10,0,10.0,10.0,N,458,,45,22.0,,,N,,,S,1.0,N,,0,N,0,13,9.0,S
2026,56108,56,DERECHO,UNIVERSIDAD DE LAS AMÉRICAS,13,15,35,30,10,0,10.0,10.0,N,458,,80,25.0,,,N,,,S,1.0,N,,0,N,0,13,,N
2026,56110,56,ENFERMERÍA,UNIVERSIDAD DE LAS AMÉRICAS,13,10,30,25,25,0,10.0,10.0,N,458,,220,55.0,,,N,,,S,1.0,N,,0,N,0,13,,N
2026,56112,56,GASTRONOMÍA Y NEGOCIOS GASTRONÓMICOS,UNIVERSIDAD DE LAS AMÉRICAS,13,10,30,25,25,0,10.0,10.0,N,458,,70,35.0,,,N,,,S,1.0,N,,0,N,0,13,,N
2026,56114,56,INGENIERÍA COMERCIAL,UNIVERSIDAD DE LAS AMÉRICAS,13,10,30,25,25,0,10.0,10.0,N,458,,75,28.0,,,N,,,S,1.0,N,,0,N,0,13,,N
2026,56116,56,KINESIOLOGÍA,UNIVERSIDAD DE LAS AMÉRICAS,13,10,30,25,25,0,10.0,10.0,N,458,,120,25.0,,,N,,,S,1.0,N,,0,N,0,13,,N
2026,56117,56,LICENCIATURA EN CIENCIAS DE LA ACTIVIDAD FÍSICA,UNIVERSIDAD DE LAS AMÉRICAS,13,15,35,30,10,0,10.0,10.0,N,458,,60,20.0,,,N,,,S,1.0,N,,0,N,0,13,,N
2026,56118,56,MEDICINA VETERINARIA,UNIVERSIDAD DE LAS AMÉRICAS,13,10,30,25,25,0,10.0,10.0,N,458,,120,24.0,,,N,,,S,1.0,N,,0,N,0,13,,N
2026,56119,56,NUTRICIÓN Y DIETÉTICA,UNIVERSIDAD DE LAS AMÉRICAS,13,30,40,10,10,0,10.0,10.0,N,458,,61,22.0,,,N,,,S,1.0,N,,0,N,0,13,,N
2026,56124,56,PSICOLOGÍA,UNIVERSIDAD DE LAS AMÉRICAS,13,10,30,25,25,0,10.0,10.0,N,458,,140,35.0,,,N,,,S,1.0,N,,0,N,0,13,,N
2026,56125,56,TERAPIA OCUPACIONAL,UNIVERSIDAD DE LAS AMÉRICAS,13,10,30,25,25,0,10.0,10.0,N,458,,70,20.0,,,N,,,S,1.0,N,,0,N,0,13,,N
2026,56127,56,TRADUCCIÓN E INTERPRETACIÓN EN INGLÉS,UNIVERSIDAD DE LAS AMÉRICAS,13,10,30,25,25,0,10.0,10.0,N,458,,165,60.0,,,N,,,S,1.0,N,,0,N,0,13,,N
2026,56128,56,OBSTETRICIA Y PUERICULTURA,UNIVERSIDAD DE LAS AMÉRICAS,13,10,30,25,25,0,10.0,10.0,N,458,,120,28.0,,,N,,,S,1.0,N,,0,N,0,13,,N
2026,56129,56,DISEÑO,UNIVERSIDAD DE LAS AMÉRICAS,13,30,40,10,10,0,10.0,10.0,N,458,,51,35.0,,,N,,,S,1.0,N,,0,N,0,13,,N
2026,56201,56,ADMINISTRACIÓN PÚBLICA,UNIVERSIDAD DE LAS AMÉRICAS,13,30,40,10,10,0,10.0,10.0,N,458,,45,10.0,,,N,,,S,1.0,N,,0,N,0,13,,N
2026,56205,56,COMUNICACIÓN AUDIOVISUAL Y MULTIMEDIA,UNIVERSIDAD DE LAS AMÉRICAS,13,10,30,25,25,0,10.0,10.0,N,458,,75,25.0,,,N,,,S,1.0,N,,0,N,0,13,,N
2026,56207,56,CONTADOR AUDITOR,UNIVERSIDAD DE LAS AMÉRICAS,13,10,30,25,25,0,10.0,10.0,N,458,,67,38.0,,,N,,,S,1.0,N,,0,N,0,13,,N
2026,56208,56,DERECHO,UNIVERSIDAD DE LAS AMÉRICAS,13,15,35,30,10,0,10.0,10.0,N,458,,65,20.0,,,N,,,S,1.0,N,,0,N,0,13,,N
2026,56209,56,EDUCACIÓN PARVULARIA,UNIVERSIDAD DE LAS AMÉRICAS,13,20,40,20,10,0,10.0,10.0,N,458,,30,2.0,,,N,,,S,1.0,S,,1,N,0,13,,N
2026,56210,56,ENFERMERÍA,UNIVERSIDAD DE LAS AMÉRICAS,13,10,30,25,25,0,10.0,10.0,N,458,,280,93.0,,,N,,,S,1.0,N,,0,N,0,13,,N
2026,56211,56,FONOAUDIOLOGÍA,UNIVERSIDAD DE LAS AMÉRICAS,13,30,40,10,10,0,10.0,10.0,N,458,,35,15.0,,,N,,,S,1.0,N,,0,N,0,13,,N
2026,56213,56,INGENIERÍA CIVIL INDUSTRIAL,UNIVERSIDAD DE LAS AMÉRICAS,13,10,30,20,25,5,10.0,10.0,S,458,,75,12.0,,,N,,,S,1.0,N,,0,N,0,13,15.0,S
2026,56215,56,INGENIERÍA EN INFORMÁTICA,UNIVERSIDAD DE LAS AMÉRICAS,13,10,30,20,25,5,10.0,10.0,S,458,,90,24.0,,,N,,,S,1.0,N,,0,N,0,13,18.0,S
2026,56216,56,KINESIOLOGÍA,UNIVERSIDAD DE LAS AMÉRICAS,13,10,30,25,25,0,10.0,10.0,N,458,,120,35.0,,,N,,,S,1.0,N,,0,N,0,13,,N
2026,56218,56,MEDICINA VETERINARIA,UNIVERSIDAD DE LAS AMÉRICAS,13,10,30,25,25,0,10.0,10.0,N,458,,144,38.0,,,N,,,S,1.0,N,,0,N,0,13,,N
2026,56219,56,NUTRICIÓN Y DIETÉTICA,UNIVERSIDAD DE LAS AMÉRICAS,13,30,40,10,10,0,10.0,10.0,N,458,,75,30.0,,,N,,,S,1.0,N,,0,N,0,13,,N
2026,56220,56,PEDAGOGÍA EN EDUCACIÓN BÁSICA,UNIVERSIDAD DE LAS AMÉRICAS,13,20,40,20,10,0,10.0,10.0,N,458,,27,13.0,,,N,,,S,1.0,S,,1,N,0,13,,N
2026,56221,56,PEDAGOGÍA EN EDUCACIÓN DIFERENCIAL,UNIVERSIDAD DE LAS AMÉRICAS,13,20,40,20,10,0,10.0,10.0,N,458,,27,8.0,,,N,,,S,1.0,S,,1,N,0,13,,N
2026,56222,56,PEDAGOGÍA EN EDUCACIÓN FÍSICA,UNIVERSIDAD DE LAS AMÉRICAS,13,20,40,20,10,0,10.0,10.0,N,458,,25,27.0,,,N,,,S,1.0,S,,1,N,0,13,,N
2026,56223,56,PERIODISMO,UNIVERSIDAD DE LAS AMÉRICAS,13,30,40,10,10,0,10.0,10.0,N,458,,40,20.0,,,N,,,S,1.0,N,,0,N,0,13,,N
2026,56224,56,PSICOLOGÍA,UNIVERSIDAD DE LAS AMÉRICAS,13,10,30,25,25,0,10.0,10.0,N,458,,200,55.0,,,N,,,S,1.0,N,,0,N,0,13,,N
2026,56226,56,TRABAJO SOCIAL,UNIVERSIDAD DE LAS AMÉRICAS,13,30,40,10,10,0,10.0,10.0,N,458,,30,8.0,,,N,,,S,1.0,N,,0,N,0,13,,N
2026,56310,56,ENFERMERÍA,UNIVERSIDAD DE LAS AMÉRICAS,13,10,30,25,25,0,10.0,10.0,N,458,,200,35.0,,,N,,,S,1.0,N,,0,N,0,13,,N
2026,56314,56,INGENIERÍA COMERCIAL,UNIVERSIDAD DE LAS AMÉRICAS,13,30,40,10,10,0,10.0,10.0,N,458,,67,30.0,,,N,,,S,1.0,N,,0,N,0,13,,N
2026,56316,56,KINESIOLOGÍA,UNIVERSIDAD DE LAS AMÉRICAS,13,10,30,25,25,0,10.0,10.0,N,458,,96,22.0,,,N,,,S,1.0,N,,0,N,0,13,,N
2026,56318,56,MEDICINA VETERINARIA,UNIVERSIDAD DE LAS AMÉRICAS,13,10,30,25,25,0,10.0,10.0,N,458,,96,18.0,,,N,,,S,1.0,N,,0,N,0,13,,N
2026,56324,56,PSICOLOGÍA,UNIVERSIDAD DE LAS AMÉRICAS,13,10,30,25,25,0,10.0,10.0,N,458,,120,34.0,,,N,,,S,1.0,N,,0,N,0,13,,N
2026,56410,56,ENFERMERÍA,UNIVERSIDAD DE LAS AMÉRICAS,13,10,30,25,25,0,10.0,10.0,N,458,,120,40.0,,,N,,,S,1.0,N,,0,N,0,13,,N
2026,56416,56,KINESIOLOGÍA,UNIVERSIDAD DE LAS AMÉRICAS,13,10,30,25,25,0,10.0,10.0,N,458,,84,26.0,,,N,,,S,1.0,N,,0,N,0,13,,N
2026,56418,56,MEDICINA VETERINARIA,UNIVERSIDAD DE LAS AMÉRICAS,13,10,30,25,25,0,10.0,10.0,N,458,,72,12.0,,,N,,,S,1.0,N,,0,N,0,13,,N
2026,56424,56,PSICOLOGÍA,UNIVERSIDAD DE LAS AMÉRICAS,13,10,30,25,25,0,10.0,10.0,N,458,,126,13.0,,,N,,,S,1.0,N,,0,N,0,13,,N
2026,56508,56,DERECHO,UNIVERSIDAD DE LAS AMÉRICAS,13,15,35,30,10,0,10.0,10.0,N,458,,80,20.0,,,N,,,S,1.0,N,,0,N,0,5,,N
2026,56510,56,ENFERMERÍA,UNIVERSIDAD DE LAS AMÉRICAS,13,10,30,25,25,0,10.0,10.0,N,458,,120,25.0,,,N,,,S,1.0,N,,0,N,0,5,,N
2026,56511,56,FONOAUDIOLOGÍA,UNIVERSIDAD DE LAS AMÉRICAS,13,30,40,10,10,0,10.0,10.0,N,458,,30,10.0,,,N,,,S,1.0,N,,0,N,0,5,,N
2026,56514,56,INGENIERÍA COMERCIAL,UNIVERSIDAD DE LAS AMÉRICAS,13,30,40,10,10,0,10.0,10.0,N,458,,45,10.0,,,N,,,S,1.0,N,,0,N,0,5,,N
2026,56516,56,KINESIOLOGÍA,UNIVERSIDAD DE LAS AMÉRICAS,13,10,30,25,25,0,10.0,10.0,N,458,,100,25.0,,,N,,,S,1.0,N,,0,N,0,5,,N
2026,56518,56,MEDICINA VETERINARIA,UNIVERSIDAD DE LAS AMÉRICAS,13,10,30,25,25,0,10.0,10.0,N,458,,110,22.0,,,N,,,S,1.0,N,,0,N,0,5,,N
2026,56519,56,NUTRICIÓN Y DIETÉTICA,UNIVERSIDAD DE LAS AMÉRICAS,13,10,30,25,25,0,10.0,10.0,N,458,,40,18.0,,,N,,,S,1.0,N,,0,N,0,5,,N
2026,56524,56,PSICOLOGÍA,UNIVERSIDAD DE LAS AMÉRICAS,13,10,30,25,25,0,10.0,10.0,N,458,,110,28.0,,,N,,,S,1.0,N,,0,N,0,5,,N
2026,56525,56,TERAPIA OCUPACIONAL,UNIVERSIDAD DE LAS AMÉRICAS,13,10,30,25,25,0,10.0,10.0,N,458,,59,7.0,,,N,,,S,1.0,N,,0,N,0,5,,N
2026,56527,56,TRADUCCIÓN E INTERPRETACIÓN EN INGLÉS,UNIVERSIDAD DE LAS AMÉRICAS,13,15,35,30,10,0,10.0,10.0,N,458,,43,12.0,,,N,,,S,1.0,N,,0,N,0,5,,N
2026,56528,56,OBSTETRICIA Y PUERICULTURA,UNIVERSIDAD DE LAS AMÉRICAS,13,10,30,25,25,0,10.0,10.0,N,458,,60,15.0,,,N,,,S,1.0,N,,0,N,0,5,,N
2026,56608,56,DERECHO,UNIVERSIDAD DE LAS AMÉRICAS,13,25,40,15,10,0,10.0,10.0,N,458,,75,16.0,,,N,,,S,1.0,N,,0,N,0,8,,N
2026,56610,56,ENFERMERÍA,UNIVERSIDAD DE LAS AMÉRICAS,13,10,30,25,25,0,10.0,10.0,N,458,,96,30.0,,,N,,,S,1.0,N,,0,N,0,8,,N
2026,56611,56,FONOAUDIOLOGÍA,UNIVERSIDAD DE LAS AMÉRICAS,13,30,40,10,10,0,10.0,10.0,N,458,,36,10.0,,,N,,,S,1.0,N,,0,N,0,8,,N
2026,56614,56,INGENIERÍA COMERCIAL,UNIVERSIDAD DE LAS AMÉRICAS,13,30,40,10,10,0,10.0,10.0,N,458,,30,15.0,,,N,,,S,1.0,N,,0,N,0,8,,N
2026,56616,56,KINESIOLOGÍA,UNIVERSIDAD DE LAS AMÉRICAS,13,10,30,25,25,0,10.0,10.0,N,458,,134,36.0,,,N,,,S,1.0,N,,0,N,0,8,,N
2026,56618,56,MEDICINA VETERINARIA,UNIVERSIDAD DE LAS AMÉRICAS,13,10,30,35,15,0,10.0,10.0,N,458,,110,44.0,,,N,,,S,1.0,N,,0,N,0,8,,N
2026,56619,56,NUTRICIÓN Y DIETÉTICA,UNIVERSIDAD DE LAS AMÉRICAS,13,30,40,10,10,0,10.0,10.0,N,458,,52,23.0,,,N,,,S,1.0,N,,0,N,0,8,,N
2026,56624,56,PSICOLOGÍA,UNIVERSIDAD DE LAS AMÉRICAS,13,10,30,25,25,0,10.0,10.0,N,458,,133,34.0,,,N,,,S,1.0,N,,0,N,0,8,,N
2026,56625,56,TERAPIA OCUPACIONAL,UNIVERSIDAD DE LAS AMÉRICAS,13,30,40,10,10,0,10.0,10.0,N,458,,66,23.0,,,N,,,S,1.0,N,,0,N,0,8,,N
2026,56627,56,TRADUCCIÓN E INTERPRETACIÓN EN INGLÉS,UNIVERSIDAD DE LAS AMÉRICAS,13,10,30,25,25,0,10.0,10.0,N,458,,50,16.0,,,N,,,S,1.0,N,,0,N,0,8,,N
2026,56702,56,AGRONOMÍA,UNIVERSIDAD DE LAS AMÉRICAS,13,30,40,10,10,0,10.0,10.0,N,458,,35,10.0,,,N,,,S,1.0,N,,0,N,0,13,,N
2026,56718,56,MEDICINA VETERINARIA,UNIVERSIDAD DE LAS AMÉRICAS,13,10,30,25,25,0,10.0,10.0,N,458,,110,26.0,,,N,,,S,1.0,N,,0,N,0,13,,N
2026,58001,58,AGRONOMÍA,UNIVERSIDAD ADVENTISTA DE CHILE,16,30,40,10,10,0,10.0,10.0,N,458,,12,15.0,,,N,,,S,5.0,N,,0,N,0,16,,N
2026,58004,58,INGENIERÍA COMERCIAL,UNIVERSIDAD ADVENTISTA DE CHILE,16,30,40,10,10,0,10.0,10.0,N,458,,32,15.0,,,N,,,S,5.0,N,,0,N,0,16,,N
2026,58013,58,PEDAGOGÍA EN EDUCACIÓN GENERAL BÁSICA,UNIVERSIDAD ADVENTISTA DE CHILE,16,30,40,10,10,0,10.0,10.0,N,458,,20,10.0,,,N,,,S,5.0,S,,1,N,0,16,,N
2026,58017,58,PEDAGOGÍA EN INGLÉS,UNIVERSIDAD ADVENTISTA DE CHILE,16,30,40,10,10,0,10.0,10.0,N,458,,12,7.0,,,N,,,S,5.0,S,,1,N,0,16,,N
2026,58019,58,PEDAGOGÍA EN MÚSICA MENCIÓN EDUCACIÓN EXTRAESCOLAR,UNIVERSIDAD ADVENTISTA DE CHILE,16,30,40,10,10,0,10.0,10.0,N,458,,30,5.0,,,N,,,S,5.0,S,,1,N,0,16,,N
2026,58020,58,EDUCACIÓN PARVULARIA,UNIVERSIDAD ADVENTISTA DE CHILE,16,30,40,10,10,0,10.0,10.0,N,458,,12,11.0,,,N,,,S,5.0,S,,1,N,0,16,,N
2026,58023,58,TRABAJO SOCIAL,UNIVERSIDAD ADVENTISTA DE CHILE,16,30,40,10,10,0,10.0,10.0,N,458,,15,20.0,,,N,,,S,5.0,N,,0,N,0,16,,N
2026,58029,58,INGENIERÍA CIVIL EN INFORMÁTICA,UNIVERSIDAD ADVENTISTA DE CHILE,16,25,40,10,10,5,10.0,10.0,S,458,,22,12.0,,,N,,,S,5.0,N,,0,N,0,16,4.0,S
2026,58036,58,ENFERMERÍA,UNIVERSIDAD ADVENTISTA DE CHILE,16,30,40,10,10,0,10.0,10.0,N,458,,65,5.0,,,N,,,S,5.0,N,,0,N,0,16,,N
2026,58041,58,PEDAGOGÍA EN EDUCACIÓN FÍSICA,UNIVERSIDAD ADVENTISTA DE CHILE,16,30,40,10,10,0,10.0,10.0,N,458,,25,10.0,,,N,,,S,5.0,S,,1,N,0,16,,N
2026,58113,58,PSICOLOGÍA,UNIVERSIDAD ADVENTISTA DE CHILE,16,30,40,10,10,0,10.0,10.0,N,458,,100,20.0,,,N,,,S,5.0,N,,0,N,0,16,,N
2026,58138,58,PEDAGOGÍA EN EDUCACIÓN DIFERENCIAL MENCIÓN DIFICULTADES ESPECÍFICAS DEL APRENDIZAJE,UNIVERSIDAD ADVENTISTA DE CHILE,16,30,40,10,10,0,10.0,10.0,N,458,,20,12.0,,,N,,,S,5.0,S,,1,N,0,16,,N
2026,58148,58,INGENIERÍA CIVIL INDUSTRIAL,UNIVERSIDAD ADVENTISTA DE CHILE,16,25,40,10,10,5,10.0,10.0,S,458,,23,15.0,,,N,,,S,5.0,N,,0,N,0,16,4.0,S
2026,58149,58,OBSTETRICIA Y PUERICULTURA,UNIVERSIDAD ADVENTISTA DE CHILE,16,30,40,10,10,0,10.0,10.0,N,458,,50,5.0,,,N,,,S,5.0,N,,0,N,0,16,,N
2026,58150,58,NUTRICIÓN Y DIETÉTICA,UNIVERSIDAD ADVENTISTA DE CHILE,16,30,40,10,10,0,10.0,10.0,N,458,,40,15.0,,,N,,,S,5.0,N,,0,N,0,16,,N
2026,58166,58,TERAPIA OCUPACIONAL,UNIVERSIDAD ADVENTISTA DE CHILE,16,30,40,10,10,0,10.0,10.0,N,458,,50,6.0,,,N,,,S,5.0,N,,0,N,0,16,,N
2026,58182,58,DERECHO,UNIVERSIDAD ADVENTISTA DE CHILE,16,30,40,10,10,0,10.0,10.0,N,458,,45,16.0,,,N,,,S,5.0,N,,0,N,0,16,,N
2026,58202,58,QUÍMICA Y FARMACIA,UNIVERSIDAD ADVENTISTA DE CHILE,16,25,40,10,10,0,15.0,15.0,N,458,,50,6.0,,,N,,,S,5.0,N,,0,N,0,16,,N
2026,59001,59,ANIMACIÓN DIGITAL,UNIVERSIDAD VIÑA DEL MAR,5,30,40,10,10,0,10.0,10.0,N,458,,40,13.0,,,N,,,S,3.0,N,,0,N,0,5,,N
2026,59002,59,ARQUITECTURA,UNIVERSIDAD VIÑA DEL MAR,5,30,40,10,10,0,10.0,10.0,N,458,,40,13.0,,,N,,,S,3.0,N,,0,N,0,5,,N
2026,59003,59,BIOQUÍMICA,UNIVERSIDAD VIÑA DEL MAR,5,30,40,10,10,0,10.0,10.0,N,458,,30,10.0,,,N,,,S,3.0,N,,0,N,0,5,6.0,S
2026,59004,59,DERECHO,UNIVERSIDAD VIÑA DEL MAR,5,30,40,10,10,0,10.0,10.0,N,458,,90,30.0,,,N,,,S,3.0,N,,0,N,0,5,,N
2026,59005,59,DISEÑO,UNIVERSIDAD VIÑA DEL MAR,5,30,40,10,10,0,10.0,10.0,N,458,,30,10.0,,,N,,,S,3.0,N,,0,N,0,5,,N
2026,59006,59,EDUCACIÓN PARVULARIA,UNIVERSIDAD VIÑA DEL MAR,5,30,40,10,10,0,10.0,10.0,N,458,,30,10.0,,,N,,,S,3.0,S,,1,N,0,5,,N
2026,59007,59,ENFERMERÍA,UNIVERSIDAD VIÑA DEL MAR,5,30,40,10,10,0,10.0,10.0,N,458,,160,16.0,,,N,,,S,3.0,N,,0,N,0,5,,N
2026,59008,59,ENTRENADOR DEPORTIVO,UNIVERSIDAD VIÑA DEL MAR,5,30,40,10,10,0,10.0,10.0,N,458,,40,13.0,,,N,,,S,3.0,N,,0,N,0,5,,N
2026,59009,59,INGENIERÍA CIVIL INDUSTRIAL,UNIVERSIDAD VIÑA DEL MAR,5,30,35,10,10,5,10.0,10.0,S,458,,40,13.0,,,N,,,S,3.0,N,,0,N,0,5,8.0,S
2026,59010,59,INGENIERÍA CIVIL INFORMÁTICA,UNIVERSIDAD VIÑA DEL MAR,5,30,35,10,10,5,10.0,10.0,S,458,,40,13.0,,,N,,,S,3.0,N,,0,N,0,5,8.0,S
2026,59011,59,INGENIERÍA COMERCIAL,UNIVERSIDAD VIÑA DEL MAR,5,30,40,10,10,0,10.0,10.0,N,458,,40,13.0,,,N,,,S,3.0,N,,0,N,0,5,,N
2026,59012,59,INGENIERÍA EN GESTIÓN DE NEGOCIOS INTERNACIONALES,UNIVERSIDAD VIÑA DEL MAR,5,30,40,10,10,0,10.0,10.0,N,458,,40,13.0,,,N,,,S,3.0,N,,0,N,0,5,,N
2026,59013,59,KINESIOLOGÍA,UNIVERSIDAD VIÑA DEL MAR,5,30,40,10,10,0,10.0,10.0,N,458,,90,23.0,,,N,,,S,3.0,N,,0,N,0,5,,N
2026,59014,59,MEDICINA VETERINARIA,UNIVERSIDAD VIÑA DEL MAR,5,30,40,10,10,0,10.0,10.0,N,458,,140,14.0,,,N,,,S,3.0,N,,0,N,0,5,,N
2026,59015,59,NUTRICIÓN Y DIETÉTICA,UNIVERSIDAD VIÑA DEL MAR,5,30,40,10,10,0,10.0,10.0,N,458,,30,10.0,,,N,,,S,3.0,N,,0,N,0,5,,N
2026,59016,59,OBSTETRICIA,UNIVERSIDAD VIÑA DEL MAR,5,30,40,10,10,0,10.0,10.0,N,458,,160,24.0,,,N,,,S,3.0,N,,0,N,0,5,,N
2026,59017,59,ODONTOLOGÍA,UNIVERSIDAD VIÑA DEL MAR,5,30,40,10,10,0,10.0,10.0,N,458,,140,14.0,,,N,,,S,3.0,N,,0,N,0,5,,N
2026,59018,59,PSICOLOGÍA,UNIVERSIDAD VIÑA DEL MAR,5,30,40,10,10,0,10.0,10.0,N,458,,245,29.0,,,N,,,S,3.0,N,,0,N,0,5,,N
2026,59019,59,QUÍMICA Y FARMACIA,UNIVERSIDAD VIÑA DEL MAR,5,30,40,10,10,0,10.0,10.0,N,458,,70,14.0,,,N,,,S,3.0,N,,0,N,0,5,,N
2026,59020,59,TECNOLOGÍA MÉDICA,UNIVERSIDAD VIÑA DEL MAR,5,30,40,10,10,0,10.0,10.0,N,458,,40,6.0,,,N,,,S,3.0,N,,0,N,0,5,,N
2026,59021,59,TERAPIA OCUPACIONAL,UNIVERSIDAD VIÑA DEL MAR,5,30,40,10,10,0,10.0,10.0,N,458,,40,13.0,,,N,,,S,3.0,N,,0,N,0,5,,N
2026,60002,60,DERECHO,UNIVERSIDAD DEL ALBA,13,30,40,10,10,0,10.0,10.0,N,458,,35,11.0,,,N,,,S,,N,,0,N,0,4,,N
2026,60003,60,DERECHO,UNIVERSIDAD DEL ALBA,13,30,40,10,10,0,10.0,10.0,N,458,,25,8.0,,,N,,,S,,N,,0,N,0,13,,N
2026,60004,60,DERECHO,UNIVERSIDAD DEL ALBA,13,30,40,10,10,0,10.0,10.0,N,458,,30,9.0,,,N,,,S,,N,,0,N,0,16,,N
2026,60005,60,PSICOLOGÍA,UNIVERSIDAD DEL ALBA,13,30,40,10,10,0,10.0,10.0,N,458,,55,11.0,,,N,,,S,,N,,0,N,0,2,,N
2026,60006,60,PSICOLOGÍA,UNIVERSIDAD DEL ALBA,13,30,40,10,10,0,10.0,10.0,N,458,,85,17.0,,,N,,,S,,N,,0,N,0,4,,N
2026,60007,60,PSICOLOGÍA,UNIVERSIDAD DEL ALBA,13,30,40,10,10,0,10.0,10.0,N,458,,45,9.0,,,N,,,S,,N,,0,N,0,13,,N
2026,60008,60,PSICOLOGÍA,UNIVERSIDAD DEL ALBA,13,30,40,10,10,0,10.0,10.0,N,458,,40,8.0,,,N,,,S,,N,,0,N,0,16,,N
2026,60081,60,ENFERMERÍA,UNIVERSIDAD DEL ALBA,13,30,40,10,10,0,10.0,10.0,N,458,,70,14.0,,,N,,,S,,N,,0,N,0,2,,N
2026,60082,60,ENFERMERÍA,UNIVERSIDAD DEL ALBA,13,30,40,10,10,0,10.0,10.0,N,458,,100,20.0,,,N,,,S,,N,,0,N,0,4,,N
2026,60083,60,ENFERMERÍA,UNIVERSIDAD DEL ALBA,13,30,40,10,10,0,10.0,10.0,N,458,,60,12.0,,,N,,,S,,N,,0,N,0,13,,N
2026,60084,60,ENFERMERÍA,UNIVERSIDAD DEL ALBA,13,30,40,10,10,0,10.0,10.0,N,458,,70,14.0,,,N,,,S,,N,,0,N,0,16,,N
2026,60089,60,KINESIOLOGÍA,UNIVERSIDAD DEL ALBA,13,30,40,10,10,0,10.0,10.0,N,458,,40,8.0,,,N,,,S,,N,,0,N,0,2,,N
2026,60090,60,KINESIOLOGÍA,UNIVERSIDAD DEL ALBA,13,30,40,10,10,0,10.0,10.0,N,458,,60,12.0,,,N,,,S,,N,,0,N,0,4,,N
2026,60091,60,KINESIOLOGÍA,UNIVERSIDAD DEL ALBA,13,30,40,10,10,0,10.0,10.0,N,458,,25,5.0,,,N,,,S,,N,,0,N,0,13,,N
2026,60092,60,KINESIOLOGÍA,UNIVERSIDAD DEL ALBA,13,30,40,10,10,0,10.0,10.0,N,458,,70,14.0,,,N,,,S,,N,,0,N,0,16,,N
2026,60094,60,MEDICINA,UNIVERSIDAD DEL ALBA,13,30,40,10,10,0,10.0,10.0,N,458,,50,8.0,,,N,,,S,,N,,0,N,0,4,,N
2026,60095,60,MEDICINA,UNIVERSIDAD DEL ALBA,13,30,40,10,10,0,10.0,10.0,N,458,,70,11.0,,,N,,,S,,N,,0,N,0,13,,N
2026,60098,60,NUTRICIÓN Y DIETÉTICA,UNIVERSIDAD DEL ALBA,13,30,40,10,10,0,10.0,10.0,N,458,,25,10.0,,,N,,,S,,N,,0,N,0,4,,N
2026,60106,60,TECNOLOGÍA MÉDICA,UNIVERSIDAD DEL ALBA,13,30,40,10,10,0,10.0,10.0,N,458,,60,18.0,,,N,,,S,,N,,0,N,0,4,,N
2026,60107,60,TECNOLOGÍA MÉDICA,UNIVERSIDAD DEL ALBA,13,30,40,10,10,0,10.0,10.0,N,458,,20,6.0,,,N,,,S,,N,,0,N,0,13,,N
2026,60108,60,TECNOLOGÍA MÉDICA,UNIVERSIDAD DEL ALBA,13,30,40,10,10,0,10.0,10.0,N,458,,35,11.0,,,N,,,S,,N,,0,N,0,16,,N
2026,60109,60,TERAPIA OCUPACIONAL,UNIVERSIDAD DEL ALBA,13,30,40,10,10,0,10.0,10.0,N,458,,30,12.0,,,N,,,S,,N,,0,N,0,2,,N
2026,60112,60,TERAPIA OCUPACIONAL,UNIVERSIDAD DEL ALBA,13,30,40,10,10,0,10.0,10.0,N,458,,30,12.0,,,N,,,S,,N,,0,N,0,16,,N
2026,60164,60,AGRONOMÍA,UNIVERSIDAD DEL ALBA,13,30,40,10,10,0,10.0,10.0,N,458,,20,8.0,,,N,,,S,,N,,0,N,0,16,,N
2026,60165,60,MEDICINA VETERINARIA,UNIVERSIDAD DEL ALBA,13,30,40,10,10,0,10.0,10.0,N,458,,70,14.0,,,N,,,S,,N,,0,N,0,2,,N
2026,60166,60,MEDICINA VETERINARIA,UNIVERSIDAD DEL ALBA,13,30,40,10,10,0,10.0,10.0,N,458,,130,26.0,,,N,,,S,,N,,0,N,0,4,,N
2026,60167,60,MEDICINA VETERINARIA,UNIVERSIDAD DEL ALBA,13,30,40,10,10,0,10.0,10.0,N,458,,45,9.0,,,N,,,S,,N,,0,N,0,13,,N
2026,60168,60,MEDICINA VETERINARIA,UNIVERSIDAD DEL ALBA,13,30,40,10,10,0,10.0,10.0,N,458,,50,10.0,,,N,,,S,,N,,0,N,0,16,,N
2026,60246,60,INGENIERÍA CIVIL EN MINAS,UNIVERSIDAD DEL ALBA,13,30,35,10,10,5,10.0,10.0,S,458,,40,20.0,,,N,,,S,,N,,0,N,0,4,,S
2026,60250,60,INGENIERÍA CIVIL INDUSTRIAL,UNIVERSIDAD DEL ALBA,13,30,35,10,10,5,10.0,10.0,S,458,,35,18.0,,,N,,,S,,N,,0,N,0,4,,S
